Name,Critical_Temperature,Critical_Temp_unit,Critical_Pressure,Critical_pressure_unit,Critical_Volume,Critical_vol_unit,Critical_Compressibility,Boiling_point,Boiling_point_unit,Mol_wt,Liquid_volume_at_BP,Liquid_vol_unit_at_BP,AcentricityFactor,Heat_of_Formation,Heat_of_Formation_unit,Gibbs_Energy_Of_Formation,Gibbs_Energy_Of_Formation_unit,Heat_of_combustion,Heat_of_combustion_unit,Lq_Den_A,Lq_Den_B,Lq_Den_C,Lq_Den_D,Lq_Den_Tmin,Lq_Den_Tmax,Lq_Den_unit,Vap_P_A,Vap_P_B,Vap_P_C,Vap_P_D,Vap_P_E,Vap_P_Tmin,Vap_P_Tmax,Vap_P_unit,Liq_Cp_A,Liq_Cp_B,Liq_Cp_C,Liq_Cp_D,Liq_Cp_E,Liq_Cp_Tmin,Liq_Cp_Tmax,Liq_Cp_unit,Gas_Cp_A,Gas_Cp_B,Gas_Cp_C,Gas_Cp_D,Gas_Cp_E,Gas_Cp_Tmin,Gas_Cp_Tmax,Gas_Cp_unit,Liq_vis_A,Liq_vis_B,Liq_vis_C,Liq_vis_D,Liq_vis_E,Liq_vis_Tmin,Liq_vis_Tmax,Liq_vis_unit,Liq_Therm_con_A,Liq_Therm_con_B,Liq_Therm_con_C,Liq_Therm_con_D,Liq_Therm_con_E,Liq_Therm_con_Tmin,Liq_Therm_con_Tmax,Liq_Therm_con_unit,Vap_Therm_con_A,Vap_Therm_con_B,Vap_Therm_con_C,Vap_Therm_con_D,Vap_Therm_con_Tmin,Vap_Therm_con_Tmax,Vap_Therm_con_unit,Heat_of_vap_A,Heat_of_vap_B,Heat_of_vap_C,Heat_of_vap_D,Heat_of_vap_E,Heat_of_vap_Tmin,Heat_of_vap_Tmax,Heat_of_vap_unit
Air,132.45,K,3774000.0,Pa,0.09147,m3/kmol,0.313,78.67,K,28.96,0.0329147,m3/kmol,0.0,0.0,J/kmol,0.0,J/kmol,0.0,J/kmol,2.6731,0.25637,132.51,0.26788,59.15,132.5,kmol/m3,14.794,-599.85,1.0009,-3.99e-07,2.0,59.15,132.5,Pa,46085,-1304.5,21.195,-0.015382,3.31e-05,83.8,135,J/kmol/K,20786,0.0,0.0,0.0,0.0,50.0,1500,J/kmol/K,-99.903,1347.5,17.615,-0.00032893,2,84.1,150.0,Pa.s,-0.30397,-0.82999,-0.71462,-0.00039294,-1.22e-05,80.0,150.0,W/m/K,0.00013095,0.81923,-122.33,13993,90.0,2000,W/m/K,7.38565E+06,0.276676,0.211253,-0.836764,0.722737,59.15,132.45,J/kmol
Argon,150.86,K,4898000.0,Pa,0.07457,m3/kmol,0.291,87.27,K,39.948,0.0291,m3/kmol,-0.002,0.0,J/kmol,0.0,J/kmol,0.0,J/kmol,3.803,0.286,150.86,0.2984,83.78,150.86,kmol/m3,44.369,-1126.1,-4.5688,6.23e-05,2.0,78.65,150.86,Pa,46085,-1304.5,21.195,-0.015382,3.31e-05,83.8,135,J/kmol/K,20786,0.0,0.0,0.0,0.0,50.0,1500,J/kmol/K,-99.903,1347.5,17.615,-0.00032893,2,84.1,150.0,Pa.s,-0.30397,-0.82999,-0.71462,-0.00039294,-1.22e-05,80.0,150.0,W/m/K,0.00013095,0.81923,-122.33,13993,90.0,2000,W/m/K,7.981E+06,0.099752,0.32009,-0.11898,0.031141,83.78,147.33,J/kmol
Bromine,584.15,K,10300000.0,Pa,0.135,m3/kmol,0.286,331.9,K,159.808,0.0514795,m3/kmol,0.128997,30910000.0,J/kmol,3140000.0,J/kmol,0.0,J/kmol,2.0603,0.28982,584.15,0.28948,265.85,584.15,kmol/m3,63.657,-5321.6,-6.3199,5.44e-06,2.0,265.15,584.15,Pa,46085,-1304.5,21.195,-0.015382,3.31e-05,83.8,135,J/kmol/K,20786,0.0,0.0,0.0,0.0,50.0,1500,J/kmol/K,-99.903,1347.5,17.615,-0.00032893,2,84.1,150.0,Pa.s,-0.30397,-0.82999,-0.71462,-0.00039294,-1.22e-05,80.0,150.0,W/m/K,0.00013095,0.81923,-122.33,13993,90.0,2000,W/m/K,3.8419E+07,-0.26282,2.1808,-2.7529,1.1823,265.85,584.15,J/kmol
Carbon tetrachloride,556.3,K,4557000.0,Pa,0.276,m3/kmol,0.271,349.79,K,153.823,0.09707,m3/kmol,0.187,-95810000.0,J/kmol,-53540000.0,J/kmol,-265300000.0,J/kmol,1.0721,0.28328,556.3,0.30092,250.33,554.7,kmol/m3,82.671,-6304.2,-9.2247,7.44e-06,2.0,213.45,556.35,Pa,46085,-1304.5,21.195,-0.015382,3.31e-05,83.8,135,J/kmol/K,20786,0.0,0.0,0.0,0.0,50.0,1500,J/kmol/K,-99.903,1347.5,17.615,-0.00032893,2,84.1,150.0,Pa.s,-0.30397,-0.82999,-0.71462,-0.00039294,-1.22e-05,80.0,150.0,W/m/K,0.00013095,0.81923,-122.33,13993,90.0,2000,W/m/K,3.1764E+07,-1.5729,5.2158,-5.5259,2.1931,250.33,553.15,J/kmol
Carbon monoxide,132.85,K,3494000.0,Pa,0.0931,m3/kmol,0.292,81.66,K,28.0101,0.03488,m3/kmol,0.045,-110530000.0,J/kmol,-137150000.0,J/kmol,-283000000.0,J/kmol,2.2423,0.2437,132.93,0.24196,68.13,132.92,kmol/m3,42.283,-1035.1,-4.2012,6.25e-05,2.0,64.07,132.92,Pa,46085,-1304.5,21.195,-0.015382,3.31e-05,83.8,135,J/kmol/K,20786,0.0,0.0,0.0,0.0,50.0,1500,J/kmol/K,-99.903,1347.5,17.615,-0.00032893,2,84.1,150.0,Pa.s,-0.30397,-0.82999,-0.71462,-0.00039294,-1.22e-05,80.0,150.0,W/m/K,0.00013095,0.81923,-122.33,13993,90.0,2000,W/m/K,8.585E+06,0.4921,-0.326,0.2231,0,68.13,132.5,J/kmol
Carbon dioxide,304.21,K,7383000.0,Pa,0.094,m3/kmol,0.274,,,44.0095,0.0616782,m3/kmol,0.223621,-393510000.0,J/kmol,-394370000.0,J/kmol,0.0,J/kmol,2.768,0.26212,304.21,0.2908,216.58,304.21,kmol/m3,95.478,-4070.0,-12.07,2.95e-05,2.0,216.4,304.21,Pa,46085,-1304.5,21.195,-0.015382,3.31e-05,83.8,135,J/kmol/K,20786,0.0,0.0,0.0,0.0,50.0,1500,J/kmol/K,-99.903,1347.5,17.615,-0.00032893,2,84.1,150.0,Pa.s,-0.30397,-0.82999,-0.71462,-0.00039294,-1.22e-05,80.0,150.0,W/m/K,0.00013095,0.81923,-122.33,13993,90.0,2000,W/m/K,2.1092E+07,0.35366,-0.46134,0.43554,0.037671,216.58,304.21,J/kmol
Carbon disulfide,552.0,K,7900000.0,Pa,0.16,m3/kmol,0.275,319.375,K,76.1407,0.0606387,m3/kmol,0.110697,116900000.0,J/kmol,66800000.0,J/kmol,-1076900000.0,J/kmol,1.7976,0.28757,552.0,0.32269,161.11,552.0,kmol/m3,52.6204,-4546.02,-4.74425,4.88e-06,2.0,161.11,552.0,Pa,46085,-1304.5,21.195,-0.015382,3.31e-05,83.8,135,J/kmol/K,20786,0.0,0.0,0.0,0.0,50.0,1500,J/kmol/K,-99.903,1347.5,17.615,-0.00032893,2,84.1,150.0,Pa.s,-0.30397,-0.82999,-0.71462,-0.00039294,-1.22e-05,80.0,150.0,W/m/K,0.00013095,0.81923,-122.33,13993,90.0,2000,W/m/K,3.9758E+07,0.68679,0.18227,-1.7985,1.3658,161.11,552,J/kmol
Phosgene,455.0,K,5674200.0,Pa,0.19,m3/kmol,0.285,280.71,K,98.9161,0.0597955,m3/kmol,0.201309,-218900000.0,J/kmol,-204790000.0,J/kmol,-174600000.0,J/kmol,1.4691,0.2768,455.0,0.27965,145.37,438.7,kmol/m3,81.0357,-5112.11,-9.26705,1.2e-05,2.0,145.37,455.15,Pa,46085,-1304.5,21.195,-0.015382,3.31e-05,83.8,135,J/kmol/K,20786,0.0,0.0,0.0,0.0,50.0,1500,J/kmol/K,-99.903,1347.5,17.615,-0.00032893,2,84.1,150.0,Pa.s,-0.30397,-0.82999,-0.71462,-0.00039294,-1.22e-05,80.0,150.0,W/m/K,0.00013095,0.81923,-122.33,13993,90.0,2000,W/m/K,4.36725E+07,1.08182,-0.773774,-0.1937,0.317951,145.37,438.7,J/kmol
Trichloroacetyl chloride,604.0,K,4320000.0,Pa,0.3408,m3/kmol,0.293,391.15,K,181.833,0.112961,m3/kmol,0.282386,-239800000.0,J/kmol,-180000000.0,J/kmol,-506200000.0,J/kmol,0.76674,0.26122,604.0,0.28678,216.2,604.0,kmol/m3,174.962,-10592.7,-23.4562,2.38e-05,2.0,216.2,604.0,Pa,46085,-1304.5,21.195,-0.015382,3.31e-05,83.8,135,J/kmol/K,20786,0.0,0.0,0.0,0.0,50.0,1500,J/kmol/K,-99.903,1347.5,17.615,-0.00032893,2,84.1,150.0,Pa.s,-0.30397,-0.82999,-0.71462,-0.00039294,-1.22e-05,80.0,150.0,W/m/K,0.00013095,0.81923,-122.33,13993,90.0,2000,W/m/K,1.44933E+08,7.45895,-20.2051,23.0484,-9.79395,216.2,604,J/kmol
Hydrogen chloride,324.69,K,8310000.0,Pa,0.081,m3/kmol,0.249,188.15,K,36.4609,0.03028,m3/kmol,0.126,-92310000.0,J/kmol,-95300000.0,J/kmol,-28600000.0,J/kmol,2.3619,0.23301,324.69,0.25076,158.97,324.44,kmol/m3,138.256,-4825.25,-19.7367,6.51e-05,2.0,142.85,324.65,Pa,46085,-1304.5,21.195,-0.015382,3.31e-05,83.8,135,J/kmol/K,20786,0.0,0.0,0.0,0.0,50.0,1500,J/kmol/K,-99.903,1347.5,17.615,-0.00032893,2,84.1,150.0,Pa.s,-0.30397,-0.82999,-0.71462,-0.00039294,-1.22e-05,80.0,150.0,W/m/K,0.00013095,0.81923,-122.33,13993,90.0,2000,W/m/K,1.9563E+07,-0.79988,3.8907,-4.9768,2.2266,158.97,324.65,J/kmol
Chlorine,417.0,K,7700000.0,Pa,0.124,m3/kmol,0.275,239.12,K,70.906,0.04536,m3/kmol,0.073,0.0,J/kmol,0.0,J/kmol,0.0,J/kmol,1.8293,0.25,417.16,0.26753,172.12,417.15,kmol/m3,45.776,-3292.7,-3.7926,4.99e-06,2.0,169.02,417.15,Pa,46085,-1304.5,21.195,-0.015382,3.31e-05,83.8,135,J/kmol/K,20786,0.0,0.0,0.0,0.0,50.0,1500,J/kmol/K,-99.903,1347.5,17.615,-0.00032893,2,84.1,150.0,Pa.s,-0.30397,-0.82999,-0.71462,-0.00039294,-1.22e-05,80.0,150.0,W/m/K,0.00013095,0.81923,-122.33,13993,90.0,2000,W/m/K,2.9601E+07,0.77334,-1.0279,0.93368,-0.2926,172.12,416.75,J/kmol
Hydrogen iodide,423.85,K,8310000.0,Pa,0.1219,m3/kmol,0.287,237.55,K,127.912,0.0507575,m3/kmol,0.0380703,26500000.0,J/kmol,1716000.0,J/kmol,-116200000.0,J/kmol,0.29008,0.10272,423.85,0.12802,222.38,422.0,kmol/m3,48.208,-3309.5,-4.2202,5.89e-06,2.0,217.95,423.85,Pa,46085,-1304.5,21.195,-0.015382,3.31e-05,83.8,135,J/kmol/K,20786,0.0,0.0,0.0,0.0,50.0,1500,J/kmol/K,-99.903,1347.5,17.615,-0.00032893,2,84.1,150.0,Pa.s,-0.30397,-0.82999,-0.71462,-0.00039294,-1.22e-05,80.0,150.0,W/m/K,0.00013095,0.81923,-122.33,13993,90.0,2000,W/m/K,4.5057E+07,2.4036,-3.4166,1.5877,-0.0027034,222.38,416.26,J/kmol
Hydrogen,33.19,K,1313000.0,Pa,0.064147,m3/kmol,0.305,20.39,K,2.01588,0.0285681,m3/kmol,-0.215993,0.0,J/kmol,0.0,J/kmol,-241820000.0,J/kmol,2.9613,0.25981,33.19,0.19104,13.84,33.18,kmol/m3,13.05,-97.534,1.0355,0.00031816,2.0,13.08,33.19,Pa,46085,-1304.5,21.195,-0.015382,3.31e-05,83.8,135,J/kmol/K,20786,0.0,0.0,0.0,0.0,50.0,1500,J/kmol/K,-99.903,1347.5,17.615,-0.00032893,2,84.1,150.0,Pa.s,-0.30397,-0.82999,-0.71462,-0.00039294,-1.22e-05,80.0,150.0,W/m/K,0.00013095,0.81923,-122.33,13993,90.0,2000,W/m/K,1.5347E+06,3.214,-8.4567,8.4646,-2.8057,13.95,32.62,J/kmol
Water,647.14,K,22064000.0,Pa,0.05595,m3/kmol,0.229,373.15,K,18.0153,0.01807,m3/kmol,0.344,-241814000.0,J/kmol,-228590000.0,J/kmol,,,32.5162,-3.213,7.92411,-7.3599,253.1,647.29,kmol/m3,74.555,-7295.59,-7.44245,4.29e-06,2.0,263.15,647.29,Pa,46085,-1304.5,21.195,-0.015382,3.31e-05,83.8,135,J/kmol/K,20786,0.0,0.0,0.0,0.0,50.0,1500,J/kmol/K,-99.903,1347.5,17.615,-0.00032893,2,84.1,150.0,Pa.s,-0.30397,-0.82999,-0.71462,-0.00039294,-1.22e-05,80.0,150.0,W/m/K,0.00013095,0.81923,-122.33,13993,90.0,2000,W/m/K,5.964E+07,0.86515,-1.1134,0.67764,-0.026925,273.15,647.28,J/kmol
Hydrogen sulfide,373.53,K,8962910.0,Pa,0.0985,m3/kmol,0.284,212.8,K,34.0809,0.0438045,m3/kmol,0.0941677,-20630000.0,J/kmol,-33440000.0,J/kmol,-518000000.0,J/kmol,2.3565,0.25354,373.53,0.26514,187.66,373.4,kmol/m3,48.3487,-3078.43,-4.22963,6.84e-06,2.0,177.19,373.56,Pa,46085,-1304.5,21.195,-0.015382,3.31e-05,83.8,135,J/kmol/K,20786,0.0,0.0,0.0,0.0,50.0,1500,J/kmol/K,-99.903,1347.5,17.615,-0.00032893,2,84.1,150.0,Pa.s,-0.30397,-0.82999,-0.71462,-0.00039294,-1.22e-05,80.0,150.0,W/m/K,0.00013095,0.81923,-122.33,13993,90.0,2000,W/m/K,2.7198E+07,0.69517,-0.69951,0.51422,-0.11694,173.15,363.75,J/kmol
Ammonia,405.4,K,11353000.0,Pa,0.07247,m3/kmol,0.255,239.82,K,17.0305,0.02496,m3/kmol,0.256,-45898000.0,J/kmol,-16400000.0,J/kmol,-316830000.0,J/kmol,4.0518,0.27129,405.4,0.31349,195.0,405.15,kmol/m3,62.8849,-4136.86,-6.32066,9.2e-06,2.0,191.24,406.05,Pa,46085,-1304.5,21.195,-0.015382,3.31e-05,83.8,135,J/kmol/K,20786,0.0,0.0,0.0,0.0,50.0,1500,J/kmol/K,-99.903,1347.5,17.615,-0.00032893,2,84.1,150.0,Pa.s,-0.30397,-0.82999,-0.71462,-0.00039294,-1.22e-05,80.0,150.0,W/m/K,0.00013095,0.81923,-122.33,13993,90.0,2000,W/m/K,2.4542E+07,-1.3178,4.7194,-5.4808,2.4196,195.41,403.15,J/kmol
Neon,44.4,K,2653000.0,Pa,0.0417,m3/kmol,0.3,27.09,K,20.1797,0.0167622,m3/kmol,-0.0395988,0.0,J/kmol,0.0,J/kmol,0.0,J/kmol,7.3718,0.3067,44.4,0.2786,24.56,44.4,kmol/m3,29.459,-269.41,-2.5349,0.00051726,2.0,23.45,44.4,Pa,46085,-1304.5,21.195,-0.015382,3.31e-05,83.8,135,J/kmol/K,20786,0.0,0.0,0.0,0.0,50.0,1500,J/kmol/K,-99.903,1347.5,17.615,-0.00032893,2,84.1,150.0,Pa.s,-0.30397,-0.82999,-0.71462,-0.00039294,-1.22e-05,80.0,150.0,W/m/K,0.00013095,0.81923,-122.33,13993,90.0,2000,W/m/K,1.4209E+06,-0.63029,-0.0022325,1.6268,-0.7611,24.54,44,J/kmol
Nitric acid,520.0,K,6890100.0,Pa,0.145,m3/kmol,0.231,356.15,K,63.0128,0.041734,m3/kmol,0.714406,-134300000.0,J/kmol,-74010000.0,J/kmol,13400000.0,J/kmol,6.9293,0.47274,520.0,0.49837,231.55,373.15,kmol/m3,26.654,-5017.1,-0.036699,-6.48e-06,2.0,231.55,376.1,Pa,46085,-1304.5,21.195,-0.015382,3.31e-05,83.8,135,J/kmol/K,20786,0.0,0.0,0.0,0.0,50.0,1500,J/kmol/K,-99.903,1347.5,17.615,-0.00032893,2,84.1,150.0,Pa.s,-0.30397,-0.82999,-0.71462,-0.00039294,-1.22e-05,80.0,150.0,W/m/K,0.00013095,0.81923,-122.33,13993,90.0,2000,W/m/K,7.01E+07,0.68707,-0.0019914,0.0028792,-0.0014403,231.55,359.15,J/kmol
Nitric oxide,180.0,K,6480000.0,Pa,0.058,m3/kmol,0.251,121.38,K,30.0061,0.02344,m3/kmol,0.582,90250000.0,J/kmol,86570000.0,J/kmol,-90248900.0,J/kmol,2.1354,0.19686,180.16,0.15443,109.5,180.15,kmol/m3,98.6752,-3011.48,-13.2112,7.21e-05,2.0,106.16,180.15,Pa,46085,-1304.5,21.195,-0.015382,3.31e-05,83.8,135,J/kmol/K,20786,0.0,0.0,0.0,0.0,50.0,1500,J/kmol/K,-99.903,1347.5,17.615,-0.00032893,2,84.1,150.0,Pa.s,-0.30397,-0.82999,-0.71462,-0.00039294,-1.22e-05,80.0,150.0,W/m/K,0.00013095,0.81923,-122.33,13993,90.0,2000,W/m/K,2.4721E+07,2.2365,-5.8672,6.8169,-2.7529,109.5,176.43,J/kmol
Nitrogen dioxide,431.15,K,10132500.0,Pa,0.08249,m3/kmol,0.233,294.15,K,46.0055,0.031997,m3/kmol,0.851088,33180000.0,J/kmol,51328000.0,J/kmol,-33095400.0,J/kmol,2.2179,0.22994,431.38,0.19006,261.9,431.37,kmol/m3,18.404,-3508.6,0.81255,5e-06,2.0,252.77,431.37,Pa,46085,-1304.5,21.195,-0.015382,3.31e-05,83.8,135,J/kmol/K,20786,0.0,0.0,0.0,0.0,50.0,1500,J/kmol/K,-99.903,1347.5,17.615,-0.00032893,2,84.1,150.0,Pa.s,-0.30397,-0.82999,-0.71462,-0.00039294,-1.22e-05,80.0,150.0,W/m/K,0.00013095,0.81923,-122.33,13993,90.0,2000,W/m/K,5.37E+07,0.3,0,0,0,291.15,431.15,J/kmol
Nitrogen,126.2,K,3398000.0,Pa,0.0901,m3/kmol,0.289,77.35,K,28.0134,0.03484,m3/kmol,0.037,0.0,J/kmol,0.0,J/kmol,0.0,J/kmol,2.435,0.25137,126.27,0.249,63.15,126.26,kmol/m3,42.3295,-965.977,-4.32177,7.97e-05,2.0,60.81,126.26,Pa,46085,-1304.5,21.195,-0.015382,3.31e-05,83.8,135,J/kmol/K,20786,0.0,0.0,0.0,0.0,50.0,1500,J/kmol/K,-99.903,1347.5,17.615,-0.00032893,2,84.1,150.0,Pa.s,-0.30397,-0.82999,-0.71462,-0.00039294,-1.22e-05,80.0,150.0,W/m/K,0.00013095,0.81923,-122.33,13993,90.0,2000,W/m/K,2.7284E+07,7.8021,-19.125,19.518,-7.5428,63.15,126.26,J/kmol
Nitrous oxide,309.6,K,7255000.0,Pa,0.097,m3/kmol,0.273,184.67,K,44.0128,0.0359,m3/kmol,0.162,82050000.0,J/kmol,104160000.0,J/kmol,-82048200.0,J/kmol,2.0978,0.2338,309.6,0.25899,182.3,309.55,kmol/m3,50.6966,-2836.47,-4.60994,7.24e-06,2.0,179.17,309.57,Pa,46085,-1304.5,21.195,-0.015382,3.31e-05,83.8,135,J/kmol/K,20786,0.0,0.0,0.0,0.0,50.0,1500,J/kmol/K,-99.903,1347.5,17.615,-0.00032893,2,84.1,150.0,Pa.s,-0.30397,-0.82999,-0.71462,-0.00039294,-1.22e-05,80.0,150.0,W/m/K,0.00013095,0.81923,-122.33,13993,90.0,2000,W/m/K,2.58556E+07,0.982629,-2.29231,3.36983,-1.65657,182.3,309.57,J/kmol
Oxygen,154.58,K,5043000.0,Pa,0.07337,m3/kmol,0.288,90.17,K,31.9988,0.02785,m3/kmol,0.022,0.0,J/kmol,0.0,J/kmol,0.0,J/kmol,2.6097,0.23614,154.78,0.23695,54.35,154.77,kmol/m3,40.5549,-1120.54,-3.77611,4.85e-05,2.0,54.35,154.8,Pa,46085,-1304.5,21.195,-0.015382,3.31e-05,83.8,135,J/kmol/K,20786,0.0,0.0,0.0,0.0,50.0,1500,J/kmol/K,-99.903,1347.5,17.615,-0.00032893,2,84.1,150.0,Pa.s,-0.30397,-0.82999,-0.71462,-0.00039294,-1.22e-05,80.0,150.0,W/m/K,0.00013095,0.81923,-122.33,13993,90.0,2000,W/m/K,1.0672E+07,1.5661,-3.4356,3.5416,-1.2718,54.36,154.58,J/kmol
Sulfur dioxide,430.75,K,7884100.0,Pa,0.122,m3/kmol,0.269,263.13,K,64.0638,0.04688,m3/kmol,0.245381,-296840000.0,J/kmol,-300120000.0,J/kmol,0.0,J/kmol,1.8477,0.24254,430.75,0.27051,197.67,430.75,kmol/m3,53.5277,-4260.12,-4.67043,3.03e-06,2.0,195.12,430.75,Pa,46085,-1304.5,21.195,-0.015382,3.31e-05,83.8,135,J/kmol/K,20786,0.0,0.0,0.0,0.0,50.0,1500,J/kmol/K,-99.903,1347.5,17.615,-0.00032893,2,84.1,150.0,Pa.s,-0.30397,-0.82999,-0.71462,-0.00039294,-1.22e-05,80.0,150.0,W/m/K,0.00013095,0.81923,-122.33,13993,90.0,2000,W/m/K,4.8914E+07,1.8091,-2.9053,2.2271,-0.64793,197.67,430.75,J/kmol
Sulfur trioxide,490.85,K,8210000.0,Pa,0.127,m3/kmol,0.255,317.9,K,80.0632,0.0420954,m3/kmol,0.42396,-395720000.0,J/kmol,-370950000.0,J/kmol,142200000.0,J/kmol,1.6186,0.20129,490.85,0.42123,289.95,490.85,kmol/m3,351.6,-18247.4,-49.7706,4.09e-05,2.0,234.15,490.85,Pa,46085,-1304.5,21.195,-0.015382,3.31e-05,83.8,135,J/kmol/K,20786,0.0,0.0,0.0,0.0,50.0,1500,J/kmol/K,-99.903,1347.5,17.615,-0.00032893,2,84.1,150.0,Pa.s,-0.30397,-0.82999,-0.71462,-0.00039294,-1.22e-05,80.0,150.0,W/m/K,0.00013095,0.81923,-122.33,13993,90.0,2000,W/m/K,8.1339E+07,0.77728,-0.42427,0.68287,-0.4608,289.94,490.85,J/kmol
Chloroform,536.5,K,5500000.0,Pa,0.24,m3/kmol,0.296,334.33,K,119.378,0.08068,m3/kmol,0.226,-102900000.0,J/kmol,-70100000.0,J/kmol,-380000000.0,J/kmol,0.53556,0.18404,536.5,0.18541,209.0,535.95,kmol/m3,99.9151,-6781.56,-11.9387,1.16e-05,2.0,207.15,536.4,Pa,46085,-1304.5,21.195,-0.015382,3.31e-05,83.8,135,J/kmol/K,20786,0.0,0.0,0.0,0.0,50.0,1500,J/kmol/K,-99.903,1347.5,17.615,-0.00032893,2,84.1,150.0,Pa.s,-0.30397,-0.82999,-0.71462,-0.00039294,-1.22e-05,80.0,150.0,W/m/K,0.00013095,0.81923,-122.33,13993,90.0,2000,W/m/K,5.1382E+07,0.7027,0.36748,-1.351,0.69236,209.63,536.4,J/kmol
Hydrogen cyanide,456.65,K,5390000.0,Pa,0.139,m3/kmol,0.197,298.85,K,27.0253,0.0397695,m3/kmol,0.409913,135143000.0,J/kmol,124725000.0,J/kmol,-623290000.0,J/kmol,1.3163,0.18425,456.65,0.2794,259.83,456.65,kmol/m3,42.701,-4001.5,-3.20873,5.62e-06,2.0,254.07,456.75,Pa,46085,-1304.5,21.195,-0.015382,3.31e-05,83.8,135,J/kmol/K,20786,0.0,0.0,0.0,0.0,50.0,1500,J/kmol/K,-99.903,1347.5,17.615,-0.00032893,2,84.1,150.0,Pa.s,-0.30397,-0.82999,-0.71462,-0.00039294,-1.22e-05,80.0,150.0,W/m/K,0.00013095,0.81923,-122.33,13993,90.0,2000,W/m/K,4.5225E+07,2.0549,-4.7432,4.7996,-1.8366,223.15,456.65,J/kmol
Formaldehyde,408.0,K,6590000.0,Pa,0.115,m3/kmol,0.223,254.05,K,30.026,0.04097,m3/kmol,0.281846,-108600000.0,J/kmol,-102600000.0,J/kmol,-526800000.0,J/kmol,1.9413,0.22308,408.0,0.28569,181.15,396.06,kmol/m3,62.0792,-4207.67,-6.20229,5.52e-06,2.0,163.7,408.0,Pa,46085,-1304.5,21.195,-0.015382,3.31e-05,83.8,135,J/kmol/K,20786,0.0,0.0,0.0,0.0,50.0,1500,J/kmol/K,-99.903,1347.5,17.615,-0.00032893,2,84.1,150.0,Pa.s,-0.30397,-0.82999,-0.71462,-0.00039294,-1.22e-05,80.0,150.0,W/m/K,0.00013095,0.81923,-122.33,13993,90.0,2000,W/m/K,3.0902E+07,0.29722,-0.051281,0.13234,-0.080686,181.15,396.06,J/kmol
Methyl chloride,416.2,K,6680000.0,Pa,0.143,m3/kmol,0.276,248.95,K,50.4875,0.05059,m3/kmol,0.151,-81960000.0,J/kmol,-58440000.0,J/kmol,-675380000.0,J/kmol,1.6672,0.24865,416.26,0.26843,175.43,416.25,kmol/m3,73.9511,-4332.35,-8.30842,1.32e-05,2.0,173.65,416.25,Pa,46085,-1304.5,21.195,-0.015382,3.31e-05,83.8,135,J/kmol/K,20786,0.0,0.0,0.0,0.0,50.0,1500,J/kmol/K,-99.903,1347.5,17.615,-0.00032893,2,84.1,150.0,Pa.s,-0.30397,-0.82999,-0.71462,-0.00039294,-1.22e-05,80.0,150.0,W/m/K,0.00013095,0.81923,-122.33,13993,90.0,2000,W/m/K,3.0406E+07,0.41721,-0.045158,-0.067629,0.055437,175.43,403.58,J/kmol
Methyl iodide,528.0,K,7370000.0,Pa,0.185,m3/kmol,0.311,315.58,K,141.939,0.062667,m3/kmol,0.19716,13000000.0,J/kmol,14700000.0,J/kmol,-709600000.0,J/kmol,1.3975,0.25854,528.0,0.2679,206.7,528.0,kmol/m3,56.5775,-4804.53,-5.23813,3.1e-06,2.0,204.8,528.0,Pa,46085,-1304.5,21.195,-0.015382,3.31e-05,83.8,135,J/kmol/K,20786,0.0,0.0,0.0,0.0,50.0,1500,J/kmol/K,-99.903,1347.5,17.615,-0.00032893,2,84.1,150.0,Pa.s,-0.30397,-0.82999,-0.71462,-0.00039294,-1.22e-05,80.0,150.0,W/m/K,0.00013095,0.81923,-122.33,13993,90.0,2000,W/m/K,3.3737E+07,-0.25822,1.7219,-2.0034,0.83642,206.7,528,J/kmol
Methane,190.56,K,4599000.0,Pa,0.0986,m3/kmol,0.286,111.66,K,16.0425,0.03554,m3/kmol,0.011,-74520000.0,J/kmol,-50490000.0,J/kmol,-802620000.0,J/kmol,1.894,0.23603,191.05,0.21974,90.68,191.04,kmol/m3,39.9884,-1337.31,-3.58005,3.21e-05,2.0,83.65,191.03,Pa,46085,-1304.5,21.195,-0.015382,3.31e-05,83.8,135,J/kmol/K,20786,0.0,0.0,0.0,0.0,50.0,1500,J/kmol/K,-99.903,1347.5,17.615,-0.00032893,2,84.1,150.0,Pa.s,-0.30397,-0.82999,-0.71462,-0.00039294,-1.22e-05,80.0,150.0,W/m/K,0.00013095,0.81923,-122.33,13993,90.0,2000,W/m/K,1.4418E+07,2.3055,-5.4199,5.658,-2.1286,90.67,190.55,J/kmol
Methanol,512.64,K,8097000.0,Pa,0.118,m3/kmol,0.224,337.69,K,32.0419,0.04073,m3/kmol,0.565,-200940000.0,J/kmol,-162320000.0,J/kmol,-638200000.0,J/kmol,1.7918,0.23929,512.64,0.21078,175.47,503.1,kmol/m3,73.4034,-6548.08,-7.40999,5.72e-06,2.0,175.47,512.64,Pa,46085,-1304.5,21.195,-0.015382,3.31e-05,83.8,135,J/kmol/K,20786,0.0,0.0,0.0,0.0,50.0,1500,J/kmol/K,-99.903,1347.5,17.615,-0.00032893,2,84.1,150.0,Pa.s,-0.30397,-0.82999,-0.71462,-0.00039294,-1.22e-05,80.0,150.0,W/m/K,0.00013095,0.81923,-122.33,13993,90.0,2000,W/m/K,5.8058E+07,0.87168,-0.81501,0.1695,0.17846,175.47,513.15,J/kmol
Methylamine,430.0,K,7420000.0,Pa,0.125,m3/kmol,0.259,266.82,K,31.0571,0.04734,m3/kmol,0.284,-22970000.0,J/kmol,32070000.0,J/kmol,-975080000.0,J/kmol,1.39,0.21405,430.05,0.2275,179.69,430.05,kmol/m3,74.7997,-5067.17,-8.028,7.99e-06,2.0,177.35,430.05,Pa,46085,-1304.5,21.195,-0.015382,3.31e-05,83.8,135,J/kmol/K,20786,0.0,0.0,0.0,0.0,50.0,1500,J/kmol/K,-99.903,1347.5,17.615,-0.00032893,2,84.1,150.0,Pa.s,-0.30397,-0.82999,-0.71462,-0.00039294,-1.22e-05,80.0,150.0,W/m/K,0.00013095,0.81923,-122.33,13993,90.0,2000,W/m/K,4.6499E+07,1.6058,-3.2311,3.4082,-1.3345,179.69,416.87,J/kmol
Trichloroethylene,571.0,K,4910000.0,Pa,0.256,m3/kmol,0.265,360.1,K,131.388,0.0901371,m3/kmol,0.21662,-9620000.0,J/kmol,16060000.0,J/kmol,-864110000.0,J/kmol,1.0632,0.27217,571.0,0.2986,188.4,571.0,kmol/m3,46.5617,-5021.97,-3.67516,4.33e-06,2.0,188.4,571.0,Pa,46085,-1304.5,21.195,-0.015382,3.31e-05,83.8,135,J/kmol/K,20786,0.0,0.0,0.0,0.0,50.0,1500,J/kmol/K,-99.903,1347.5,17.615,-0.00032893,2,84.1,150.0,Pa.s,-0.30397,-0.82999,-0.71462,-0.00039294,-1.22e-05,80.0,150.0,W/m/K,0.00013095,0.81923,-122.33,13993,90.0,2000,W/m/K,4.57159E+07,0.581727,-0.122707,-0.842037,0.831632,188.4,571,J/kmol
Dichloroacetyl chloride,585.0,K,4610000.0,Pa,0.283,m3/kmol,0.268,380.45,K,147.388,0.0969971,m3/kmol,0.308927,-240330000.0,J/kmol,-191500000.0,J/kmol,-626470000.0,J/kmol,0.94766,0.26857,585.0,0.28586,230.0,585.0,kmol/m3,74.7289,-6808.88,-7.73518,4.48e-06,2.0,230.0,585.0,Pa,46085,-1304.5,21.195,-0.015382,3.31e-05,83.8,135,J/kmol/K,20786,0.0,0.0,0.0,0.0,50.0,1500,J/kmol/K,-99.903,1347.5,17.615,-0.00032893,2,84.1,150.0,Pa.s,-0.30397,-0.82999,-0.71462,-0.00039294,-1.22e-05,80.0,150.0,W/m/K,0.00013095,0.81923,-122.33,13993,90.0,2000,W/m/K,1.18211E+08,5.6623,-14.2537,15.1927,-6.03221,230,585,J/kmol
Trichloroacetaldehyde,565.0,K,4410000.0,Pa,0.288,m3/kmol,0.27,370.85,K,147.388,0.0983111,m3/kmol,0.332334,-197000000.0,J/kmol,-148000000.0,J/kmol,-672000000.0,J/kmol,0.92352,0.2658,565.0,0.27915,216.0,565.0,kmol/m3,104.174,-7649.01,-12.4219,1.07e-05,2.0,216.0,565.0,Pa,46085,-1304.5,21.195,-0.015382,3.31e-05,83.8,135,J/kmol/K,20786,0.0,0.0,0.0,0.0,50.0,1500,J/kmol/K,-99.903,1347.5,17.615,-0.00032893,2,84.1,150.0,Pa.s,-0.30397,-0.82999,-0.71462,-0.00039294,-1.22e-05,80.0,150.0,W/m/K,0.00013095,0.81923,-122.33,13993,90.0,2000,W/m/K,6.2611E+07,1.7765,-3.981,4.442,-1.8138,216,565,J/kmol
Acetylene,308.3,K,6114000.0,Pa,0.1122,m3/kmol,0.268,188.4,K,26.0373,0.04347,m3/kmol,0.189,228200000.0,J/kmol,210680000.0,J/kmol,-1257000000.0,J/kmol,2.8265,0.29316,308.3,0.31711,189.54,307.8,kmol/m3,82.2215,-3603.25,-10.0271,2.69e-05,2.0,187.75,308.33,Pa,46085,-1304.5,21.195,-0.015382,3.31e-05,83.8,135,J/kmol/K,20786,0.0,0.0,0.0,0.0,50.0,1500,J/kmol/K,-99.903,1347.5,17.615,-0.00032893,2,84.1,150.0,Pa.s,-0.30397,-0.82999,-0.71462,-0.00039294,-1.22e-05,80.0,150.0,W/m/K,0.00013095,0.81923,-122.33,13993,90.0,2000,W/m/K,3.8817E+07,1.497,-1.0261,0.037348,-0.024401,192.4,308.7,J/kmol
Dichloroacetaldehyde,555.0,K,4950000.0,Pa,0.239,m3/kmol,0.256,362.0,K,112.943,0.0800261,m3/kmol,0.343679,-180000000.0,J/kmol,-138700000.0,J/kmol,-811000000.0,J/kmol,1.0695,0.25535,555.0,0.28663,223.0,537.53,kmol/m3,90.6199,-7239.82,-10.1924,7.28e-06,2.0,223.0,555.0,Pa,46085,-1304.5,21.195,-0.015382,3.31e-05,83.8,135,J/kmol/K,20786,0.0,0.0,0.0,0.0,50.0,1500,J/kmol/K,-99.903,1347.5,17.615,-0.00032893,2,84.1,150.0,Pa.s,-0.30397,-0.82999,-0.71462,-0.00039294,-1.22e-05,80.0,150.0,W/m/K,0.00013095,0.81923,-122.33,13993,90.0,2000,W/m/K,5.4311E+07,0.74287,-0.97767,1.092,-0.46681,223,537.53,J/kmol
Vinyl chloride,432.0,K,5670000.0,Pa,0.179,m3/kmol,0.283,259.25,K,62.4982,0.0692236,m3/kmol,0.100107,28450000.0,J/kmol,41950000.0,J/kmol,-1178000000.0,J/kmol,1.4882,0.26866,432.0,0.2693,119.36,415.55,kmol/m3,30.5031,-3204.11,-1.15716,-3.15e-06,2.0,119.36,432.0,Pa,46085,-1304.5,21.195,-0.015382,3.31e-05,83.8,135,J/kmol/K,20786,0.0,0.0,0.0,0.0,50.0,1500,J/kmol/K,-99.903,1347.5,17.615,-0.00032893,2,84.1,150.0,Pa.s,-0.30397,-0.82999,-0.71462,-0.00039294,-1.22e-05,80.0,150.0,W/m/K,0.00013095,0.81923,-122.33,13993,90.0,2000,W/m/K,2.6581E+07,-2.1189,8.303,-9.8551,4.0685,119.36,415.55,J/kmol
Acetyl chloride,508.0,K,5740000.0,Pa,0.196,m3/kmol,0.266,323.9,K,78.4976,0.0713449,m3/kmol,0.334018,-243510000.0,J/kmol,-205800000.0,J/kmol,-875990000.0,J/kmol,1.4254,0.27938,508.0,0.26304,160.3,508.0,kmol/m3,99.1764,-7177.91,-11.2242,-5.74e-06,2.0,160.3,508.0,Pa,46085,-1304.5,21.195,-0.015382,3.31e-05,83.8,135,J/kmol/K,20786,0.0,0.0,0.0,0.0,50.0,1500,J/kmol/K,-99.903,1347.5,17.615,-0.00032893,2,84.1,150.0,Pa.s,-0.30397,-0.82999,-0.71462,-0.00039294,-1.22e-05,80.0,150.0,W/m/K,0.00013095,0.81923,-122.33,13993,90.0,2000,W/m/K,4.0E+07,0.3,0,0,0,160.3,519.35,J/kmol
"1,1,2-trichloroethane",602.0,K,4480000.0,Pa,0.281,m3/kmol,0.252,387.0,K,133.404,0.0929898,m3/kmol,0.259135,-142000000.0,J/kmol,-80970000.0,J/kmol,-968500000.0,J/kmol,0.9055,0.25465,602.0,0.30987,236.5,602.0,kmol/m3,66.051,-6428.17,-6.44717,3.27e-06,2.0,236.5,602.0,Pa,46085,-1304.5,21.195,-0.015382,3.31e-05,83.8,135,J/kmol/K,20786,0.0,0.0,0.0,0.0,50.0,1500,J/kmol/K,-99.903,1347.5,17.615,-0.00032893,2,84.1,150.0,Pa.s,-0.30397,-0.82999,-0.71462,-0.00039294,-1.22e-05,80.0,150.0,W/m/K,0.00013095,0.81923,-122.33,13993,90.0,2000,W/m/K,5.0503E+07,0.64021,-1.1382,1.5379,-0.66031,236.5,602,J/kmol
Acetonitrile,545.5,K,4830000.0,Pa,0.173,m3/kmol,0.184,354.75,K,41.0519,0.0528577,m3/kmol,0.337886,74040000.0,J/kmol,91868000.0,J/kmol,-1190430000.0,J/kmol,1.3064,0.22597,545.5,0.28678,229.32,545.5,kmol/m3,63.9019,-5635.02,-6.33807,5.8e-06,2.0,226.15,545.5,Pa,46085,-1304.5,21.195,-0.015382,3.31e-05,83.8,135,J/kmol/K,20786,0.0,0.0,0.0,0.0,50.0,1500,J/kmol/K,-99.903,1347.5,17.615,-0.00032893,2,84.1,150.0,Pa.s,-0.30397,-0.82999,-0.71462,-0.00039294,-1.22e-05,80.0,150.0,W/m/K,0.00013095,0.81923,-122.33,13993,90.0,2000,W/m/K,4.4167E+07,0.0989791,1.81799,-3.44355,1.85466,229.32,545.5,J/kmol
Ethylene,282.34,K,5041000.0,Pa,0.1311,m3/kmol,0.282,169.42,K,28.0532,0.05107,m3/kmol,0.087,52510000.0,J/kmol,68440000.0,J/kmol,-1323000000.0,J/kmol,2.3782,0.29542,282.36,0.32456,103.18,282.35,kmol/m3,54.5323,-2458.42,-5.66004,1.94e-05,2.0,104.0,282.35,Pa,46085,-1304.5,21.195,-0.015382,3.31e-05,83.8,135,J/kmol/K,20786,0.0,0.0,0.0,0.0,50.0,1500,J/kmol/K,-99.903,1347.5,17.615,-0.00032893,2,84.1,150.0,Pa.s,-0.30397,-0.82999,-0.71462,-0.00039294,-1.22e-05,80.0,150.0,W/m/K,0.00013095,0.81923,-122.33,13993,90.0,2000,W/m/K,2.1658E+07,1.2164,-2.1538,2.0768,-0.73096,104,282.35,J/kmol
"1,1-dichloroethane",523.0,K,5100000.0,Pa,0.236,m3/kmol,0.277,330.45,K,98.9592,0.08473,m3/kmol,0.244,-129410000.0,J/kmol,-72590000.0,J/kmol,-1110400000.0,J/kmol,1.1057,0.26536,523.0,0.28703,176.19,504.75,kmol/m3,66.534,-5492.42,-6.71599,5.3e-06,2.0,176.19,523.0,Pa,46085,-1304.5,21.195,-0.015382,3.31e-05,83.8,135,J/kmol/K,20786,0.0,0.0,0.0,0.0,50.0,1500,J/kmol/K,-99.903,1347.5,17.615,-0.00032893,2,84.1,150.0,Pa.s,-0.30397,-0.82999,-0.71462,-0.00039294,-1.22e-05,80.0,150.0,W/m/K,0.00013095,0.81923,-122.33,13993,90.0,2000,W/m/K,4.45877E+07,0.555838,0.0209485,-0.722234,0.56963,176.19,504.75,J/kmol
"1,2-dichloroethane",561.0,K,5400000.0,Pa,0.22,m3/kmol,0.255,356.66,K,98.9592,0.07945,m3/kmol,0.286,-129790000.0,J/kmol,-73945000.0,J/kmol,-1105000000.0,J/kmol,1.1942,0.27053,561.61,0.29157,237.49,561.6,kmol/m3,81.479,-6503.17,-8.96027,7.33e-06,2.0,237.49,561.6,Pa,46085,-1304.5,21.195,-0.015382,3.31e-05,83.8,135,J/kmol/K,20786,0.0,0.0,0.0,0.0,50.0,1500,J/kmol/K,-99.903,1347.5,17.615,-0.00032893,2,84.1,150.0,Pa.s,-0.30397,-0.82999,-0.71462,-0.00039294,-1.22e-05,80.0,150.0,W/m/K,0.00013095,0.81923,-122.33,13993,90.0,2000,W/m/K,5.07243E+07,0.517321,0.205828,-0.637156,0.265499,237.49,544.54,J/kmol
Acetaldehyde,466.0,K,5550000.0,Pa,0.154,m3/kmol,0.221,294.0,K,44.0526,0.0568878,m3/kmol,0.290734,-166400000.0,J/kmol,-133300000.0,J/kmol,-1104500000.0,J/kmol,1.2346,0.22392,466.0,0.25025,150.15,455.37,kmol/m3,132.606,-7086.88,-17.4248,2.37e-05,2.0,150.15,466.0,Pa,46085,-1304.5,21.195,-0.015382,3.31e-05,83.8,135,J/kmol/K,20786,0.0,0.0,0.0,0.0,50.0,1500,J/kmol/K,-99.903,1347.5,17.615,-0.00032893,2,84.1,150.0,Pa.s,-0.30397,-0.82999,-0.71462,-0.00039294,-1.22e-05,80.0,150.0,W/m/K,0.00013095,0.81923,-122.33,13993,90.0,2000,W/m/K,1.4565E+07,-6.1925,18.559,-20.707,8.5605,150.15,449.38,J/kmol
Ethylene oxide,469.15,K,7190000.0,Pa,0.140296,m3/kmol,0.25876,283.6,K,44.0526,0.0508328,m3/kmol,0.197447,-52630000.0,J/kmol,-13230000.0,J/kmol,-1218000000.0,J/kmol,0.99773,0.19368,469.15,0.19965,160.65,468.93,kmol/m3,69.6087,-4890.74,-7.34677,8.2e-06,2.0,160.65,469.15,Pa,46085,-1304.5,21.195,-0.015382,3.31e-05,83.8,135,J/kmol/K,20786,0.0,0.0,0.0,0.0,50.0,1500,J/kmol/K,-99.903,1347.5,17.615,-0.00032893,2,84.1,150.0,Pa.s,-0.30397,-0.82999,-0.71462,-0.00039294,-1.22e-05,80.0,150.0,W/m/K,0.00013095,0.81923,-122.33,13993,90.0,2000,W/m/K,5.9285E+07,3.2175,-7.404,7.8553,-3.1858,160.65,468.93,J/kmol
Acetic acid,594.45,K,5790000.0,Pa,0.171,m3/kmol,0.2,391.04,K,60.052,0.05753,m3/kmol,0.46,-432800000.0,J/kmol,-374500000.0,J/kmol,-786600000.0,J/kmol,1.0627,0.22174,594.76,0.22566,273.15,594.75,kmol/m3,87.5061,-7603.91,-9.65531,7.17e-06,2.0,273.15,594.75,Pa,46085,-1304.5,21.195,-0.015382,3.31e-05,83.8,135,J/kmol/K,20786,0.0,0.0,0.0,0.0,50.0,1500,J/kmol/K,-99.903,1347.5,17.615,-0.00032893,2,84.1,150.0,Pa.s,-0.30397,-0.82999,-0.71462,-0.00039294,-1.22e-05,80.0,150.0,W/m/K,0.00013095,0.81923,-122.33,13993,90.0,2000,W/m/K,6.6203E+07,6.7121,-17.45,17.2,-6.0038,289.81,591.95,J/kmol
Methyl formate,487.2,K,6000000.0,Pa,0.172,m3/kmol,0.255,304.9,K,60.052,0.06214,m3/kmol,0.253,-352400000.0,J/kmol,-295000000.0,J/kmol,-892400000.0,J/kmol,1.213,0.23619,487.2,0.24621,174.15,487.15,kmol/m3,70.6458,-5401.75,-7.33479,5.93e-06,2.0,174.15,487.2,Pa,46085,-1304.5,21.195,-0.015382,3.31e-05,83.8,135,J/kmol/K,20786,0.0,0.0,0.0,0.0,50.0,1500,J/kmol/K,-99.903,1347.5,17.615,-0.00032893,2,84.1,150.0,Pa.s,-0.30397,-0.82999,-0.71462,-0.00039294,-1.22e-05,80.0,150.0,W/m/K,0.00013095,0.81923,-122.33,13993,90.0,2000,W/m/K,7.0578E+07,3.7855,-9.0874,9.6043,-3.7868,174.15,487.15,J/kmol
Ethyl chloride,460.3,K,5300000.0,Pa,0.199,m3/kmol,0.276,285.42,K,64.5141,0.07258,m3/kmol,0.194,-112260000.0,J/kmol,-60499000.0,J/kmol,-1284900000.0,J/kmol,1.3553,0.26895,460.36,0.24994,134.8,460.35,kmol/m3,51.2834,-4206.39,-4.47884,3.81e-06,2.0,134.8,460.35,Pa,46085,-1304.5,21.195,-0.015382,3.31e-05,83.8,135,J/kmol/K,20786,0.0,0.0,0.0,0.0,50.0,1500,J/kmol/K,-99.903,1347.5,17.615,-0.00032893,2,84.1,150.0,Pa.s,-0.30397,-0.82999,-0.71462,-0.00039294,-1.22e-05,80.0,150.0,W/m/K,0.00013095,0.81923,-122.33,13993,90.0,2000,W/m/K,3.61548E+07,0.981924,-2.02605,2.20581,-0.774155,134.8,443.22,J/kmol
Ethane,305.32,K,4872000.0,Pa,0.1455,m3/kmol,0.279,184.55,K,30.069,0.04615,m3/kmol,0.099,-83820000.0,J/kmol,-31920000.0,J/kmol,-1428640000.0,J/kmol,1.3749,0.23949,305.43,0.22875,88.71,305.42,kmol/m3,61.4374,-2814.32,-6.77805,2.11e-05,2.0,90.35,305.42,Pa,46085,-1304.5,21.195,-0.015382,3.31e-05,83.8,135,J/kmol/K,20786,0.0,0.0,0.0,0.0,50.0,1500,J/kmol/K,-99.903,1347.5,17.615,-0.00032893,2,84.1,150.0,Pa.s,-0.30397,-0.82999,-0.71462,-0.00039294,-1.22e-05,80.0,150.0,W/m/K,0.00013095,0.81923,-122.33,13993,90.0,2000,W/m/K,2.3996E+07,1.4625,-2.8991,2.8421,-0.99532,89.88,305.33,J/kmol
Ethanol,513.92,K,6148000.0,Pa,0.167,m3/kmol,0.24,351.8,K,46.0684,0.05868,m3/kmol,0.649,-234950000.0,J/kmol,-167850000.0,J/kmol,-1235000000.0,J/kmol,1.3539,0.24957,515.66,0.22099,159.0,515.65,kmol/m3,88.0754,-7652.06,-9.47151,5.93e-06,2.0,159.05,516.25,Pa,46085,-1304.5,21.195,-0.015382,3.31e-05,83.8,135,J/kmol/K,20786,0.0,0.0,0.0,0.0,50.0,1500,J/kmol/K,-99.903,1347.5,17.615,-0.00032893,2,84.1,150.0,Pa.s,-0.30397,-0.82999,-0.71462,-0.00039294,-1.22e-05,80.0,150.0,W/m/K,0.00013095,0.81923,-122.33,13993,90.0,2000,W/m/K,6.3899E+07,1.2782,-2.673,2.7973,-1.0209,159.05,515.65,J/kmol
Dimethyl ether,400.1,K,5400000.0,Pa,0.17,m3/kmol,0.276,248.31,K,46.0684,0.06907,m3/kmol,0.191,-184100000.0,J/kmol,-112800000.0,J/kmol,-1328400000.0,J/kmol,1.4889,0.26123,400.1,0.27948,131.65,400.1,kmol/m3,50.3218,-3631.45,-4.44474,5.29e-06,2.0,131.65,400.1,Pa,46085,-1304.5,21.195,-0.015382,3.31e-05,83.8,135,J/kmol/K,20786,0.0,0.0,0.0,0.0,50.0,1500,J/kmol/K,-99.903,1347.5,17.615,-0.00032893,2,84.1,150.0,Pa.s,-0.30397,-0.82999,-0.71462,-0.00039294,-1.22e-05,80.0,150.0,W/m/K,0.00013095,0.81923,-122.33,13993,90.0,2000,W/m/K,3.8521E+07,2.2845,-5.7518,6.5695,-2.6976,131.65,400.1,J/kmol
Ethylene glycol,719.0,K,8200000.0,Pa,0.191,m3/kmol,0.262,470.45,K,62.0678,0.055908,m3/kmol,0.506776,-392200000.0,J/kmol,-301800000.0,J/kmol,-1052700000.0,J/kmol,1.3106,0.25084,720.0,0.21838,260.15,695.8,kmol/m3,68.118,-9617.27,-5.83171,-1.14e-06,2.0,260.15,720.0,Pa,46085,-1304.5,21.195,-0.015382,3.31e-05,83.8,135,J/kmol/K,20786,0.0,0.0,0.0,0.0,50.0,1500,J/kmol/K,-99.903,1347.5,17.615,-0.00032893,2,84.1,150.0,Pa.s,-0.30397,-0.82999,-0.71462,-0.00039294,-1.22e-05,80.0,150.0,W/m/K,0.00013095,0.81923,-122.33,13993,90.0,2000,W/m/K,7.414E+07,0.16807,-0.19694,1.0417,-0.61488,260.15,695.8,J/kmol
Dimethyl sulfide,503.0,K,5530000.0,Pa,0.201,m3/kmol,0.266,310.48,K,62.134,0.07377,m3/kmol,0.19,-37240000.0,J/kmol,7302000.0,J/kmol,-1744300000.0,J/kmol,1.1867,0.25844,503.06,0.24773,174.88,503.05,kmol/m3,14.0757,-3435.09,1.59813,-6.95e-06,2.0,174.88,503.04,Pa,46085,-1304.5,21.195,-0.015382,3.31e-05,83.8,135,J/kmol/K,20786,0.0,0.0,0.0,0.0,50.0,1500,J/kmol/K,-99.903,1347.5,17.615,-0.00032893,2,84.1,150.0,Pa.s,-0.30397,-0.82999,-0.71462,-0.00039294,-1.22e-05,80.0,150.0,W/m/K,0.00013095,0.81923,-122.33,13993,90.0,2000,W/m/K,5.49064E+07,1.72185,-2.16126,0.932609,-0.0179494,174.88,491.99,J/kmol
Ethyl mercaptan,499.0,K,5490000.0,Pa,0.207,m3/kmol,0.274,308.15,K,62.134,0.07458,m3/kmol,0.189,-46300000.0,J/kmol,-4814000.0,J/kmol,-1736600000.0,J/kmol,1.203,0.25909,499.16,0.26567,125.26,499.15,kmol/m3,65.4773,-5020.82,-6.67832,6.45e-06,2.0,125.26,499.15,Pa,46085,-1304.5,21.195,-0.015382,3.31e-05,83.8,135,J/kmol/K,20786,0.0,0.0,0.0,0.0,50.0,1500,J/kmol/K,-99.903,1347.5,17.615,-0.00032893,2,84.1,150.0,Pa.s,-0.30397,-0.82999,-0.71462,-0.00039294,-1.22e-05,80.0,150.0,W/m/K,0.00013095,0.81923,-122.33,13993,90.0,2000,W/m/K,4.1777E+07,0.6898,-0.36317,-0.097723,0.16958,125.26,479.47,J/kmol
Ethylamine,456.4,K,5630000.0,Pa,0.1818,m3/kmol,0.267,289.75,K,45.0837,0.06659,m3/kmol,0.276,-47150000.0,J/kmol,36160000.0,J/kmol,-1587400000.0,J/kmol,1.3663,0.25297,456.4,0.27948,183.15,456.35,kmol/m3,115.525,-6764.22,-14.4391,1.56e-05,2.0,190.85,456.35,Pa,46085,-1304.5,21.195,-0.015382,3.31e-05,83.8,135,J/kmol/K,20786,0.0,0.0,0.0,0.0,50.0,1500,J/kmol/K,-99.903,1347.5,17.615,-0.00032893,2,84.1,150.0,Pa.s,-0.30397,-0.82999,-0.71462,-0.00039294,-1.22e-05,80.0,150.0,W/m/K,0.00013095,0.81923,-122.33,13993,90.0,2000,W/m/K,4.2765E+07,0.58718,-0.33502,0.17251,-0.0015134,192.15,456.15,J/kmol
Acrylonitrile,535.0,K,4480000.0,Pa,0.212,m3/kmol,0.214,350.5,K,53.0626,0.0662367,m3/kmol,0.349801,183700000.0,J/kmol,193700000.0,J/kmol,-1690000000.0,J/kmol,1.0816,0.2293,535.0,0.28939,189.63,535.0,kmol/m3,74.5477,-6259.73,-7.78558,4.08e-06,2.0,189.63,535.0,Pa,46085,-1304.5,21.195,-0.015382,3.31e-05,83.8,135,J/kmol/K,20786,0.0,0.0,0.0,0.0,50.0,1500,J/kmol/K,-99.903,1347.5,17.615,-0.00032893,2,84.1,150.0,Pa.s,-0.30397,-0.82999,-0.71462,-0.00039294,-1.22e-05,80.0,150.0,W/m/K,0.00013095,0.81923,-122.33,13993,90.0,2000,W/m/K,5.22475E+07,0.877802,-0.432396,-0.672186,0.607598,189.63,535,J/kmol
Methylacetylene,402.4,K,5630000.0,Pa,0.1635,m3/kmol,0.275,250.12,K,40.0639,0.06231,m3/kmol,0.214,184900000.0,J/kmol,193840000.0,J/kmol,-1848700000.0,J/kmol,1.5983,0.26361,402.4,0.27835,170.45,402.4,kmol/m3,68.9765,-4285.95,-7.4187,1.05e-05,2.0,170.45,402.4,Pa,46085,-1304.5,21.195,-0.015382,3.31e-05,83.8,135,J/kmol/K,20786,0.0,0.0,0.0,0.0,50.0,1500,J/kmol/K,-99.903,1347.5,17.615,-0.00032893,2,84.1,150.0,Pa.s,-0.30397,-0.82999,-0.71462,-0.00039294,-1.22e-05,80.0,150.0,W/m/K,0.00013095,0.81923,-122.33,13993,90.0,2000,W/m/K,3.4954E+07,0.52948,0.26449,-0.89434,0.5174,170.45,402.4,J/kmol
Propadiene,394.0,K,5250000.0,Pa,0.1739,m3/kmol,0.279,238.77,K,40.0639,0.06095,m3/kmol,0.122,190500000.0,J/kmol,200800000.0,J/kmol,-1856300000.0,J/kmol,0.86549,0.19732,394.0,0.21029,136.87,392.34,kmol/m3,59.8018,-3745.3,-6.03652,8.21e-06,2.0,136.87,394.0,Pa,46085,-1304.5,21.195,-0.015382,3.31e-05,83.8,135,J/kmol/K,20786,0.0,0.0,0.0,0.0,50.0,1500,J/kmol/K,-99.903,1347.5,17.615,-0.00032893,2,84.1,150.0,Pa.s,-0.30397,-0.82999,-0.71462,-0.00039294,-1.22e-05,80.0,150.0,W/m/K,0.00013095,0.81923,-122.33,13993,90.0,2000,W/m/K,1.54657E+07,-3.72244,11.4573,-12.9266,5.52282,136.87,380.47,J/kmol
Propylene,364.85,K,4600000.0,Pa,0.185,m3/kmol,0.281,225.45,K,42.0797,0.0832412,m3/kmol,0.137588,20230000.0,J/kmol,62640000.0,J/kmol,-1926200000.0,J/kmol,0.98129,0.22226,365.58,0.24039,87.89,365.57,kmol/m3,55.1036,-3330.45,-5.40588,9.36e-06,2.0,87.89,365.57,Pa,46085,-1304.5,21.195,-0.015382,3.31e-05,83.8,135,J/kmol/K,20786,0.0,0.0,0.0,0.0,50.0,1500,J/kmol/K,-99.903,1347.5,17.615,-0.00032893,2,84.1,150.0,Pa.s,-0.30397,-0.82999,-0.71462,-0.00039294,-1.22e-05,80.0,150.0,W/m/K,0.00013095,0.81923,-122.33,13993,90.0,2000,W/m/K,2.7525E+07,0.61217,-0.41646,0.083772,0.12092,87.89,365,J/kmol
Acetone,508.1,K,4700000.0,Pa,0.209,m3/kmol,0.233,329.22,K,58.0791,0.07394,m3/kmol,0.307,-215700000.0,J/kmol,-151300000.0,J/kmol,-1659000000.0,J/kmol,1.1051,0.24556,508.21,0.27409,178.0,508.2,kmol/m3,72.7771,-5752.94,-7.68008,6.83e-06,2.0,178.45,508.2,Pa,46085,-1304.5,21.195,-0.015382,3.31e-05,83.8,135,J/kmol/K,20786,0.0,0.0,0.0,0.0,50.0,1500,J/kmol/K,-99.903,1347.5,17.615,-0.00032893,2,84.1,150.0,Pa.s,-0.30397,-0.82999,-0.71462,-0.00039294,-1.22e-05,80.0,150.0,W/m/K,0.00013095,0.81923,-122.33,13993,90.0,2000,W/m/K,6.6943E+07,3.4736,-8.9271,10.062,-4.1656,178.45,508.15,J/kmol
Ethyl formate,508.5,K,4740000.0,Pa,0.229,m3/kmol,0.257,327.47,K,74.0785,0.08093,m3/kmol,0.282,-388300000.0,J/kmol,-303100000.0,J/kmol,-1506960000.0,J/kmol,0.85568,0.22882,508.5,0.23792,193.55,508.45,kmol/m3,69.0452,-5678.64,-7.0314,5.01e-06,2.0,193.55,508.45,Pa,46085,-1304.5,21.195,-0.015382,3.31e-05,83.8,135,J/kmol/K,20786,0.0,0.0,0.0,0.0,50.0,1500,J/kmol/K,-99.903,1347.5,17.615,-0.00032893,2,84.1,150.0,Pa.s,-0.30397,-0.82999,-0.71462,-0.00039294,-1.22e-05,80.0,150.0,W/m/K,0.00013095,0.81923,-122.33,13993,90.0,2000,W/m/K,5.9813E+07,2.1931,-4.6587,4.7089,-1.7696,193.55,508.45,J/kmol
Methyl acetate,506.8,K,4690000.0,Pa,0.228,m3/kmol,0.254,330.09,K,74.0785,0.07989,m3/kmol,0.323,-411900000.0,J/kmol,-324200000.0,J/kmol,-1461000000.0,J/kmol,0.98331,0.2428,506.86,0.2549,175.15,506.85,kmol/m3,83.0182,-6288.58,-9.18586,7.6e-06,2.0,175.15,506.85,Pa,46085,-1304.5,21.195,-0.015382,3.31e-05,83.8,135,J/kmol/K,20786,0.0,0.0,0.0,0.0,50.0,1500,J/kmol/K,-99.903,1347.5,17.615,-0.00032893,2,84.1,150.0,Pa.s,-0.30397,-0.82999,-0.71462,-0.00039294,-1.22e-05,80.0,150.0,W/m/K,0.00013095,0.81923,-122.33,13993,90.0,2000,W/m/K,4.9929E+07,0.79197,-0.73136,0.37429,-0.019974,175.15,506.85,J/kmol
Propionic acid,604.0,K,4530000.0,Pa,0.233,m3/kmol,0.207,414.31,K,74.0785,0.07497,m3/kmol,0.544,-453500000.0,J/kmol,-356800000.0,J/kmol,-1395000000.0,J/kmol,0.88103,0.22848,612.66,0.25898,233.15,612.65,kmol/m3,58.42,-7261.2,-4.9024,1.04e-06,2.0,252.45,600.81,Pa,46085,-1304.5,21.195,-0.015382,3.31e-05,83.8,135,J/kmol/K,20786,0.0,0.0,0.0,0.0,50.0,1500,J/kmol/K,-99.903,1347.5,17.615,-0.00032893,2,84.1,150.0,Pa.s,-0.30397,-0.82999,-0.71462,-0.00039294,-1.22e-05,80.0,150.0,W/m/K,0.00013095,0.81923,-122.33,13993,90.0,2000,W/m/K,4.8878E+07,3.7167,-10.822,11.498,-4.1176,252.45,600.81,J/kmol
"N,n-dimethylformamide",649.6,K,4420000.0,Pa,0.26199,m3/kmol,0.214,425.15,K,73.0938,0.0773903,m3/kmol,0.31771,-191700000.0,J/kmol,-88400000.0,J/kmol,-1788710000.0,J/kmol,0.65216,0.20032,649.6,0.24418,212.72,649.6,kmol/m3,68.9988,-7311.39,-6.74979,3.06e-06,2.0,212.72,649.6,Pa,46085,-1304.5,21.195,-0.015382,3.31e-05,83.8,135,J/kmol/K,20786,0.0,0.0,0.0,0.0,50.0,1500,J/kmol/K,-99.903,1347.5,17.615,-0.00032893,2,84.1,150.0,Pa.s,-0.30397,-0.82999,-0.71462,-0.00039294,-1.22e-05,80.0,150.0,W/m/K,0.00013095,0.81923,-122.33,13993,90.0,2000,W/m/K,5.7496E+07,0.2466,0.21619,-0.11587,0.026126,212.72,649.6,J/kmol
Propane,369.83,K,4248000.0,Pa,0.2,m3/kmol,0.276,231.02,K,44.0956,0.07487,m3/kmol,0.152,-104680000.0,J/kmol,-24390000.0,J/kmol,-2043110000.0,J/kmol,1.3186,0.27005,369.86,0.27852,85.47,369.85,kmol/m3,55.2725,-3396.95,-5.42339,8.95e-06,2.0,85.47,371.25,Pa,46085,-1304.5,21.195,-0.015382,3.31e-05,83.8,135,J/kmol/K,20786,0.0,0.0,0.0,0.0,50.0,1500,J/kmol/K,-99.903,1347.5,17.615,-0.00032893,2,84.1,150.0,Pa.s,-0.30397,-0.82999,-0.71462,-0.00039294,-1.22e-05,80.0,150.0,W/m/K,0.00013095,0.81923,-122.33,13993,90.0,2000,W/m/K,3.0459E+07,1.2001,-2.1107,1.9732,-0.65316,85.44,369.85,J/kmol
Isopropanol,508.3,K,4762000.0,Pa,0.22,m3/kmol,0.248,355.39,K,60.095,0.07692,m3/kmol,0.665,-272700000.0,J/kmol,-173470000.0,J/kmol,-1830000000.0,J/kmol,1.1898,0.26648,508.3,0.23986,185.28,508.3,kmol/m3,77.7086,-7630.12,-7.63517,9.97e-07,2.0,185.28,508.3,Pa,46085,-1304.5,21.195,-0.015382,3.31e-05,83.8,135,J/kmol/K,20786,0.0,0.0,0.0,0.0,50.0,1500,J/kmol/K,-99.903,1347.5,17.615,-0.00032893,2,84.1,150.0,Pa.s,-0.30397,-0.82999,-0.71462,-0.00039294,-1.22e-05,80.0,150.0,W/m/K,0.00013095,0.81923,-122.33,13993,90.0,2000,W/m/K,1.10099E+08,4.1961,-10.7096,11.6944,-4.6255,185.28,508.3,J/kmol
1-propanol,536.78,K,5175000.0,Pa,0.219,m3/kmol,0.254,370.93,K,60.095,0.07514,m3/kmol,0.629,-255200000.0,J/kmol,-159900000.0,J/kmol,-1843810000.0,J/kmol,1.1537,0.26188,536.78,0.23549,146.95,536.65,kmol/m3,141.397,-10434.3,-17.4583,1.13e-05,2.0,146.95,536.85,Pa,46085,-1304.5,21.195,-0.015382,3.31e-05,83.8,135,J/kmol/K,20786,0.0,0.0,0.0,0.0,50.0,1500,J/kmol/K,-99.903,1347.5,17.615,-0.00032893,2,84.1,150.0,Pa.s,-0.30397,-0.82999,-0.71462,-0.00039294,-1.22e-05,80.0,150.0,W/m/K,0.00013095,0.81923,-122.33,13993,90.0,2000,W/m/K,8.36461E+07,3.33881,-9.83114,11.8901,-4.90571,146.95,536.85,J/kmol
Trimethylamine,433.3,K,4075000.0,Pa,0.254,m3/kmol,0.266,276.02,K,59.1103,0.09428,m3/kmol,0.206243,-24310000.0,J/kmol,98990000.0,J/kmol,-2244900000.0,J/kmol,0.67928,0.21649,433.3,0.20925,156.0,433.25,kmol/m3,110.254,-5770.54,-14.1719,2.39e-05,2.0,156.08,433.25,Pa,46085,-1304.5,21.195,-0.015382,3.31e-05,83.8,135,J/kmol/K,20786,0.0,0.0,0.0,0.0,50.0,1500,J/kmol/K,-99.903,1347.5,17.615,-0.00032893,2,84.1,150.0,Pa.s,-0.30397,-0.82999,-0.71462,-0.00039294,-1.22e-05,80.0,150.0,W/m/K,0.00013095,0.81923,-122.33,13993,90.0,2000,W/m/K,4.74312E+07,0.966273,0.752593,-2.76274,1.51311,156.07,433.25,J/kmol
Vinylacetylene,454.0,K,4860000.0,Pa,0.205,m3/kmol,0.264,278.25,K,52.0746,0.0769826,m3/kmol,0.106852,304600000.0,J/kmol,306000000.0,J/kmol,-2362000000.0,J/kmol,1.2594,0.25931,454.0,0.29553,173.15,439.22,kmol/m3,79.0442,-5001.87,-8.98413,1.29e-05,2.0,173.15,454.0,Pa,46085,-1304.5,21.195,-0.015382,3.31e-05,83.8,135,J/kmol/K,20786,0.0,0.0,0.0,0.0,50.0,1500,J/kmol/K,-99.903,1347.5,17.615,-0.00032893,2,84.1,150.0,Pa.s,-0.30397,-0.82999,-0.71462,-0.00039294,-1.22e-05,80.0,150.0,W/m/K,0.00013095,0.81923,-122.33,13993,90.0,2000,W/m/K,3.31351E+07,-0.0105563,0.71867,-0.291074,0.0215152,173.15,439.22,J/kmol
Thiophene,580.0,K,5660000.0,Pa,0.219,m3/kmol,0.252,357.31,K,84.1396,0.07947,m3/kmol,0.186,115440000.0,J/kmol,126700000.0,J/kmol,-2435200000.0,J/kmol,0.73395,0.21494,580.0,0.2288,234.94,579.35,kmol/m3,88.2673,-6809.19,-9.97587,7.5e-06,2.0,233.15,579.35,Pa,46085,-1304.5,21.195,-0.015382,3.31e-05,83.8,135,J/kmol/K,20786,0.0,0.0,0.0,0.0,50.0,1500,J/kmol/K,-99.903,1347.5,17.615,-0.00032893,2,84.1,150.0,Pa.s,-0.30397,-0.82999,-0.71462,-0.00039294,-1.22e-05,80.0,150.0,W/m/K,0.00013095,0.81923,-122.33,13993,90.0,2000,W/m/K,4.87E+07,0.35468,0.57965,-0.92941,0.39593,234.94,579.35,J/kmol
Methacrylonitrile,554.0,K,3880000.0,Pa,0.265,m3/kmol,0.223,363.45,K,67.0892,0.0844058,m3/kmol,0.301271,98030000.0,J/kmol,164000000.0,J/kmol,-2243000000.0,J/kmol,0.89537,0.23729,554.0,0.29629,237.35,537.33,kmol/m3,56.0792,-5342.95,-5.15286,4.01e-06,2.0,228.65,554.0,Pa,46085,-1304.5,21.195,-0.015382,3.31e-05,83.8,135,J/kmol/K,20786,0.0,0.0,0.0,0.0,50.0,1500,J/kmol/K,-99.903,1347.5,17.615,-0.00032893,2,84.1,150.0,Pa.s,-0.30397,-0.82999,-0.71462,-0.00039294,-1.22e-05,80.0,150.0,W/m/K,0.00013095,0.81923,-122.33,13993,90.0,2000,W/m/K,4.4103E+07,0.56334,-0.51577,0.31852,-0.072403,237.35,537.33,J/kmol
Dimethylacetylene,473.2,K,4870000.0,Pa,0.221,m3/kmol,0.274,300.13,K,54.0904,0.0788997,m3/kmol,0.238542,145700000.0,J/kmol,184900000.0,J/kmol,-2418900000.0,J/kmol,1.1717,0.25895,473.2,0.27289,240.91,460.97,kmol/m3,66.5611,-4998.05,-6.83428,6.68e-06,2.0,235.35,473.2,Pa,46085,-1304.5,21.195,-0.015382,3.31e-05,83.8,135,J/kmol/K,20786,0.0,0.0,0.0,0.0,50.0,1500,J/kmol/K,-99.903,1347.5,17.615,-0.00032893,2,84.1,150.0,Pa.s,-0.30397,-0.82999,-0.71462,-0.00039294,-1.22e-05,80.0,150.0,W/m/K,0.00013095,0.81923,-122.33,13993,90.0,2000,W/m/K,4.76173E+06,-11.5565,30.6629,-31.8937,12.678,240.91,483.15,J/kmol
Ethylacetylene,440.0,K,4600000.0,Pa,0.208,m3/kmol,0.262,281.21,K,54.0904,0.08322,m3/kmol,0.245,165200000.0,J/kmol,202250000.0,J/kmol,-2464700000.0,J/kmol,1.3447,0.27928,440.0,0.29778,147.43,440.0,kmol/m3,76.044,-5031.59,-8.40406,9.68e-06,2.0,147.43,440.0,Pa,46085,-1304.5,21.195,-0.015382,3.31e-05,83.8,135,J/kmol/K,20786,0.0,0.0,0.0,0.0,50.0,1500,J/kmol/K,-99.903,1347.5,17.615,-0.00032893,2,84.1,150.0,Pa.s,-0.30397,-0.82999,-0.71462,-0.00039294,-1.22e-05,80.0,150.0,W/m/K,0.00013095,0.81923,-122.33,13993,90.0,2000,W/m/K,3.60472E+07,0.546439,-0.26185,0,0,147.43,463.15,J/kmol
"1,2-butadiene",452.0,K,4360000.0,Pa,0.22,m3/kmol,0.255,284.0,K,54.0904,0.0838169,m3/kmol,0.165877,162300000.0,J/kmol,198600000.0,J/kmol,-2461700000.0,J/kmol,0.86492,0.22148,452.0,0.28373,136.95,452.0,kmol/m3,53.2758,-4559.62,-4.46417,-6.77e-06,2.0,136.95,452.0,Pa,46085,-1304.5,21.195,-0.015382,3.31e-05,83.8,135,J/kmol/K,20786,0.0,0.0,0.0,0.0,50.0,1500,J/kmol/K,-99.903,1347.5,17.615,-0.00032893,2,84.1,150.0,Pa.s,-0.30397,-0.82999,-0.71462,-0.00039294,-1.22e-05,80.0,150.0,W/m/K,0.00013095,0.81923,-122.33,13993,90.0,2000,W/m/K,3.7159E+07,0.824251,0.000387028,-2.25342,2.02461,136.95,452,J/kmol
"1,3-butadiene",425.0,K,4320000.0,Pa,0.221,m3/kmol,0.27,268.62,K,54.0904,0.08804,m3/kmol,0.195,109240000.0,J/kmol,149720000.0,J/kmol,-2409000000.0,J/kmol,1.3314,0.28213,425.0,0.30137,164.2,413.1,kmol/m3,64.8182,-4314.79,-6.76648,8.59e-06,2.0,164.0,425.1,Pa,46085,-1304.5,21.195,-0.015382,3.31e-05,83.8,135,J/kmol/K,20786,0.0,0.0,0.0,0.0,50.0,1500,J/kmol/K,-99.903,1347.5,17.615,-0.00032893,2,84.1,150.0,Pa.s,-0.30397,-0.82999,-0.71462,-0.00039294,-1.22e-05,80.0,150.0,W/m/K,0.00013095,0.81923,-122.33,13993,90.0,2000,W/m/K,3.4211E+07,0.45981,0.016247,-0.15407,0.054476,164.25,413.15,J/kmol
1-butene,419.5,K,4020000.0,Pa,0.2408,m3/kmol,0.278,266.92,K,56.1063,0.09534,m3/kmol,0.194,-500000.0,J/kmol,70410000.0,J/kmol,-2540800000.0,J/kmol,0.98,0.25169,419.54,0.26645,87.8,419.53,kmol/m3,44.4709,-3669.81,-3.46223,2e-06,2.0,87.8,419.5,Pa,46085,-1304.5,21.195,-0.015382,3.31e-05,83.8,135,J/kmol/K,20786,0.0,0.0,0.0,0.0,50.0,1500,J/kmol/K,-99.903,1347.5,17.615,-0.00032893,2,84.1,150.0,Pa.s,-0.30397,-0.82999,-0.71462,-0.00039294,-1.22e-05,80.0,150.0,W/m/K,0.00013095,0.81923,-122.33,13993,90.0,2000,W/m/K,3.5338E+07,0.68186,-0.28099,-0.25369,0.26017,87.8,419.5,J/kmol
Cis-2-butene,435.5,K,4210000.0,Pa,0.2338,m3/kmol,0.269,276.87,K,56.1063,0.09101,m3/kmol,0.203,-7400000.0,J/kmol,65360000.0,J/kmol,-2533900000.0,J/kmol,1.1591,0.27085,435.5,0.28116,134.26,435.5,kmol/m3,82.9244,-5022.63,-9.65237,1.34e-05,2.0,134.26,435.58,Pa,46085,-1304.5,21.195,-0.015382,3.31e-05,83.8,135,J/kmol/K,20786,0.0,0.0,0.0,0.0,50.0,1500,J/kmol/K,-99.903,1347.5,17.615,-0.00032893,2,84.1,150.0,Pa.s,-0.30397,-0.82999,-0.71462,-0.00039294,-1.22e-05,80.0,150.0,W/m/K,0.00013095,0.81923,-122.33,13993,90.0,2000,W/m/K,3.4358E+07,0.38004,0,0,0,134.26,435.5,J/kmol
Trans-2-butene,428.6,K,4100000.0,Pa,0.2377,m3/kmol,0.276,274.03,K,56.1063,0.09365,m3/kmol,0.218,-11000000.0,J/kmol,63200000.0,J/kmol,-2530000000.0,J/kmol,1.1523,0.27235,428.6,0.28543,167.62,428.6,kmol/m3,56.602,-4026.7,-5.5178,7.92e-06,2.0,167.62,428.63,Pa,46085,-1304.5,21.195,-0.015382,3.31e-05,83.8,135,J/kmol/K,20786,0.0,0.0,0.0,0.0,50.0,1500,J/kmol/K,-99.903,1347.5,17.615,-0.00032893,2,84.1,150.0,Pa.s,-0.30397,-0.82999,-0.71462,-0.00039294,-1.22e-05,80.0,150.0,W/m/K,0.00013095,0.81923,-122.33,13993,90.0,2000,W/m/K,3.3476E+07,0.31355,0.41478,-0.75555,0.40695,167.62,428.6,J/kmol
Isobutene,417.9,K,4000000.0,Pa,0.2388,m3/kmol,0.275,266.24,K,56.1063,0.09524,m3/kmol,0.2,-17100000.0,J/kmol,58080000.0,J/kmol,-2524200000.0,J/kmol,1.01,0.25611,417.9,0.2642,132.81,417.9,kmol/m3,47.1388,-3682.16,-3.95251,4.04e-06,2.0,132.81,417.9,Pa,46085,-1304.5,21.195,-0.015382,3.31e-05,83.8,135,J/kmol/K,20786,0.0,0.0,0.0,0.0,50.0,1500,J/kmol/K,-99.903,1347.5,17.615,-0.00032893,2,84.1,150.0,Pa.s,-0.30397,-0.82999,-0.71462,-0.00039294,-1.22e-05,80.0,150.0,W/m/K,0.00013095,0.81923,-122.33,13993,90.0,2000,W/m/K,3.916E+07,1.1638,-1.4033,0.81203,-0.13521,132.81,417.9,J/kmol
2-methylpropanal,507.0,K,4100000.0,Pa,0.263,m3/kmol,0.256,337.25,K,72.1057,0.0920264,m3/kmol,0.36218,-215800000.0,J/kmol,-121400000.0,J/kmol,-2291300000.0,J/kmol,0.97266,0.25698,507.0,0.28571,208.15,507.0,kmol/m3,102.173,-7116.02,-12.1659,1.12e-05,2.0,208.15,507.0,Pa,46085,-1304.5,21.195,-0.015382,3.31e-05,83.8,135,J/kmol/K,20786,0.0,0.0,0.0,0.0,50.0,1500,J/kmol/K,-99.903,1347.5,17.615,-0.00032893,2,84.1,150.0,Pa.s,-0.30397,-0.82999,-0.71462,-0.00039294,-1.22e-05,80.0,150.0,W/m/K,0.00013095,0.81923,-122.33,13993,90.0,2000,W/m/K,4.95108E+07,0.263532,1.20966,-2.27157,1.2233,208.15,507,J/kmol
Methyl ethyl ketone,536.8,K,4210000.0,Pa,0.267,m3/kmol,0.252,352.71,K,72.1057,0.09013,m3/kmol,0.322,-239000000.0,J/kmol,-147000000.0,J/kmol,-2268000000.0,J/kmol,0.16518,0.10716,536.8,0.15066,186.48,535.5,kmol/m3,84.0001,-6498.96,-9.38958,8.32e-06,2.0,186.48,535.5,Pa,46085,-1304.5,21.195,-0.015382,3.31e-05,83.8,135,J/kmol/K,20786,0.0,0.0,0.0,0.0,50.0,1500,J/kmol/K,-99.903,1347.5,17.615,-0.00032893,2,84.1,150.0,Pa.s,-0.30397,-0.82999,-0.71462,-0.00039294,-1.22e-05,80.0,150.0,W/m/K,0.00013095,0.81923,-122.33,13993,90.0,2000,W/m/K,4.7221E+07,0.30759,0.48591,-0.8645,0.45018,186.48,535.5,J/kmol
Tetrahydrofuran,540.2,K,5190000.0,Pa,0.224,m3/kmol,0.259,339.12,K,72.1057,0.08171,m3/kmol,0.225,-184180000.0,J/kmol,-79690000.0,J/kmol,-2325000000.0,J/kmol,1.054,0.25754,540.2,0.26776,164.65,540.15,kmol/m3,82.7435,-6236.55,-9.22114,7.81e-06,2.0,164.65,540.15,Pa,46085,-1304.5,21.195,-0.015382,3.31e-05,83.8,135,J/kmol/K,20786,0.0,0.0,0.0,0.0,50.0,1500,J/kmol/K,-99.903,1347.5,17.615,-0.00032893,2,84.1,150.0,Pa.s,-0.30397,-0.82999,-0.71462,-0.00039294,-1.22e-05,80.0,150.0,W/m/K,0.00013095,0.81923,-122.33,13993,90.0,2000,W/m/K,4.77063E+07,0.8303,-0.617577,-0.253996,0.501899,164.65,540.15,J/kmol
"1,4-dioxane",587.0,K,5170000.0,Pa,0.238,m3/kmol,0.255,374.5,K,88.1051,0.08529,m3/kmol,0.279262,-315800000.0,J/kmol,-181600000.0,J/kmol,-2186300000.0,J/kmol,1.0039,0.25926,587.0,0.28278,273.83,587.0,kmol/m3,50.115,-5577.21,-4.04685,2.08e-06,2.0,284.95,587.0,Pa,46085,-1304.5,21.195,-0.015382,3.31e-05,83.8,135,J/kmol/K,20786,0.0,0.0,0.0,0.0,50.0,1500,J/kmol/K,-99.903,1347.5,17.615,-0.00032893,2,84.1,150.0,Pa.s,-0.30397,-0.82999,-0.71462,-0.00039294,-1.22e-05,80.0,150.0,W/m/K,0.00013095,0.81923,-122.33,13993,90.0,2000,W/m/K,2.1367E+08,9.1812,-22.992,23.854,-9.34,274.17,587.56,J/kmol
N-butyric acid,624.0,K,4030000.0,Pa,0.292,m3/kmol,0.227,436.87,K,88.1051,0.09246,m3/kmol,0.72,-475800000.0,J/kmol,-360000000.0,J/kmol,-2008000000.0,J/kmol,0.702,0.22902,628.16,0.24275,267.95,628.15,kmol/m3,54.3105,-7692.65,-4.14871,2.62e-07,2.0,267.95,625.15,Pa,46085,-1304.5,21.195,-0.015382,3.31e-05,83.8,135,J/kmol/K,20786,0.0,0.0,0.0,0.0,50.0,1500,J/kmol/K,-99.903,1347.5,17.615,-0.00032893,2,84.1,150.0,Pa.s,-0.30397,-0.82999,-0.71462,-0.00039294,-1.22e-05,80.0,150.0,W/m/K,0.00013095,0.81923,-122.33,13993,90.0,2000,W/m/K,5.1387E+07,1.1517,-2.7656,2.6617,-0.66983,250,615.7,J/kmol
Ethyl acetate,523.2,K,3830000.0,Pa,0.286,m3/kmol,0.252,350.21,K,88.1051,0.09855,m3/kmol,0.361,-444500000.0,J/kmol,-328000000.0,J/kmol,-2061000000.0,J/kmol,0.78926,0.24295,523.26,0.25762,189.6,523.25,kmol/m3,93.1686,-7073.29,-10.6598,8.17e-06,2.0,189.6,523.3,Pa,46085,-1304.5,21.195,-0.015382,3.31e-05,83.8,135,J/kmol/K,20786,0.0,0.0,0.0,0.0,50.0,1500,J/kmol/K,-99.903,1347.5,17.615,-0.00032893,2,84.1,150.0,Pa.s,-0.30397,-0.82999,-0.71462,-0.00039294,-1.22e-05,80.0,150.0,W/m/K,0.00013095,0.81923,-122.33,13993,90.0,2000,W/m/K,4.9527E+07,0.37029,0.072685,-0.077493,0.017381,189.6,505.74,J/kmol
Methyl propionate,530.6,K,4000000.0,Pa,0.282,m3/kmol,0.256,352.6,K,88.1051,0.09693,m3/kmol,0.349,-427500000.0,J/kmol,-311000000.0,J/kmol,-2078000000.0,J/kmol,0.72945,0.23284,530.6,0.24422,185.65,530.55,kmol/m3,91.9736,-7071.99,-10.4626,7.77e-06,2.0,185.65,530.6,Pa,46085,-1304.5,21.195,-0.015382,3.31e-05,83.8,135,J/kmol/K,20786,0.0,0.0,0.0,0.0,50.0,1500,J/kmol/K,-99.903,1347.5,17.615,-0.00032893,2,84.1,150.0,Pa.s,-0.30397,-0.82999,-0.71462,-0.00039294,-1.22e-05,80.0,150.0,W/m/K,0.00013095,0.81923,-122.33,13993,90.0,2000,W/m/K,7.6303E+07,2.9196,-6.5593,6.8235,-2.6926,185.65,530.55,J/kmol
N-propyl formate,538.0,K,4060000.0,Pa,0.285,m3/kmol,0.259,354.69,K,88.1051,0.09794,m3/kmol,0.32,-407600000.0,J/kmol,-293600000.0,J/kmol,-2041000000.0,J/kmol,0.915,0.26134,538.0,0.28,180.25,538.0,kmol/m3,71.3527,-6244.56,-7.28009,4.22e-06,2.0,180.25,538.0,Pa,46085,-1304.5,21.195,-0.015382,3.31e-05,83.8,135,J/kmol/K,20786,0.0,0.0,0.0,0.0,50.0,1500,J/kmol/K,-99.903,1347.5,17.615,-0.00032893,2,84.1,150.0,Pa.s,-0.30397,-0.82999,-0.71462,-0.00039294,-1.22e-05,80.0,150.0,W/m/K,0.00013095,0.81923,-122.33,13993,90.0,2000,W/m/K,5.4144E+07,0.597341,-0.589234,1.00453,-0.602007,180.25,538,J/kmol
Sulfolane,868.0,K,6060000.0,Pa,0.3365,m3/kmol,0.345074,560.45,K,120.17,0.0952677,m3/kmol,0.378462,-372700000.0,J/kmol,-243100000.0,J/kmol,-2397000000.0,J/kmol,0.89997,0.26972,853.0,0.30746,300.55,853.0,kmol/m3,112.1,-12237.5,-12.6453,4.16e-06,2.0,273.15,853.0,Pa,46085,-1304.5,21.195,-0.015382,3.31e-05,83.8,135,J/kmol/K,20786,0.0,0.0,0.0,0.0,50.0,1500,J/kmol/K,-99.903,1347.5,17.615,-0.00032893,2,84.1,150.0,Pa.s,-0.30397,-0.82999,-0.71462,-0.00039294,-1.22e-05,80.0,150.0,W/m/K,0.00013095,0.81923,-122.33,13993,90.0,2000,W/m/K,1.60566E+08,3.82813,-7.67047,6.73913,-2.35393,300.55,853,J/kmol
"N,n-dimethylacetamide",658.0,K,4030000.0,Pa,0.321,m3/kmol,0.236,439.25,K,87.1204,0.0930285,m3/kmol,0.363509,-225000000.0,J/kmol,-88500000.0,J/kmol,-2380000000.0,J/kmol,0.72553,0.2328,658.0,0.27034,253.15,636.69,kmol/m3,67.333,-7592.9,-6.3978,2.15e-06,2.0,253.15,658.0,Pa,46085,-1304.5,21.195,-0.015382,3.31e-05,83.8,135,J/kmol/K,20786,0.0,0.0,0.0,0.0,50.0,1500,J/kmol/K,-99.903,1347.5,17.615,-0.00032893,2,84.1,150.0,Pa.s,-0.30397,-0.82999,-0.71462,-0.00039294,-1.22e-05,80.0,150.0,W/m/K,0.00013095,0.81923,-122.33,13993,90.0,2000,W/m/K,5.8939E+07,0.34564,-0.28415,0.52832,-0.2171,253.15,636.69,J/kmol
N-butane,425.12,K,3796000.0,Pa,0.255,m3/kmol,0.274,272.66,K,58.1222,0.10048,m3/kmol,0.199,-125790000.0,J/kmol,-16700000.0,J/kmol,-2657320000.0,J/kmol,1.0023,0.26457,425.17,0.27138,134.86,425.16,kmol/m3,68.5773,-4444.92,-7.39584,9.86e-06,2.0,134.86,425.16,Pa,46085,-1304.5,21.195,-0.015382,3.31e-05,83.8,135,J/kmol/K,20786,0.0,0.0,0.0,0.0,50.0,1500,J/kmol/K,-99.903,1347.5,17.615,-0.00032893,2,84.1,150.0,Pa.s,-0.30397,-0.82999,-0.71462,-0.00039294,-1.22e-05,80.0,150.0,W/m/K,0.00013095,0.81923,-122.33,13993,90.0,2000,W/m/K,3.6258E+07,0.83741,-0.83676,0.41526,-0.007606,134.86,425.16,J/kmol
Isobutane,407.85,K,3640000.0,Pa,0.2627,m3/kmol,0.278,261.34,K,58.1222,0.10436,m3/kmol,0.186,-134990000.0,J/kmol,-21440000.0,J/kmol,-2648120000.0,J/kmol,0.89934,0.25371,407.85,0.25125,113.54,407.84,kmol/m3,70.5887,-4298.16,-7.79864,1.16e-05,2.0,113.54,408.0,Pa,46085,-1304.5,21.195,-0.015382,3.31e-05,83.8,135,J/kmol/K,20786,0.0,0.0,0.0,0.0,50.0,1500,J/kmol/K,-99.903,1347.5,17.615,-0.00032893,2,84.1,150.0,Pa.s,-0.30397,-0.82999,-0.71462,-0.00039294,-1.22e-05,80.0,150.0,W/m/K,0.00013095,0.81923,-122.33,13993,90.0,2000,W/m/K,3.4869E+07,0.64449,-0.15424,-0.28822,0.20982,113.54,407.8,J/kmol
1-butanol,563.05,K,4423000.0,Pa,0.275,m3/kmol,0.26,390.88,K,74.1216,0.09196,m3/kmol,0.591,-274600000.0,J/kmol,-150300000.0,J/kmol,-2456010000.0,J/kmol,0.7931,0.24201,563.05,0.22263,184.51,543.08,kmol/m3,94.3424,-9140.94,-10.0038,1.71e-06,2.0,184.51,563.0,Pa,46085,-1304.5,21.195,-0.015382,3.31e-05,83.8,135,J/kmol/K,20786,0.0,0.0,0.0,0.0,50.0,1500,J/kmol/K,-99.903,1347.5,17.615,-0.00032893,2,84.1,150.0,Pa.s,-0.30397,-0.82999,-0.71462,-0.00039294,-1.22e-05,80.0,150.0,W/m/K,0.00013095,0.81923,-122.33,13993,90.0,2000,W/m/K,1.03317E+08,2.06129,-3.61269,3.24011,-1.12529,184.51,563,J/kmol
2-methyl-1-propanol,547.78,K,4300000.0,Pa,0.273,m3/kmol,0.258,381.04,K,74.1216,0.09291,m3/kmol,0.59,-283200000.0,J/kmol,-154900000.0,J/kmol,-2449000000.0,J/kmol,0.80194,0.24515,547.81,0.21175,165.15,547.8,kmol/m3,174.037,-12288.8,-22.2393,1.32e-05,2.0,165.15,547.8,Pa,46085,-1304.5,21.195,-0.015382,3.31e-05,83.8,135,J/kmol/K,20786,0.0,0.0,0.0,0.0,50.0,1500,J/kmol/K,-99.903,1347.5,17.615,-0.00032893,2,84.1,150.0,Pa.s,-0.30397,-0.82999,-0.71462,-0.00039294,-1.22e-05,80.0,150.0,W/m/K,0.00013095,0.81923,-122.33,13993,90.0,2000,W/m/K,6.1411E+07,-0.67703,2.6884,-2.3416,0.75942,165.15,527.66,J/kmol
2-butanol,536.05,K,4179000.0,Pa,0.269,m3/kmol,0.252,372.66,K,74.1216,0.09235,m3/kmol,0.574,-292900000.0,J/kmol,-169600000.0,J/kmol,-2440800000.0,J/kmol,0.65041,0.21558,536.05,0.22084,158.45,516.32,kmol/m3,145.55,-10811.0,-17.957,9.41e-06,2.0,158.45,536.2,Pa,46085,-1304.5,21.195,-0.015382,3.31e-05,83.8,135,J/kmol/K,20786,0.0,0.0,0.0,0.0,50.0,1500,J/kmol/K,-99.903,1347.5,17.615,-0.00032893,2,84.1,150.0,Pa.s,-0.30397,-0.82999,-0.71462,-0.00039294,-1.22e-05,80.0,150.0,W/m/K,0.00013095,0.81923,-122.33,13993,90.0,2000,W/m/K,9.12377E+07,1.77973,-3.38985,3.54649,-1.38526,158.45,516.32,J/kmol
2-methyl-2-propanol,506.21,K,3973000.0,Pa,0.275,m3/kmol,0.26,355.49,K,74.1216,0.09488,m3/kmol,0.613,-312400000.0,J/kmol,-177600000.0,J/kmol,-2423900000.0,J/kmol,0.40838,0.17034,508.88,0.1974,293.15,508.87,kmol/m3,196.898,-12439.8,-26.0311,1.99e-05,2.0,252.75,506.2,Pa,46085,-1304.5,21.195,-0.015382,3.31e-05,83.8,135,J/kmol/K,20786,0.0,0.0,0.0,0.0,50.0,1500,J/kmol/K,-99.903,1347.5,17.615,-0.00032893,2,84.1,150.0,Pa.s,-0.30397,-0.82999,-0.71462,-0.00039294,-1.22e-05,80.0,150.0,W/m/K,0.00013095,0.81923,-122.33,13993,90.0,2000,W/m/K,9.49928E+07,1.07739,-0.185452,-0.822732,0.535399,298,506.2,J/kmol
Diethyl ether,466.7,K,3640000.0,Pa,0.28,m3/kmol,0.263,307.59,K,74.1216,0.10475,m3/kmol,0.281,-252100000.0,J/kmol,-122100000.0,J/kmol,-2503500000.0,J/kmol,0.97479,0.27114,466.7,0.28433,156.85,466.7,kmol/m3,75.3975,-5436.85,-8.19387,7.81e-06,2.0,156.85,466.74,Pa,46085,-1304.5,21.195,-0.015382,3.31e-05,83.8,135,J/kmol/K,20786,0.0,0.0,0.0,0.0,50.0,1500,J/kmol/K,-99.903,1347.5,17.615,-0.00032893,2,84.1,150.0,Pa.s,-0.30397,-0.82999,-0.71462,-0.00039294,-1.22e-05,80.0,150.0,W/m/K,0.00013095,0.81923,-122.33,13993,90.0,2000,W/m/K,5.33157E+07,0.876213,0.475413,-1.94468,1.06163,156.85,466.7,J/kmol
Diethylene glycol,744.6,K,4600000.0,Pa,0.312,m3/kmol,0.232,517.95,K,106.12,0.0952681,m3/kmol,0.622105,-546400000.0,J/kmol,-384000000.0,J/kmol,-2155000000.0,J/kmol,0.81894,0.25823,744.6,0.23979,262.7,719.24,kmol/m3,46.2659,-10205.2,-2.10272,-7.04e-06,2.0,262.7,744.6,Pa,46085,-1304.5,21.195,-0.015382,3.31e-05,83.8,135,J/kmol/K,20786,0.0,0.0,0.0,0.0,50.0,1500,J/kmol/K,-99.903,1347.5,17.615,-0.00032893,2,84.1,150.0,Pa.s,-0.30397,-0.82999,-0.71462,-0.00039294,-1.22e-05,80.0,150.0,W/m/K,0.00013095,0.81923,-122.33,13993,90.0,2000,W/m/K,1.0853E+08,-0.00876655,1.77095,-1.35989,-0.0210292,262.7,744.6,J/kmol
Diethylamine,496.6,K,3710000.0,Pa,0.301,m3/kmol,0.27,328.6,K,73.1368,0.10424,m3/kmol,0.303856,-71420000.0,J/kmol,73080000.0,J/kmol,-2800300000.0,J/kmol,0.73036,0.23814,496.66,0.24991,223.35,496.65,kmol/m3,64.6839,-5484.94,-6.37255,4.19e-06,2.0,223.35,496.65,Pa,46085,-1304.5,21.195,-0.015382,3.31e-05,83.8,135,J/kmol/K,20786,0.0,0.0,0.0,0.0,50.0,1500,J/kmol/K,-99.903,1347.5,17.615,-0.00032893,2,84.1,150.0,Pa.s,-0.30397,-0.82999,-0.71462,-0.00039294,-1.22e-05,80.0,150.0,W/m/K,0.00013095,0.81923,-122.33,13993,90.0,2000,W/m/K,3.9118E+07,0.292165,-0.28266,0.355094,0.0257197,223.35,482.22,J/kmol
Furfural,670.15,K,5660000.0,Pa,0.252,m3/kmol,0.256,434.85,K,96.0841,0.0832248,m3/kmol,0.367784,-151000000.0,J/kmol,-102800000.0,J/kmol,-2256400000.0,J/kmol,1.0614,0.26706,670.15,0.30028,236.65,647.33,kmol/m3,25.656,-5514.0,-0.19573,-1.34e-06,2.0,236.65,670.15,Pa,46085,-1304.5,21.195,-0.015382,3.31e-05,83.8,135,J/kmol/K,20786,0.0,0.0,0.0,0.0,50.0,1500,J/kmol/K,-99.903,1347.5,17.615,-0.00032893,2,84.1,150.0,Pa.s,-0.30397,-0.82999,-0.71462,-0.00039294,-1.22e-05,80.0,150.0,W/m/K,0.00013095,0.81923,-122.33,13993,90.0,2000,W/m/K,6.3009E+07,0.4784,0.066802,-0.59102,0.42453,236.65,647.33,J/kmol
Pyridine,620.0,K,5670000.0,Pa,0.254,m3/kmol,0.267,388.37,K,79.0999,0.08088,m3/kmol,0.242,140370000.0,J/kmol,190490000.0,J/kmol,-2672100000.0,J/kmol,0.67102,0.2057,620.0,0.26001,231.51,619.95,kmol/m3,82.0537,-7269.58,-8.81008,4.82e-06,2.0,231.51,619.95,Pa,46085,-1304.5,21.195,-0.015382,3.31e-05,83.8,135,J/kmol/K,20786,0.0,0.0,0.0,0.0,50.0,1500,J/kmol/K,-99.903,1347.5,17.615,-0.00032893,2,84.1,150.0,Pa.s,-0.30397,-0.82999,-0.71462,-0.00039294,-1.22e-05,80.0,150.0,W/m/K,0.00013095,0.81923,-122.33,13993,90.0,2000,W/m/K,8.4421E+07,2.7457,-5.3078,4.8654,-1.7952,231.48,619.95,J/kmol
Isoprene,484.0,K,3850030.0,Pa,0.276,m3/kmol,0.264,307.205,K,68.117,0.100775,m3/kmol,0.158323,75730400.0,J/kmol,145896000.0,J/kmol,-2984240000.0,J/kmol,0.95762,0.265,484.0,0.28587,127.27,465.22,kmol/m3,59.6438,-4808.58,-5.72301,3.33e-06,2.0,127.27,484.0,Pa,46085,-1304.5,21.195,-0.015382,3.31e-05,83.8,135,J/kmol/K,20786,0.0,0.0,0.0,0.0,50.0,1500,J/kmol/K,-99.903,1347.5,17.615,-0.00032893,2,84.1,150.0,Pa.s,-0.30397,-0.82999,-0.71462,-0.00039294,-1.22e-05,80.0,150.0,W/m/K,0.00013095,0.81923,-122.33,13993,90.0,2000,W/m/K,4.7482E+07,1.7472,-3.7153,4.0508,-1.6134,127.27,465.22,J/kmol
Cyclopentane,511.6,K,4508000.0,Pa,0.26,m3/kmol,0.276,322.38,K,70.1329,0.09473,m3/kmol,0.194,-77030000.0,J/kmol,38850000.0,J/kmol,-3070900000.0,J/kmol,0.92461,0.26305,511.77,0.22002,179.28,511.76,kmol/m3,-74.7715,-401.058,15.6271,-2.61e-05,2.0,179.28,511.7,Pa,46085,-1304.5,21.195,-0.015382,3.31e-05,83.8,135,J/kmol/K,20786,0.0,0.0,0.0,0.0,50.0,1500,J/kmol/K,-99.903,1347.5,17.615,-0.00032893,2,84.1,150.0,Pa.s,-0.30397,-0.82999,-0.71462,-0.00039294,-1.22e-05,80.0,150.0,W/m/K,0.00013095,0.81923,-122.33,13993,90.0,2000,W/m/K,4.51362E+07,1.24832,-2.3113,2.40107,-0.943348,179.28,494.2,J/kmol
2-methyl-1-butene,465.0,K,3447000.0,Pa,0.292,m3/kmol,0.26,304.305,K,70.1329,0.10872,m3/kmol,0.234056,-35300000.0,J/kmol,66680000.0,J/kmol,-3115900000.0,J/kmol,0.91622,0.26752,465.0,0.28165,135.58,465.0,kmol/m3,77.293,-5304.15,-8.6076,9.51e-06,2.0,135.58,465.0,Pa,46085,-1304.5,21.195,-0.015382,3.31e-05,83.8,135,J/kmol/K,20786,0.0,0.0,0.0,0.0,50.0,1500,J/kmol/K,-99.903,1347.5,17.615,-0.00032893,2,84.1,150.0,Pa.s,-0.30397,-0.82999,-0.71462,-0.00039294,-1.22e-05,80.0,150.0,W/m/K,0.00013095,0.81923,-122.33,13993,90.0,2000,W/m/K,4.6374E+07,1.4214,-2.5789,2.5516,-0.95454,135.58,465,J/kmol
3-methyl-1-butene,452.7,K,3550000.0,Pa,0.3049,m3/kmol,0.288,293.21,K,70.1329,0.11277,m3/kmol,0.211,-27600000.0,J/kmol,76050000.0,J/kmol,-3125300000.0,J/kmol,0.85968,0.26229,452.7,0.27579,104.66,434.38,kmol/m3,74.6616,-4956.26,-8.29005,1e-05,2.0,104.66,452.7,Pa,46085,-1304.5,21.195,-0.015382,3.31e-05,83.8,135,J/kmol/K,20786,0.0,0.0,0.0,0.0,50.0,1500,J/kmol/K,-99.903,1347.5,17.615,-0.00032893,2,84.1,150.0,Pa.s,-0.30397,-0.82999,-0.71462,-0.00039294,-1.22e-05,80.0,150.0,W/m/K,0.00013095,0.81923,-122.33,13993,90.0,2000,W/m/K,3.9174E+07,0.58094,0.12579,-0.78785,0.49354,104.66,434.38,J/kmol
2-methyl-2-butene,470.0,K,3860000.0,Pa,0.292,m3/kmol,0.288,311.7,K,70.1329,0.10757,m3/kmol,0.339,-41800000.0,J/kmol,60450000.0,J/kmol,-3108800000.0,J/kmol,0.93623,0.2731,470.0,0.25849,139.39,470.0,kmol/m3,82.2327,-5590.5,-9.36666,1.05e-05,2.0,139.39,470.0,Pa,46085,-1304.5,21.195,-0.015382,3.31e-05,83.8,135,J/kmol/K,20786,0.0,0.0,0.0,0.0,50.0,1500,J/kmol/K,-99.903,1347.5,17.615,-0.00032893,2,84.1,150.0,Pa.s,-0.30397,-0.82999,-0.71462,-0.00039294,-1.22e-05,80.0,150.0,W/m/K,0.00013095,0.81923,-122.33,13993,90.0,2000,W/m/K,4.3456E+07,0.64226,-0.070051,-0.5395,0.35656,139.39,470,J/kmol
1-pentene,464.8,K,3560000.0,Pa,0.2984,m3/kmol,0.275,303.11,K,70.1329,0.1104,m3/kmol,0.237,-21620000.0,J/kmol,78370000.0,J/kmol,-3130370000.0,J/kmol,0.44335,0.18566,473.43,0.23587,108.02,473.42,kmol/m3,39.5295,-3893.4,-2.6865,1.95e-06,2.0,108.02,465.1,Pa,46085,-1304.5,21.195,-0.015382,3.31e-05,83.8,135,J/kmol/K,20786,0.0,0.0,0.0,0.0,50.0,1500,J/kmol/K,-99.903,1347.5,17.615,-0.00032893,2,84.1,150.0,Pa.s,-0.30397,-0.82999,-0.71462,-0.00039294,-1.22e-05,80.0,150.0,W/m/K,0.00013095,0.81923,-122.33,13993,90.0,2000,W/m/K,3.07728E+07,-0.570706,2.2434,-2.25806,0.928488,108.02,464.8,J/kmol
Cis-2-pentene,475.0,K,3690000.0,Pa,0.3021,m3/kmol,0.273,310.07,K,70.1329,0.10785,m3/kmol,0.253,-26300000.0,J/kmol,73700000.0,J/kmol,-3123000000.0,J/kmol,0.90921,0.26313,475.0,0.30422,121.75,475.0,kmol/m3,87.5494,-5782.46,-10.1897,1.13e-05,2.0,121.75,475.0,Pa,46085,-1304.5,21.195,-0.015382,3.31e-05,83.8,135,J/kmol/K,20786,0.0,0.0,0.0,0.0,50.0,1500,J/kmol/K,-99.903,1347.5,17.615,-0.00032893,2,84.1,150.0,Pa.s,-0.30397,-0.82999,-0.71462,-0.00039294,-1.22e-05,80.0,150.0,W/m/K,0.00013095,0.81923,-122.33,13993,90.0,2000,W/m/K,3.80889E+07,0.541071,-0.876512,1.30092,-0.612383,121.75,475,J/kmol
Trans-2-pentene,474.2,K,3660000.0,Pa,0.293,m3/kmol,0.272,309.49,K,70.1329,0.1091,m3/kmol,0.248372,-31100000.0,J/kmol,69800000.0,J/kmol,-3119000000.0,J/kmol,0.9122,0.26869,474.2,0.28253,132.89,474.2,kmol/m3,77.717,-5422.6,-8.6403,9.2e-06,2.0,132.89,474.2,Pa,46085,-1304.5,21.195,-0.015382,3.31e-05,83.8,135,J/kmol/K,20786,0.0,0.0,0.0,0.0,50.0,1500,J/kmol/K,-99.903,1347.5,17.615,-0.00032893,2,84.1,150.0,Pa.s,-0.30397,-0.82999,-0.71462,-0.00039294,-1.22e-05,80.0,150.0,W/m/K,0.00013095,0.81923,-122.33,13993,90.0,2000,W/m/K,4.3712E+07,0.84137,-0.81266,0.47134,-0.094225,132.89,474.2,J/kmol
3-pentanone,561.5,K,3730000.0,Pa,0.336,m3/kmol,0.268,375.14,K,86.1323,0.10641,m3/kmol,0.342,-257900000.0,J/kmol,-134400000.0,J/kmol,-2880400000.0,J/kmol,0.68664,0.23603,561.5,0.27471,234.18,543.75,kmol/m3,58.885,-6044.5,-5.3259,2.31e-06,2.0,234.18,560.95,Pa,46085,-1304.5,21.195,-0.015382,3.31e-05,83.8,135,J/kmol/K,20786,0.0,0.0,0.0,0.0,50.0,1500,J/kmol/K,-99.903,1347.5,17.615,-0.00032893,2,84.1,150.0,Pa.s,-0.30397,-0.82999,-0.71462,-0.00039294,-1.22e-05,80.0,150.0,W/m/K,0.00013095,0.81923,-122.33,13993,90.0,2000,W/m/K,5.08373E+07,0.764461,-0.828447,-0.00277131,0.530942,234.18,560.95,J/kmol
Methyl isopropyl ketone,567.7,K,3620000.0,Pa,0.31,m3/kmol,0.238,367.55,K,86.1323,0.10791,m3/kmol,0.216,-262600000.0,J/kmol,-139300000.0,J/kmol,-2877000000.0,J/kmol,0.22922,0.13849,567.7,0.18207,180.15,533.76,kmol/m3,57.033,-5794.3,-5.09,2.4e-06,2.0,180.15,553.4,Pa,46085,-1304.5,21.195,-0.015382,3.31e-05,83.8,135,J/kmol/K,20786,0.0,0.0,0.0,0.0,50.0,1500,J/kmol/K,-99.903,1347.5,17.615,-0.00032893,2,84.1,150.0,Pa.s,-0.30397,-0.82999,-0.71462,-0.00039294,-1.22e-05,80.0,150.0,W/m/K,0.00013095,0.81923,-122.33,13993,90.0,2000,W/m/K,1.3282E+07,-7.59695,21.963,-24.7737,10.6673,180.15,553.4,J/kmol
N-propyl acetate,549.4,K,3330000.0,Pa,0.345,m3/kmol,0.252,374.65,K,102.132,0.11572,m3/kmol,0.389,-464800000.0,J/kmol,-320400000.0,J/kmol,-2672000000.0,J/kmol,0.57751,0.2255,549.4,0.25884,178.15,549.35,kmol/m3,106.661,-8095.02,-12.6216,9e-06,2.0,178.15,549.73,Pa,46085,-1304.5,21.195,-0.015382,3.31e-05,83.8,135,J/kmol/K,20786,0.0,0.0,0.0,0.0,50.0,1500,J/kmol/K,-99.903,1347.5,17.615,-0.00032893,2,84.1,150.0,Pa.s,-0.30397,-0.82999,-0.71462,-0.00039294,-1.22e-05,80.0,150.0,W/m/K,0.00013095,0.81923,-122.33,13993,90.0,2000,W/m/K,8.0475E+07,1.79802,-2.25987,1.29347,-0.333711,178.15,549.35,J/kmol
Isopentane,460.39,K,3381000.0,Pa,0.3083,m3/kmol,0.272,300.99,K,72.1488,0.11646,m3/kmol,0.229,-153700000.0,J/kmol,-14050000.0,J/kmol,-3239540000.0,J/kmol,0.73194,0.24835,460.99,0.25733,113.15,460.98,kmol/m3,71.0429,-4967.23,-7.67438,8.66e-06,2.0,113.25,460.4,Pa,46085,-1304.5,21.195,-0.015382,3.31e-05,83.8,135,J/kmol/K,20786,0.0,0.0,0.0,0.0,50.0,1500,J/kmol/K,-99.903,1347.5,17.615,-0.00032893,2,84.1,150.0,Pa.s,-0.30397,-0.82999,-0.71462,-0.00039294,-1.22e-05,80.0,150.0,W/m/K,0.00013095,0.81923,-122.33,13993,90.0,2000,W/m/K,4.14248E+07,0.799342,-0.581969,0.0834724,0.117826,113.25,460.4,J/kmol
N-pentane,469.7,K,3370000.0,Pa,0.311,m3/kmol,0.268,309.22,K,72.1488,0.11522,m3/kmol,0.251,-146760000.0,J/kmol,-8813000.0,J/kmol,-3244940000.0,J/kmol,0.77386,0.25574,469.7,0.26319,143.42,469.65,kmol/m3,72.1424,-5265.59,-7.72071,7.15e-06,2.0,143.42,469.7,Pa,46085,-1304.5,21.195,-0.015382,3.31e-05,83.8,135,J/kmol/K,20786,0.0,0.0,0.0,0.0,50.0,1500,J/kmol/K,-99.903,1347.5,17.615,-0.00032893,2,84.1,150.0,Pa.s,-0.30397,-0.82999,-0.71462,-0.00039294,-1.22e-05,80.0,150.0,W/m/K,0.00013095,0.81923,-122.33,13993,90.0,2000,W/m/K,4.0854E+07,0.25483,0.96045,-1.5349,0.72504,143.42,469.5,J/kmol
Neopentane,433.75,K,3199000.0,Pa,0.3032,m3/kmol,0.269,282.65,K,72.1488,0.12216,m3/kmol,0.197,-168070000.0,J/kmol,-17140000.0,J/kmol,-3250390000.0,J/kmol,0.90246,0.2775,433.8,0.29085,256.6,433.8,kmol/m3,85.887,-5169.0,-10.119,1.31e-05,2.0,246.05,433.8,Pa,46085,-1304.5,21.195,-0.015382,3.31e-05,83.8,135,J/kmol/K,20786,0.0,0.0,0.0,0.0,50.0,1500,J/kmol/K,-99.903,1347.5,17.615,-0.00032893,2,84.1,150.0,Pa.s,-0.30397,-0.82999,-0.71462,-0.00039294,-1.22e-05,80.0,150.0,W/m/K,0.00013095,0.81923,-122.33,13993,90.0,2000,W/m/K,3.3957E+07,0.38208,0,0,0,256.6,433.8,J/kmol
"1,2,4-trichlorobenzene",725.0,K,3720000.0,Pa,0.395,m3/kmol,0.244,486.15,K,181.447,0.12525,m3/kmol,0.358106,-11757000.0,J/kmol,43052300.0,J/kmol,-2656320000.0,J/kmol,0.61713,0.2524,725.0,0.2857,290.15,725.0,kmol/m3,47.204,-7460.65,-3.16487,-3.32e-06,2.0,290.15,725.0,Pa,46085,-1304.5,21.195,-0.015382,3.31e-05,83.8,135,J/kmol/K,20786,0.0,0.0,0.0,0.0,50.0,1500,J/kmol/K,-99.903,1347.5,17.615,-0.00032893,2,84.1,150.0,Pa.s,-0.30397,-0.82999,-0.71462,-0.00039294,-1.22e-05,80.0,150.0,W/m/K,0.00013095,0.81923,-122.33,13993,90.0,2000,W/m/K,6.897E+07,0.4026,0,0,0,290.15,725,J/kmol
M-dichlorobenzene,683.95,K,4070000.0,Pa,0.351,m3/kmol,0.251,446.23,K,147.002,0.114533,m3/kmol,0.27898,25700000.0,J/kmol,77900000.0,J/kmol,-2825000000.0,J/kmol,0.74132,0.26094,683.95,0.31392,248.39,683.95,kmol/m3,100.37,-9087.0,-11.404,5.51e-06,2.0,248.39,683.95,Pa,46085,-1304.5,21.195,-0.015382,3.31e-05,83.8,135,J/kmol/K,20786,0.0,0.0,0.0,0.0,50.0,1500,J/kmol/K,-99.903,1347.5,17.615,-0.00032893,2,84.1,150.0,Pa.s,-0.30397,-0.82999,-0.71462,-0.00039294,-1.22e-05,80.0,150.0,W/m/K,0.00013095,0.81923,-122.33,13993,90.0,2000,W/m/K,5.2076E+07,0.15554,-0.20298,0.94291,-0.55524,248.39,683.95,J/kmol
O-dichlorobenzene,705.0,K,4070000.0,Pa,0.351,m3/kmol,0.244,453.57,K,147.002,0.112969,m3/kmol,0.219189,30200000.0,J/kmol,82900000.0,J/kmol,-2826000000.0,J/kmol,0.74261,0.26108,705.0,0.30655,256.15,705.0,kmol/m3,75.7598,-8226.76,-7.55275,6.19e-07,2.0,256.15,705.0,Pa,46085,-1304.5,21.195,-0.015382,3.31e-05,83.8,135,J/kmol/K,20786,0.0,0.0,0.0,0.0,50.0,1500,J/kmol/K,-99.903,1347.5,17.615,-0.00032893,2,84.1,150.0,Pa.s,-0.30397,-0.82999,-0.71462,-0.00039294,-1.22e-05,80.0,150.0,W/m/K,0.00013095,0.81923,-122.33,13993,90.0,2000,W/m/K,8.774E+07,2.8227,-6.8433,7.6547,-3.1275,256.15,705,J/kmol
P-dichlorobenzene,684.75,K,4070000.0,Pa,0.351,m3/kmol,0.251,447.21,K,147.002,0.117406,m3/kmol,0.284638,22500000.0,J/kmol,76700000.0,J/kmol,-2802000000.0,J/kmol,0.74861,0.26271,684.75,0.30815,326.14,684.75,kmol/m3,40.6369,-6607.72,-2.22118,-3.91e-06,2.0,298.15,684.75,Pa,46085,-1304.5,21.195,-0.015382,3.31e-05,83.8,135,J/kmol/K,20786,0.0,0.0,0.0,0.0,50.0,1500,J/kmol/K,-99.903,1347.5,17.615,-0.00032893,2,84.1,150.0,Pa.s,-0.30397,-0.82999,-0.71462,-0.00039294,-1.22e-05,80.0,150.0,W/m/K,0.00013095,0.81923,-122.33,13993,90.0,2000,W/m/K,6.11263E+07,0.426201,-0.0366365,0.00811781,-0.00754654,298.15,684.75,J/kmol
Bromobenzene,670.15,K,4519100.0,Pa,0.324,m3/kmol,0.263,429.236,K,157.008,0.105567,m3/kmol,0.250575,105018000.0,J/kmol,138532000.0,J/kmol,-3019170000.0,J/kmol,0.8226,0.26632,670.15,0.2821,242.43,670.15,kmol/m3,146.632,-10375.1,-18.749,1.47e-05,2.0,242.43,670.15,Pa,46085,-1304.5,21.195,-0.015382,3.31e-05,83.8,135,J/kmol/K,20786,0.0,0.0,0.0,0.0,50.0,1500,J/kmol/K,-99.903,1347.5,17.615,-0.00032893,2,84.1,150.0,Pa.s,-0.30397,-0.82999,-0.71462,-0.00039294,-1.22e-05,80.0,150.0,W/m/K,0.00013095,0.81923,-122.33,13993,90.0,2000,W/m/K,5.65636E+07,0.347537,0.135082,0.0123621,-0.140849,242.43,647.64,J/kmol
Monochlorobenzene,632.4,K,4520000.0,Pa,0.308,m3/kmol,0.265,404.91,K,112.557,0.10222,m3/kmol,0.251,51090000.0,J/kmol,98290000.0,J/kmol,-2976000000.0,J/kmol,0.78287,0.25464,632.4,0.26342,227.95,632.35,kmol/m3,51.4133,-6020.54,-4.20414,1.29e-06,2.0,227.95,632.35,Pa,46085,-1304.5,21.195,-0.015382,3.31e-05,83.8,135,J/kmol/K,20786,0.0,0.0,0.0,0.0,50.0,1500,J/kmol/K,-99.903,1347.5,17.615,-0.00032893,2,84.1,150.0,Pa.s,-0.30397,-0.82999,-0.71462,-0.00039294,-1.22e-05,80.0,150.0,W/m/K,0.00013095,0.81923,-122.33,13993,90.0,2000,W/m/K,4.9039E+07,0.24473,-0.048652,0.40537,-0.25012,227.95,632.35,J/kmol
Iodobenzene,721.15,K,4519100.0,Pa,0.351,m3/kmol,0.265,461.6,K,204.008,0.111976,m3/kmol,0.246574,164900000.0,J/kmol,190200000.0,J/kmol,-3050000000.0,J/kmol,0.7521,0.26381,721.15,0.2895,241.83,721.15,kmol/m3,79.186,-8185.3,-8.2636,3.6e-06,2.0,241.83,721.15,Pa,46085,-1304.5,21.195,-0.015382,3.31e-05,83.8,135,J/kmol/K,20786,0.0,0.0,0.0,0.0,50.0,1500,J/kmol/K,-99.903,1347.5,17.615,-0.00032893,2,84.1,150.0,Pa.s,-0.30397,-0.82999,-0.71462,-0.00039294,-1.22e-05,80.0,150.0,W/m/K,0.00013095,0.81923,-122.33,13993,90.0,2000,W/m/K,6.14882E+07,0.433906,-0.0102943,-0.0130647,-0.0329532,241.83,721.15,J/kmol
Nitrobenzene,719.0,K,4400000.0,Pa,0.349,m3/kmol,0.257,483.95,K,123.109,0.102717,m3/kmol,0.449158,67500000.0,J/kmol,163000000.0,J/kmol,-2978200000.0,J/kmol,0.69124,0.24124,719.0,0.28137,273.15,719.0,kmol/m3,112.23,-10538.9,-12.9569,5.12e-06,2.0,263.15,719.0,Pa,46085,-1304.5,21.195,-0.015382,3.31e-05,83.8,135,J/kmol/K,20786,0.0,0.0,0.0,0.0,50.0,1500,J/kmol/K,-99.903,1347.5,17.615,-0.00032893,2,84.1,150.0,Pa.s,-0.30397,-0.82999,-0.71462,-0.00039294,-1.22e-05,80.0,150.0,W/m/K,0.00013095,0.81923,-122.33,13993,90.0,2000,W/m/K,4.9884E+07,-2.0813,7.5215,-8.8126,3.6947,278.91,695.84,J/kmol
Benzene,562.05,K,4895000.0,Pa,0.256,m3/kmol,0.268,353.24,K,78.1118,0.08941,m3/kmol,0.209,82880000.0,J/kmol,129600000.0,J/kmol,-3136000000.0,J/kmol,0.99938,0.26348,562.05,0.27856,273.1,562.05,kmol/m3,88.368,-6712.9,-10.022,7.69e-06,2.0,272.04,562.16,Pa,46085,-1304.5,21.195,-0.015382,3.31e-05,83.8,135,J/kmol/K,20786,0.0,0.0,0.0,0.0,50.0,1500,J/kmol/K,-99.903,1347.5,17.615,-0.00032893,2,84.1,150.0,Pa.s,-0.30397,-0.82999,-0.71462,-0.00039294,-1.22e-05,80.0,150.0,W/m/K,0.00013095,0.81923,-122.33,13993,90.0,2000,W/m/K,4.881E+07,0.61066,-0.25882,0.032238,0.022475,273.1,562.05,J/kmol
Phenol,694.25,K,6130000.0,Pa,0.229,m3/kmol,0.243,455.04,K,94.1112,0.08787,m3/kmol,0.442,-96399000.0,J/kmol,-32637000.0,J/kmol,-2921000000.0,J/kmol,1.4937,0.32883,694.25,0.34018,314.06,688.71,kmol/m3,177.004,-13687.7,-22.5191,1.17e-05,2.0,310.45,694.25,Pa,46085,-1304.5,21.195,-0.015382,3.31e-05,83.8,135,J/kmol/K,20786,0.0,0.0,0.0,0.0,50.0,1500,J/kmol/K,-99.903,1347.5,17.615,-0.00032893,2,84.1,150.0,Pa.s,-0.30397,-0.82999,-0.71462,-0.00039294,-1.22e-05,80.0,150.0,W/m/K,0.00013095,0.81923,-122.33,13993,90.0,2000,W/m/K,7.27028E+07,-0.265673,2.24854,-2.01871,0.353169,314.06,674.24,J/kmol
Aniline,699.0,K,5310000.0,Pa,0.2739,m3/kmol,0.256,457.17,K,93.1265,0.09152,m3/kmol,0.38,87100000.0,J/kmol,166800000.0,J/kmol,-3239000000.0,J/kmol,1.0034,0.27828,699.16,0.26553,263.15,699.15,kmol/m3,51.415,-7256.78,-3.96885,1.89e-06,1.94184,267.13,699.15,Pa,46085,-1304.5,21.195,-0.015382,3.31e-05,83.8,135,J/kmol/K,20786,0.0,0.0,0.0,0.0,50.0,1500,J/kmol/K,-99.903,1347.5,17.615,-0.00032893,2,84.1,150.0,Pa.s,-0.30397,-0.82999,-0.71462,-0.00039294,-1.22e-05,80.0,150.0,W/m/K,0.00013095,0.81923,-122.33,13993,90.0,2000,W/m/K,6.51805E+07,-0.829815,5.22158,-7.58773,3.67268,267.13,699.15,J/kmol
Cyclohexanone,653.0,K,4000000.0,Pa,0.311,m3/kmol,0.229,428.58,K,98.143,0.104111,m3/kmol,0.299006,-226100000.0,J/kmol,-90280000.0,J/kmol,-3299000000.0,J/kmol,0.8601,0.26829,653.0,0.29808,242.0,631.37,kmol/m3,69.9389,-7280.53,-6.94311,3.62e-06,2.0,241.45,653.0,Pa,46085,-1304.5,21.195,-0.015382,3.31e-05,83.8,135,J/kmol/K,20786,0.0,0.0,0.0,0.0,50.0,1500,J/kmol/K,-99.903,1347.5,17.615,-0.00032893,2,84.1,150.0,Pa.s,-0.30397,-0.82999,-0.71462,-0.00039294,-1.22e-05,80.0,150.0,W/m/K,0.00013095,0.81923,-122.33,13993,90.0,2000,W/m/K,6.763E+07,1.0666,-1.0647,0.39633,0.019258,242,631.37,J/kmol
Cyclohexane,553.5,K,4073000.0,Pa,0.308,m3/kmol,0.273,353.93,K,84.1595,0.10875,m3/kmol,0.211,-123300000.0,J/kmol,31910000.0,J/kmol,-3656000000.0,J/kmol,0.93459,0.28022,553.5,0.29409,279.69,539.37,kmol/m3,79.8297,-6246.69,-8.77877,6.93e-06,2.0,263.06,553.8,Pa,46085,-1304.5,21.195,-0.015382,3.31e-05,83.8,135,J/kmol/K,20786,0.0,0.0,0.0,0.0,50.0,1500,J/kmol/K,-99.903,1347.5,17.615,-0.00032893,2,84.1,150.0,Pa.s,-0.30397,-0.82999,-0.71462,-0.00039294,-1.22e-05,80.0,150.0,W/m/K,0.00013095,0.81923,-122.33,13993,90.0,2000,W/m/K,4.4856E+07,0.35691,0.26181,-0.47647,0.25741,273.15,543.15,J/kmol
1-hexene,504.0,K,3143000.0,Pa,0.3551,m3/kmol,0.266,336.63,K,84.1595,0.1259,m3/kmol,0.281,-41670000.0,J/kmol,87000000.0,J/kmol,-3739700000.0,J/kmol,0.42588,0.20073,504.0,0.21659,133.39,503.53,kmol/m3,61.1897,-5302.03,-5.91435,4.39e-06,2.0,133.39,504.0,Pa,46085,-1304.5,21.195,-0.015382,3.31e-05,83.8,135,J/kmol/K,20786,0.0,0.0,0.0,0.0,50.0,1500,J/kmol/K,-99.903,1347.5,17.615,-0.00032893,2,84.1,150.0,Pa.s,-0.30397,-0.82999,-0.71462,-0.00039294,-1.22e-05,80.0,150.0,W/m/K,0.00013095,0.81923,-122.33,13993,90.0,2000,W/m/K,4.3654E+07,0.036065,1.7176,-2.6805,1.3349,133.39,484.49,J/kmol
Methylcyclopentane,532.79,K,3784000.0,Pa,0.319,m3/kmol,0.272,344.98,K,84.1595,0.11313,m3/kmol,0.227,-106200000.0,J/kmol,36300000.0,J/kmol,-3674100000.0,J/kmol,0.63455,0.23477,532.79,0.24394,130.73,532.7,kmol/m3,63.182,-5470.37,-6.21513,4.38e-06,2.0,130.73,532.7,Pa,46085,-1304.5,21.195,-0.015382,3.31e-05,83.8,135,J/kmol/K,20786,0.0,0.0,0.0,0.0,50.0,1500,J/kmol/K,-99.903,1347.5,17.615,-0.00032893,2,84.1,150.0,Pa.s,-0.30397,-0.82999,-0.71462,-0.00039294,-1.22e-05,80.0,150.0,W/m/K,0.00013095,0.81923,-122.33,13993,90.0,2000,W/m/K,4.98643E+07,0.75425,-0.186227,-0.50621,0.35999,130.72,532.7,J/kmol
Cyclohexanol,650.1,K,4260000.0,Pa,0.322,m3/kmol,0.254,434.0,K,100.159,0.105751,m3/kmol,0.369047,-286200000.0,J/kmol,-109500000.0,J/kmol,-3463900000.0,J/kmol,0.90826,0.27716,650.1,0.30685,296.6,631.49,kmol/m3,-31.6372,-3989.99,9.01327,-1.27e-05,2.0,296.6,650.1,Pa,46085,-1304.5,21.195,-0.015382,3.31e-05,83.8,135,J/kmol/K,20786,0.0,0.0,0.0,0.0,50.0,1500,J/kmol/K,-99.903,1347.5,17.615,-0.00032893,2,84.1,150.0,Pa.s,-0.30397,-0.82999,-0.71462,-0.00039294,-1.22e-05,80.0,150.0,W/m/K,0.00013095,0.81923,-122.33,13993,90.0,2000,W/m/K,7.12884E+07,0.392061,-2.16834,5.55204,-3.37693,296.6,631.49,J/kmol
"2,2-dimethylbutane",488.7,K,3080000.0,Pa,0.3591,m3/kmol,0.272,322.87,K,86.1754,0.13373,m3/kmol,0.233,-184680000.0,J/kmol,-8745000.0,J/kmol,-3841100000.0,J/kmol,0.68727,0.26184,489.01,0.26217,174.28,489.0,kmol/m3,94.2252,-6117.86,-11.2576,1.24e-05,2.0,174.28,489.0,Pa,46085,-1304.5,21.195,-0.015382,3.31e-05,83.8,135,J/kmol/K,20786,0.0,0.0,0.0,0.0,50.0,1500,J/kmol/K,-99.903,1347.5,17.615,-0.00032893,2,84.1,150.0,Pa.s,-0.30397,-0.82999,-0.71462,-0.00039294,-1.22e-05,80.0,150.0,W/m/K,0.00013095,0.81923,-122.33,13993,90.0,2000,W/m/K,5.85081E+07,1.59599,-1.4378,0.0287957,0.293443,174.28,472.44,J/kmol
"2,3-dimethylbutane",499.9,K,3130000.0,Pa,0.3576,m3/kmol,0.269,331.12,K,86.1754,0.13117,m3/kmol,0.248,-176800000.0,J/kmol,-3125000.0,J/kmol,-3847610000.0,J/kmol,0.67999,0.25932,500.01,0.25836,145.19,500.0,kmol/m3,76.8006,-5679.22,-8.4433,7.94e-06,2.0,145.19,500.0,Pa,46085,-1304.5,21.195,-0.015382,3.31e-05,83.8,135,J/kmol/K,20786,0.0,0.0,0.0,0.0,50.0,1500,J/kmol/K,-99.903,1347.5,17.615,-0.00032893,2,84.1,150.0,Pa.s,-0.30397,-0.82999,-0.71462,-0.00039294,-1.22e-05,80.0,150.0,W/m/K,0.00013095,0.81923,-122.33,13993,90.0,2000,W/m/K,4.7443E+07,0.91932,-0.91329,0.50392,-0.089442,145.19,481.33,J/kmol
N-hexane,507.6,K,3025000.0,Pa,0.368,m3/kmol,0.264,341.88,K,86.1754,0.13159,m3/kmol,0.297,-166940000.0,J/kmol,-66340.0,J/kmol,-3855100000.0,J/kmol,0.55661,0.23506,507.6,0.24183,177.83,507.35,kmol/m3,71.5663,-5848.97,-7.46028,5.08e-06,2.0,174.15,507.6,Pa,46085,-1304.5,21.195,-0.015382,3.31e-05,83.8,135,J/kmol/K,20786,0.0,0.0,0.0,0.0,50.0,1500,J/kmol/K,-99.903,1347.5,17.615,-0.00032893,2,84.1,150.0,Pa.s,-0.30397,-0.82999,-0.71462,-0.00039294,-1.22e-05,80.0,150.0,W/m/K,0.00013095,0.81923,-122.33,13993,90.0,2000,W/m/K,4.08624E+07,-1.01485,4.97802,-6.26617,2.68553,177.83,493.15,J/kmol
2-methylpentane,497.5,K,3010000.0,Pa,0.3667,m3/kmol,0.267,333.4,K,86.1754,0.13289,m3/kmol,0.278,-174550000.0,J/kmol,-5338000.0,J/kmol,-3849150000.0,J/kmol,0.657,0.25467,497.71,0.26808,119.55,497.7,kmol/m3,77.6873,-5802.91,-8.54327,7.87e-06,2.0,119.55,497.7,Pa,46085,-1304.5,21.195,-0.015382,3.31e-05,83.8,135,J/kmol/K,20786,0.0,0.0,0.0,0.0,50.0,1500,J/kmol/K,-99.903,1347.5,17.615,-0.00032893,2,84.1,150.0,Pa.s,-0.30397,-0.82999,-0.71462,-0.00039294,-1.22e-05,80.0,150.0,W/m/K,0.00013095,0.81923,-122.33,13993,90.0,2000,W/m/K,4.724E+07,0.784961,-0.571271,0.114935,0.0796185,119.55,477.8,J/kmol
3-methylpentane,504.4,K,3120000.0,Pa,0.3667,m3/kmol,0.273,336.4,K,86.1754,0.13062,m3/kmol,0.273,-172000000.0,J/kmol,-3420000.0,J/kmol,-3851370000.0,J/kmol,0.64191,0.2518,504.61,0.25114,110.25,504.6,kmol/m3,103.387,-6792.29,-12.5658,1.27e-05,2.0,110.25,504.6,Pa,46085,-1304.5,21.195,-0.015382,3.31e-05,83.8,135,J/kmol/K,20786,0.0,0.0,0.0,0.0,50.0,1500,J/kmol/K,-99.903,1347.5,17.615,-0.00032893,2,84.1,150.0,Pa.s,-0.30397,-0.82999,-0.71462,-0.00039294,-1.22e-05,80.0,150.0,W/m/K,0.00013095,0.81923,-122.33,13993,90.0,2000,W/m/K,5.26104E+07,1.02151,-0.656827,-0.222599,0.294618,110.25,483.84,J/kmol
Triethylene glycol,769.5,K,3320000.0,Pa,0.443,m3/kmol,0.23,561.5,K,150.173,0.134127,m3/kmol,0.755952,-725100000.0,J/kmol,-486000000.0,J/kmol,-3249800000.0,J/kmol,0.60697,0.26444,769.5,0.24805,265.95,769.5,kmol/m3,-148.097,-1446.9,26.9582,-2.67e-05,2.0,265.95,769.5,Pa,46085,-1304.5,21.195,-0.015382,3.31e-05,83.8,135,J/kmol/K,20786,0.0,0.0,0.0,0.0,50.0,1500,J/kmol/K,-99.903,1347.5,17.615,-0.00032893,2,84.1,150.0,Pa.s,-0.30397,-0.82999,-0.71462,-0.00039294,-1.22e-05,80.0,150.0,W/m/K,0.00013095,0.81923,-122.33,13993,90.0,2000,W/m/K,1.3929E+08,1.42282,-1.6258,1.20767,-0.563316,265.95,769.5,J/kmol
Triethylamine,535.0,K,3000000.0,Pa,0.39,m3/kmol,0.263,362.9,K,101.19,0.13996,m3/kmol,0.316193,-95800000.0,J/kmol,114100000.0,J/kmol,-4040500000.0,J/kmol,0.74443,0.28147,535.0,0.29639,158.45,515.32,kmol/m3,109.563,-7670.94,-13.2352,8.53e-06,2.0,158.45,535.15,Pa,46085,-1304.5,21.195,-0.015382,3.31e-05,83.8,135,J/kmol/K,20786,0.0,0.0,0.0,0.0,50.0,1500,J/kmol/K,-99.903,1347.5,17.615,-0.00032893,2,84.1,150.0,Pa.s,-0.30397,-0.82999,-0.71462,-0.00039294,-1.22e-05,80.0,150.0,W/m/K,0.00013095,0.81923,-122.33,13993,90.0,2000,W/m/K,5.6361E+07,1.8179,-4.3508,5.0206,-2.0828,158.45,515.32,J/kmol
Toluene,591.75,K,4108000.0,Pa,0.316,m3/kmol,0.264,383.79,K,92.1384,0.10687,m3/kmol,0.264,50170000.0,J/kmol,122200000.0,J/kmol,-3734000000.0,J/kmol,0.89799,0.27359,591.75,0.30006,163.1,589.8,kmol/m3,32.8989,-5013.81,-1.34892,-1.87e-06,2.0,178.18,592.15,Pa,46085,-1304.5,21.195,-0.015382,3.31e-05,83.8,135,J/kmol/K,20786,0.0,0.0,0.0,0.0,50.0,1500,J/kmol/K,-99.903,1347.5,17.615,-0.00032893,2,84.1,150.0,Pa.s,-0.30397,-0.82999,-0.71462,-0.00039294,-1.22e-05,80.0,150.0,W/m/K,0.00013095,0.81923,-122.33,13993,90.0,2000,W/m/K,5.3752E+07,0.50341,0.24755,-0.72898,0.37794,178.18,569.98,J/kmol
M-cresol,705.7,K,4560000.0,Pa,0.312,m3/kmol,0.241,475.38,K,108.138,0.10499,m3/kmol,0.452,-132300000.0,J/kmol,-40190000.0,J/kmol,-3527830000.0,J/kmol,0.76595,0.25907,705.86,0.2605,285.39,705.85,kmol/m3,143.16,-12586.0,-17.327,7.31e-06,2.0,285.39,705.85,Pa,46085,-1304.5,21.195,-0.015382,3.31e-05,83.8,135,J/kmol/K,20786,0.0,0.0,0.0,0.0,50.0,1500,J/kmol/K,-99.903,1347.5,17.615,-0.00032893,2,84.1,150.0,Pa.s,-0.30397,-0.82999,-0.71462,-0.00039294,-1.22e-05,80.0,150.0,W/m/K,0.00013095,0.81923,-122.33,13993,90.0,2000,W/m/K,9.4557E+07,0.36419,1.602,-2.5634,1.0947,285.39,705.85,J/kmol
O-cresol,697.6,K,5000000.0,Pa,0.282,m3/kmol,0.243,464.17,K,108.138,0.10364,m3/kmol,0.435,-128570000.0,J/kmol,-35430000.0,J/kmol,-3528000000.0,J/kmol,1.1115,0.30952,697.6,0.31161,273.15,676.85,kmol/m3,140.51,-11819.0,-17.163,8.7e-06,2.0,303.15,697.65,Pa,46085,-1304.5,21.195,-0.015382,3.31e-05,83.8,135,J/kmol/K,20786,0.0,0.0,0.0,0.0,50.0,1500,J/kmol/K,-99.903,1347.5,17.615,-0.00032893,2,84.1,150.0,Pa.s,-0.30397,-0.82999,-0.71462,-0.00039294,-1.22e-05,80.0,150.0,W/m/K,0.00013095,0.81923,-122.33,13993,90.0,2000,W/m/K,9.9721E+07,1.0333,0.08043,-1.2193,0.58124,304.19,697.65,J/kmol
P-cresol,704.5,K,5150000.0,Pa,0.277,m3/kmol,0.244,475.12,K,108.138,0.105,m3/kmol,0.51,-125350000.0,J/kmol,-31660000.0,J/kmol,-3522560000.0,J/kmol,0.94818,0.2877,704.66,0.2873,307.89,704.65,kmol/m3,236.921,-17215.3,-31.2864,1.64e-05,2.0,307.93,704.65,Pa,46085,-1304.5,21.195,-0.015382,3.31e-05,83.8,135,J/kmol/K,20786,0.0,0.0,0.0,0.0,50.0,1500,J/kmol/K,-99.903,1347.5,17.615,-0.00032893,2,84.1,150.0,Pa.s,-0.30397,-0.82999,-0.71462,-0.00039294,-1.22e-05,80.0,150.0,W/m/K,0.00013095,0.81923,-122.33,13993,90.0,2000,W/m/K,1.3617E+08,1.404,0.8091,-3.6055,2.0268,307.93,704.65,J/kmol
Methylcyclohexane,572.19,K,3471000.0,Pa,0.368,m3/kmol,0.268,374.09,K,98.1861,0.12835,m3/kmol,0.235,-154800000.0,J/kmol,27330000.0,J/kmol,-4257140000.0,J/kmol,0.54994,0.23476,572.19,0.25237,146.58,572.1,kmol/m3,84.0252,-6720.08,-9.36745,6.89e-06,2.0,146.58,572.1,Pa,46085,-1304.5,21.195,-0.015382,3.31e-05,83.8,135,J/kmol/K,20786,0.0,0.0,0.0,0.0,50.0,1500,J/kmol/K,-99.903,1347.5,17.615,-0.00032893,2,84.1,150.0,Pa.s,-0.30397,-0.82999,-0.71462,-0.00039294,-1.22e-05,80.0,150.0,W/m/K,0.00013095,0.81923,-122.33,13993,90.0,2000,W/m/K,5.3741E+07,0.65698,0.0050875,-0.53082,0.29149,146.58,572.1,J/kmol
Ethylcyclopentane,569.5,K,3397000.0,Pa,0.375,m3/kmol,0.269,376.59,K,98.1861,0.12883,m3/kmol,0.27,-126900000.0,J/kmol,44800000.0,J/kmol,-4283900000.0,J/kmol,0.72259,0.26996,569.5,0.2784,134.71,546.62,kmol/m3,95.769,-7366.4,-11.099,8.1e-06,2.0,134.71,569.5,Pa,46085,-1304.5,21.195,-0.015382,3.31e-05,83.8,135,J/kmol/K,20786,0.0,0.0,0.0,0.0,50.0,1500,J/kmol/K,-99.903,1347.5,17.615,-0.00032893,2,84.1,150.0,Pa.s,-0.30397,-0.82999,-0.71462,-0.00039294,-1.22e-05,80.0,150.0,W/m/K,0.00013095,0.81923,-122.33,13993,90.0,2000,W/m/K,5.78221E+07,0.856257,-0.338119,-0.391894,0.299953,134.71,546.62,J/kmol
1-heptene,537.3,K,2920000.0,Pa,0.409,m3/kmol,0.267,366.79,K,98.1861,0.14177,m3/kmol,0.343,-62890000.0,J/kmol,94820000.0,J/kmol,-4349900000.0,J/kmol,0.26107,0.16952,537.3,0.1874,154.12,536.53,kmol/m3,109.918,-7605.67,-13.4323,1.23e-05,2.0,154.12,537.4,Pa,46085,-1304.5,21.195,-0.015382,3.31e-05,83.8,135,J/kmol/K,20786,0.0,0.0,0.0,0.0,50.0,1500,J/kmol/K,-99.903,1347.5,17.615,-0.00032893,2,84.1,150.0,Pa.s,-0.30397,-0.82999,-0.71462,-0.00039294,-1.22e-05,80.0,150.0,W/m/K,0.00013095,0.81923,-122.33,13993,90.0,2000,W/m/K,5.63137E+07,1.14539,-1.73144,1.61594,-0.650835,154.12,517.23,J/kmol
N-heptane,540.2,K,2740000.0,Pa,0.428,m3/kmol,0.261,371.57,K,100.202,0.14747,m3/kmol,0.35,-187650000.0,J/kmol,8165000.0,J/kmol,-4464730000.0,J/kmol,0.57043,0.25304,540.2,0.27335,182.57,540.2,kmol/m3,89.8046,-7084.85,-10.1792,7.44e-06,2.0,182.57,540.2,Pa,46085,-1304.5,21.195,-0.015382,3.31e-05,83.8,135,J/kmol/K,20786,0.0,0.0,0.0,0.0,50.0,1500,J/kmol/K,-99.903,1347.5,17.615,-0.00032893,2,84.1,150.0,Pa.s,-0.30397,-0.82999,-0.71462,-0.00039294,-1.22e-05,80.0,150.0,W/m/K,0.00013095,0.81923,-122.33,13993,90.0,2000,W/m/K,4.27576E+07,-1.05124,4.60171,-5.55895,2.3695,182.57,540.2,J/kmol
Styrene,636.0,K,3840000.0,Pa,0.352,m3/kmol,0.256,418.31,K,104.149,0.115667,m3/kmol,0.297097,147400000.0,J/kmol,213900000.0,J/kmol,-4219000000.0,J/kmol,0.57789,0.23139,640.77,0.26351,242.54,640.76,kmol/m3,98.7296,-8792.53,-10.9742,0.0,0.0,242.54,636.0,Pa,46085,-1304.5,21.195,-0.015382,3.31e-05,83.8,135,J/kmol/K,20786,0.0,0.0,0.0,0.0,50.0,1500,J/kmol/K,-99.903,1347.5,17.615,-0.00032893,2,84.1,150.0,Pa.s,-0.30397,-0.82999,-0.71462,-0.00039294,-1.22e-05,80.0,150.0,W/m/K,0.00013095,0.81923,-122.33,13993,90.0,2000,W/m/K,1.11062E+08,3.42928,-6.06105,4.60558,-1.40823,242.54,615.29,J/kmol
Ethylbenzene,617.15,K,3609000.0,Pa,0.374,m3/kmol,0.263,409.36,K,106.165,0.12308,m3/kmol,0.304,29920000.0,J/kmol,130730000.0,J/kmol,-4344800000.0,J/kmol,0.66155,0.25394,617.21,0.27883,163.1,617.2,kmol/m3,137.509,-9745.07,-17.3446,1.28e-05,2.0,178.2,617.2,Pa,46085,-1304.5,21.195,-0.015382,3.31e-05,83.8,135,J/kmol/K,20786,0.0,0.0,0.0,0.0,50.0,1500,J/kmol/K,-99.903,1347.5,17.615,-0.00032893,2,84.1,150.0,Pa.s,-0.30397,-0.82999,-0.71462,-0.00039294,-1.22e-05,80.0,150.0,W/m/K,0.00013095,0.81923,-122.33,13993,90.0,2000,W/m/K,5.99073E+07,0.380483,1.0943,-2.18554,1.1369,178.15,594.05,J/kmol
M-xylene,617.0,K,3541000.0,Pa,0.375,m3/kmol,0.259,412.34,K,106.165,0.12347,m3/kmol,0.327,17320000.0,J/kmol,118760000.0,J/kmol,-4331800000.0,J/kmol,0.68902,0.26086,617.0,0.27479,225.3,617.0,kmol/m3,97.968,-8164.7,-11.269,7.21e-06,2.0,225.3,617.05,Pa,46085,-1304.5,21.195,-0.015382,3.31e-05,83.8,135,J/kmol/K,20786,0.0,0.0,0.0,0.0,50.0,1500,J/kmol/K,-99.903,1347.5,17.615,-0.00032893,2,84.1,150.0,Pa.s,-0.30397,-0.82999,-0.71462,-0.00039294,-1.22e-05,80.0,150.0,W/m/K,0.00013095,0.81923,-122.33,13993,90.0,2000,W/m/K,5.9562E+07,0.67841,-0.38938,0.0061115,0.10219,225.3,617,J/kmol
O-xylene,630.3,K,3732000.0,Pa,0.37,m3/kmol,0.263,417.59,K,106.165,0.12125,m3/kmol,0.312,19080000.0,J/kmol,122000000.0,J/kmol,-4333000000.0,J/kmol,0.69962,0.26143,630.3,0.27365,247.98,630.3,kmol/m3,88.0822,-7844.79,-9.73842,5.71e-06,2.0,247.98,630.33,Pa,46085,-1304.5,21.195,-0.015382,3.31e-05,83.8,135,J/kmol/K,20786,0.0,0.0,0.0,0.0,50.0,1500,J/kmol/K,-99.903,1347.5,17.615,-0.00032893,2,84.1,150.0,Pa.s,-0.30397,-0.82999,-0.71462,-0.00039294,-1.22e-05,80.0,150.0,W/m/K,0.00013095,0.81923,-122.33,13993,90.0,2000,W/m/K,6.6979E+07,1.259,-1.849,1.5198,-0.50455,247.98,612,J/kmol
P-xylene,616.2,K,3511000.0,Pa,0.378,m3/kmol,0.259,411.53,K,106.165,0.12393,m3/kmol,0.322,18030000.0,J/kmol,121400000.0,J/kmol,-4333000000.0,J/kmol,0.67752,0.25887,616.2,0.27596,286.41,616.2,kmol/m3,97.352,-8082.1,-11.197,7.26e-06,2.0,282.99,616.23,Pa,46085,-1304.5,21.195,-0.015382,3.31e-05,83.8,135,J/kmol/K,20786,0.0,0.0,0.0,0.0,50.0,1500,J/kmol/K,-99.903,1347.5,17.615,-0.00032893,2,84.1,150.0,Pa.s,-0.30397,-0.82999,-0.71462,-0.00039294,-1.22e-05,80.0,150.0,W/m/K,0.00013095,0.81923,-122.33,13993,90.0,2000,W/m/K,5.6332E+07,0.37965,0.42395,-0.85683,0.43704,286.41,616.2,J/kmol
Ethylcyclohexane,609.15,K,3040000.0,Pa,0.43,m3/kmol,0.258,404.945,K,112.213,0.143036,m3/kmol,0.245525,-171500000.0,J/kmol,39550000.0,J/kmol,-4870510000.0,J/kmol,0.61774,0.26525,609.15,0.28064,161.84,609.15,kmol/m3,80.6043,-7221.85,-8.66152,4.62e-06,2.0,161.84,609.15,Pa,46085,-1304.5,21.195,-0.015382,3.31e-05,83.8,135,J/kmol/K,20786,0.0,0.0,0.0,0.0,50.0,1500,J/kmol/K,-99.903,1347.5,17.615,-0.00032893,2,84.1,150.0,Pa.s,-0.30397,-0.82999,-0.71462,-0.00039294,-1.22e-05,80.0,150.0,W/m/K,0.00013095,0.81923,-122.33,13993,90.0,2000,W/m/K,6.1066E+07,1.1095,-1.6401,1.5232,-0.54256,161.84,609.15,J/kmol
N-propylcyclopentane,596.0,K,3020000.0,Pa,0.428,m3/kmol,0.261,404.11,K,112.213,0.145193,m3/kmol,0.326642,-148100000.0,J/kmol,53440000.0,J/kmol,-4893560000.0,J/kmol,0.63061,0.26934,596.0,0.28169,155.81,572.83,kmol/m3,95.3951,-7846.54,-10.9384,7.33e-06,2.0,155.81,596.0,Pa,46085,-1304.5,21.195,-0.015382,3.31e-05,83.8,135,J/kmol/K,20786,0.0,0.0,0.0,0.0,50.0,1500,J/kmol/K,-99.903,1347.5,17.615,-0.00032893,2,84.1,150.0,Pa.s,-0.30397,-0.82999,-0.71462,-0.00039294,-1.22e-05,80.0,150.0,W/m/K,0.00013095,0.81923,-122.33,13993,90.0,2000,W/m/K,7.0881E+07,1.47769,-1.91931,1.21986,-0.332624,155.81,572.83,J/kmol
N-octane,568.7,K,2490000.0,Pa,0.492,m3/kmol,0.259,398.82,K,114.229,0.16353,m3/kmol,0.397,-208750000.0,J/kmol,16000000.0,J/kmol,-5074150000.0,J/kmol,0.4436,0.23818,568.77,0.25171,216.38,568.76,kmol/m3,87.4607,-7578.2,-9.65721,5.66e-06,2.0,216.0,568.74,Pa,46085,-1304.5,21.195,-0.015382,3.31e-05,83.8,135,J/kmol/K,20786,0.0,0.0,0.0,0.0,50.0,1500,J/kmol/K,-99.903,1347.5,17.615,-0.00032893,2,84.1,150.0,Pa.s,-0.30397,-0.82999,-0.71462,-0.00039294,-1.22e-05,80.0,150.0,W/m/K,0.00013095,0.81923,-122.33,13993,90.0,2000,W/m/K,6.5091E+07,0.906328,-0.61829,0.0251605,0.114898,216.38,568.7,J/kmol
"2,2,3-trimethylpentane",563.4,K,2730000.0,Pa,0.436,m3/kmol,0.254,382.99,K,114.229,0.16043,m3/kmol,0.298,-219950000.0,J/kmol,17726000.0,J/kmol,-5067540000.0,J/kmol,0.53892,0.263,563.51,0.24185,160.89,563.5,kmol/m3,87.5067,-7031.24,-9.8633,7.13e-06,2.0,160.89,563.5,Pa,46085,-1304.5,21.195,-0.015382,3.31e-05,83.8,135,J/kmol/K,20786,0.0,0.0,0.0,0.0,50.0,1500,J/kmol/K,-99.903,1347.5,17.615,-0.00032893,2,84.1,150.0,Pa.s,-0.30397,-0.82999,-0.71462,-0.00039294,-1.22e-05,80.0,150.0,W/m/K,0.00013095,0.81923,-122.33,13993,90.0,2000,W/m/K,6.03013E+07,1.05396,-0.826185,0.00124096,0.214352,160.89,542.31,J/kmol
"2,2,4-trimethylpentane",543.9,K,2570000.0,Pa,0.4697,m3/kmol,0.266,372.39,K,114.229,0.16607,m3/kmol,0.304,-224010000.0,J/kmol,13940000.0,J/kmol,-5065280000.0,J/kmol,0.48523,0.24924,543.9,0.25602,165.78,543.89,kmol/m3,83.7104,-6701.6,-9.31219,6.81e-06,2.0,165.78,543.89,Pa,46085,-1304.5,21.195,-0.015382,3.31e-05,83.8,135,J/kmol/K,20786,0.0,0.0,0.0,0.0,50.0,1500,J/kmol/K,-99.903,1347.5,17.615,-0.00032893,2,84.1,150.0,Pa.s,-0.30397,-0.82999,-0.71462,-0.00039294,-1.22e-05,80.0,150.0,W/m/K,0.00013095,0.81923,-122.33,13993,90.0,2000,W/m/K,4.633E+07,0.37451,-0.066775,-0.010135,0.080832,165.78,543.8,J/kmol
"2,3,3-trimethylpentane",573.5,K,2820000.0,Pa,0.4551,m3/kmol,0.269,387.92,K,114.229,0.15815,m3/kmol,0.291,-218450000.0,J/kmol,18280000.0,J/kmol,-5068760000.0,J/kmol,0.56592,0.26622,573.5,0.26429,172.22,573.5,kmol/m3,82.8752,-6894.75,-9.15013,6.43e-06,2.0,172.22,573.5,Pa,46085,-1304.5,21.195,-0.015382,3.31e-05,83.8,135,J/kmol/K,20786,0.0,0.0,0.0,0.0,50.0,1500,J/kmol/K,-99.903,1347.5,17.615,-0.00032893,2,84.1,150.0,Pa.s,-0.30397,-0.82999,-0.71462,-0.00039294,-1.22e-05,80.0,150.0,W/m/K,0.00013095,0.81923,-122.33,13993,90.0,2000,W/m/K,5.83816E+07,1.05938,-1.23469,0.816701,-0.225175,172.22,573.5,J/kmol
"2,3,4-trimethylpentane",566.3,K,2730000.0,Pa,0.4562,m3/kmol,0.267,386.62,K,114.229,0.15974,m3/kmol,0.316,-217320000.0,J/kmol,19000000.0,J/kmol,-5069430000.0,J/kmol,0.44061,0.23657,566.41,0.23009,163.95,566.4,kmol/m3,83.4194,-6957.08,-9.20733,6.38e-06,2.0,163.95,566.4,Pa,46085,-1304.5,21.195,-0.015382,3.31e-05,83.8,135,J/kmol/K,20786,0.0,0.0,0.0,0.0,50.0,1500,J/kmol/K,-99.903,1347.5,17.615,-0.00032893,2,84.1,150.0,Pa.s,-0.30397,-0.82999,-0.71462,-0.00039294,-1.22e-05,80.0,150.0,W/m/K,0.00013095,0.81923,-122.33,13993,90.0,2000,W/m/K,5.6943E+07,0.86512,-0.77048,0.30586,0.021601,163.95,545.22,J/kmol
Tetraethylene glycol,795.0,K,2590000.0,Pa,0.564,m3/kmol,0.221,602.7,K,194.225,0.172862,m3/kmol,0.917442,-883000000.0,J/kmol,-559900000.0,J/kmol,-4343100000.0,J/kmol,0.46229,0.26105,795.0,0.27055,268.15,795.0,kmol/m3,106.794,-15323.2,-10.8611,-5.28e-07,2.0,268.15,795.0,Pa,46085,-1304.5,21.195,-0.015382,3.31e-05,83.8,135,J/kmol/K,20786,0.0,0.0,0.0,0.0,50.0,1500,J/kmol/K,-99.903,1347.5,17.615,-0.00032893,2,84.1,150.0,Pa.s,-0.30397,-0.82999,-0.71462,-0.00039294,-1.22e-05,80.0,150.0,W/m/K,0.00013095,0.81923,-122.33,13993,90.0,2000,W/m/K,1.28215E+08,0.159236,1.50401,-1.94137,0.658104,268.15,795,J/kmol
Indene,687.0,K,3820000.0,Pa,0.368,m3/kmol,0.246,455.77,K,116.16,0.116856,m3/kmol,0.333766,163280000.0,J/kmol,233960000.0,J/kmol,-4619480000.0,J/kmol,0.68574,0.25341,687.0,0.30914,271.7,665.14,kmol/m3,198.313,-13212.0,-26.4764,2.06e-05,2.0,271.7,687.0,Pa,46085,-1304.5,21.195,-0.015382,3.31e-05,83.8,135,J/kmol/K,20786,0.0,0.0,0.0,0.0,50.0,1500,J/kmol/K,-99.903,1347.5,17.615,-0.00032893,2,84.1,150.0,Pa.s,-0.30397,-0.82999,-0.71462,-0.00039294,-1.22e-05,80.0,150.0,W/m/K,0.00013095,0.81923,-122.33,13993,90.0,2000,W/m/K,1.12717E+08,2.19564,-2.27889,0.782692,-0.231351,271.7,665.14,J/kmol
Indane,684.9,K,3950000.0,Pa,0.393,m3/kmol,0.273,451.0,K,118.176,0.12315,m3/kmol,0.309213,60700000.0,J/kmol,166800000.0,J/kmol,-4762600000.0,J/kmol,0.63627,0.25179,684.9,0.29165,221.74,684.9,kmol/m3,97.0221,-8795.05,-11.0025,6.11e-06,2.0,221.74,684.9,Pa,46085,-1304.5,21.195,-0.015382,3.31e-05,83.8,135,J/kmol/K,20786,0.0,0.0,0.0,0.0,50.0,1500,J/kmol/K,-99.903,1347.5,17.615,-0.00032893,2,84.1,150.0,Pa.s,-0.30397,-0.82999,-0.71462,-0.00039294,-1.22e-05,80.0,150.0,W/m/K,0.00013095,0.81923,-122.33,13993,90.0,2000,W/m/K,6.2067E+07,-0.0045874,2.0817,-3.2476,1.6013,221.74,684.9,J/kmol
Cumene,631.0,K,3209000.0,Pa,0.4347,m3/kmol,0.261,425.52,K,120.192,0.14017,m3/kmol,0.326,4000000.0,J/kmol,137900000.0,J/kmol,-4951000000.0,J/kmol,0.50221,0.23722,631.11,0.26133,153.1,631.1,kmol/m3,118.149,-9251.63,-14.3005,9.2e-06,2.0,177.14,631.05,Pa,46085,-1304.5,21.195,-0.015382,3.31e-05,83.8,135,J/kmol/K,20786,0.0,0.0,0.0,0.0,50.0,1500,J/kmol/K,-99.903,1347.5,17.615,-0.00032893,2,84.1,150.0,Pa.s,-0.30397,-0.82999,-0.71462,-0.00039294,-1.22e-05,80.0,150.0,W/m/K,0.00013095,0.81923,-122.33,13993,90.0,2000,W/m/K,5.766E+07,0.38939,0,0,0,177.14,631,J/kmol
N-propylbenzene,638.35,K,3200000.0,Pa,0.44,m3/kmol,0.265,432.35,K,120.192,0.1402,m3/kmol,0.345,7900000.0,J/kmol,137600000.0,J/kmol,-4954150000.0,J/kmol,0.56872,0.25108,638.35,0.29337,173.15,638.35,kmol/m3,90.904,-8254.5,-10.105,5.58e-06,2.0,173.55,638.35,Pa,46085,-1304.5,21.195,-0.015382,3.31e-05,83.8,135,J/kmol/K,20786,0.0,0.0,0.0,0.0,50.0,1500,J/kmol/K,-99.903,1347.5,17.615,-0.00032893,2,84.1,150.0,Pa.s,-0.30397,-0.82999,-0.71462,-0.00039294,-1.22e-05,80.0,150.0,W/m/K,0.00013095,0.81923,-122.33,13993,90.0,2000,W/m/K,7.1312E+07,1.0445,-0.61076,-0.59569,0.63332,173.55,639.84,J/kmol
N-propylcyclohexane,639.15,K,2807000.0,Pa,0.477,m3/kmol,0.252,429.897,K,126.239,0.159758,m3/kmol,0.259535,-193300000.0,J/kmol,47380000.0,J/kmol,-5479660000.0,J/kmol,0.55532,0.26594,639.15,0.29886,178.25,639.15,kmol/m3,82.958,-7871.7,-8.8759,3.78e-06,2.0,178.25,639.15,Pa,46085,-1304.5,21.195,-0.015382,3.31e-05,83.8,135,J/kmol/K,20786,0.0,0.0,0.0,0.0,50.0,1500,J/kmol/K,-99.903,1347.5,17.615,-0.00032893,2,84.1,150.0,Pa.s,-0.30397,-0.82999,-0.71462,-0.00039294,-1.22e-05,80.0,150.0,W/m/K,0.00013095,0.81923,-122.33,13993,90.0,2000,W/m/K,6.8086E+07,1.2548,-2.1193,2.1809,-0.84474,178.25,639.15,J/kmol
N-nonane,594.6,K,2290000.0,Pa,0.555,m3/kmol,0.257,423.97,K,128.255,0.1797,m3/kmol,0.443,-228740000.0,J/kmol,24980000.0,J/kmol,-5684550000.0,J/kmol,0.46379,0.25569,594.6,0.27961,219.66,594.6,kmol/m3,34.3825,-6235.41,-1.15393,-6.41e-06,2.0,219.66,594.6,Pa,46085,-1304.5,21.195,-0.015382,3.31e-05,83.8,135,J/kmol/K,20786,0.0,0.0,0.0,0.0,50.0,1500,J/kmol/K,-99.903,1347.5,17.615,-0.00032893,2,84.1,150.0,Pa.s,-0.30397,-0.82999,-0.71462,-0.00039294,-1.22e-05,80.0,150.0,W/m/K,0.00013095,0.81923,-122.33,13993,90.0,2000,W/m/K,8.42748E+07,1.57375,-1.78592,0.692082,0.00268541,219.63,594.6,J/kmol
Naphthalene,748.4,K,4050000.0,Pa,0.407,m3/kmol,0.265,491.16,K,128.171,0.12913,m3/kmol,0.304,150580000.0,J/kmol,224080000.0,J/kmol,-4980900000.0,J/kmol,0.45282,0.21953,748.4,0.23236,333.15,748.35,kmol/m3,93.1595,-9448.06,-10.2384,4.34e-06,2.0,353.15,748.4,Pa,46085,-1304.5,21.195,-0.015382,3.31e-05,83.8,135,J/kmol/K,20786,0.0,0.0,0.0,0.0,50.0,1500,J/kmol/K,-99.903,1347.5,17.615,-0.00032893,2,84.1,150.0,Pa.s,-0.30397,-0.82999,-0.71462,-0.00039294,-1.22e-05,80.0,150.0,W/m/K,0.00013095,0.81923,-122.33,13993,90.0,2000,W/m/K,7.73282E+07,1.11662,-1.31358,0.672121,-0.00584514,353.43,749.42,J/kmol
1-methylindene,703.0,K,3460000.0,Pa,0.436,m3/kmol,0.258,471.65,K,130.186,0.134643,m3/kmol,0.334861,191200000.0,J/kmol,297000000.0,J/kmol,-5280000000.0,J/kmol,0.61191,0.25938,703.0,0.29267,280.0,680.74,kmol/m3,86.1882,-8859.76,-9.21225,3.74e-06,2.0,280.0,703.0,Pa,46085,-1304.5,21.195,-0.015382,3.31e-05,83.8,135,J/kmol/K,20786,0.0,0.0,0.0,0.0,50.0,1500,J/kmol/K,-99.903,1347.5,17.615,-0.00032893,2,84.1,150.0,Pa.s,-0.30397,-0.82999,-0.71462,-0.00039294,-1.22e-05,80.0,150.0,W/m/K,0.00013095,0.81923,-122.33,13993,90.0,2000,W/m/K,8.0901E+07,1.9933,-4.5733,5.098,-2.0923,280,680.74,J/kmol
2-methylindene,711.0,K,3460000.0,Pa,0.436,m3/kmol,0.255,479.45,K,130.186,0.13407,m3/kmol,0.350814,115000000.0,J/kmol,219000000.0,J/kmol,-5210000000.0,J/kmol,0.58652,0.25339,711.0,0.28941,280.0,711.0,kmol/m3,92.273,-9299.2,-10.097,4.28e-06,2.0,280.0,711.0,Pa,46085,-1304.5,21.195,-0.015382,3.31e-05,83.8,135,J/kmol/K,20786,0.0,0.0,0.0,0.0,50.0,1500,J/kmol/K,-99.903,1347.5,17.615,-0.00032893,2,84.1,150.0,Pa.s,-0.30397,-0.82999,-0.71462,-0.00039294,-1.22e-05,80.0,150.0,W/m/K,0.00013095,0.81923,-122.33,13993,90.0,2000,W/m/K,7.30307E+07,0.433923,0.764504,-1.61563,0.843055,280,711,J/kmol
Dicyclopentadiene,660.0,K,3060000.0,Pa,0.445,m3/kmol,0.248,443.0,K,132.202,0.134736,m3/kmol,0.288011,196100000.0,J/kmol,375000000.0,J/kmol,-5535000000.0,J/kmol,0.41899,0.20539,660.0,0.34053,299.82,641.32,kmol/m3,72.315,-7292.83,-7.38829,3.75e-06,2.0,243.37,660.0,Pa,46085,-1304.5,21.195,-0.015382,3.31e-05,83.8,135,J/kmol/K,20786,0.0,0.0,0.0,0.0,50.0,1500,J/kmol/K,-99.903,1347.5,17.615,-0.00032893,2,84.1,150.0,Pa.s,-0.30397,-0.82999,-0.71462,-0.00039294,-1.22e-05,80.0,150.0,W/m/K,0.00013095,0.81923,-122.33,13993,90.0,2000,W/m/K,7.0543E+07,1.9867,-4.6545,5.1772,-2.0831,215.37,641.32,J/kmol
N-butylbenzene,660.5,K,2890000.0,Pa,0.497,m3/kmol,0.262,456.42,K,134.218,0.15678,m3/kmol,0.393,-13140000.0,J/kmol,145400000.0,J/kmol,-5564400000.0,J/kmol,0.50648,0.25203,660.5,0.29203,183.15,660.5,kmol/m3,100.11,-9186.6,-11.379,5.86e-06,2.0,185.3,660.5,Pa,46085,-1304.5,21.195,-0.015382,3.31e-05,83.8,135,J/kmol/K,20786,0.0,0.0,0.0,0.0,50.0,1500,J/kmol/K,-99.903,1347.5,17.615,-0.00032893,2,84.1,150.0,Pa.s,-0.30397,-0.82999,-0.71462,-0.00039294,-1.22e-05,80.0,150.0,W/m/K,0.00013095,0.81923,-122.33,13993,90.0,2000,W/m/K,6.5698E+07,0.30842,0.67062,-1.1135,0.53276,185.3,660.5,J/kmol
N-butylcyclohexane,667.0,K,2570000.0,Pa,0.534,m3/kmol,0.247,454.131,K,140.266,0.176266,m3/kmol,0.274326,-213170000.0,J/kmol,56540000.0,J/kmol,-6090200000.0,J/kmol,0.49786,0.26572,667.0,0.30254,198.42,642.34,kmol/m3,82.702,-8417.7,-8.6968,2.77e-06,2.0,198.42,667.0,Pa,46085,-1304.5,21.195,-0.015382,3.31e-05,83.8,135,J/kmol/K,20786,0.0,0.0,0.0,0.0,50.0,1500,J/kmol/K,-99.903,1347.5,17.615,-0.00032893,2,84.1,150.0,Pa.s,-0.30397,-0.82999,-0.71462,-0.00039294,-1.22e-05,80.0,150.0,W/m/K,0.00013095,0.81923,-122.33,13993,90.0,2000,W/m/K,7.7656E+07,1.637,-3.3269,3.6698,-1.48,198.42,642.34,J/kmol
N-decane,617.7,K,2110000.0,Pa,0.624,m3/kmol,0.256,447.3,K,142.282,0.19595,m3/kmol,0.491,-249460000.0,J/kmol,33180000.0,J/kmol,-6294220000.0,J/kmol,0.37424,0.2405,617.7,0.27182,243.51,617.7,kmol/m3,6.0238,-5713.2,3.41022,-1.26e-05,2.0,243.51,617.7,Pa,46085,-1304.5,21.195,-0.015382,3.31e-05,83.8,135,J/kmol/K,20786,0.0,0.0,0.0,0.0,50.0,1500,J/kmol/K,-99.903,1347.5,17.615,-0.00032893,2,84.1,150.0,Pa.s,-0.30397,-0.82999,-0.71462,-0.00039294,-1.22e-05,80.0,150.0,W/m/K,0.00013095,0.81923,-122.33,13993,90.0,2000,W/m/K,5.7689E+07,-1.1412,5.1463,-6.2946,2.6623,243.51,617.7,J/kmol
1-methylnaphthalene,772.0,K,3600000.0,Pa,0.462,m3/kmol,0.259,517.84,K,142.197,0.13937,m3/kmol,0.348,116900000.0,J/kmol,217900000.0,J/kmol,-5595800000.0,J/kmol,0.59739,0.26468,772.0,0.2918,242.67,753.15,kmol/m3,73.8985,-9115.53,-7.25202,2.09e-06,2.0,242.67,772.15,Pa,46085,-1304.5,21.195,-0.015382,3.31e-05,83.8,135,J/kmol/K,20786,0.0,0.0,0.0,0.0,50.0,1500,J/kmol/K,-99.903,1347.5,17.615,-0.00032893,2,84.1,150.0,Pa.s,-0.30397,-0.82999,-0.71462,-0.00039294,-1.22e-05,80.0,150.0,W/m/K,0.00013095,0.81923,-122.33,13993,90.0,2000,W/m/K,7.0001E+07,0.3382,0.060354,-0.021035,-0.0086978,242.67,772.15,J/kmol
2-methylnaphthalene,761.0,K,3540000.0,Pa,0.462,m3/kmol,0.258,514.2,K,142.197,0.14577,m3/kmol,0.374,116100000.0,J/kmol,216300000.0,J/kmol,-5582860000.0,J/kmol,0.53405,0.25024,761.16,0.28587,273.15,761.15,kmol/m3,98.0585,-10275.6,-10.8281,3.92e-06,2.0,307.73,761.15,Pa,46085,-1304.5,21.195,-0.015382,3.31e-05,83.8,135,J/kmol/K,20786,0.0,0.0,0.0,0.0,50.0,1500,J/kmol/K,-99.903,1347.5,17.615,-0.00032893,2,84.1,150.0,Pa.s,-0.30397,-0.82999,-0.71462,-0.00039294,-1.22e-05,80.0,150.0,W/m/K,0.00013095,0.81923,-122.33,13993,90.0,2000,W/m/K,9.0724E+07,1.2004,-1.1581,0.47852,-0.081108,307.73,761.15,J/kmol
N-undecane,639.0,K,1980000.0,Pa,0.689,m3/kmol,0.257,469.08,K,156.308,0.21224,m3/kmol,0.538,-270430000.0,J/kmol,41160000.0,J/kmol,-6903600000.0,J/kmol,0.36785,0.24938,639.0,0.28395,247.57,639.0,kmol/m3,128.855,-11029.2,-15.5401,8.03e-06,2.0,247.57,639.0,Pa,46085,-1304.5,21.195,-0.015382,3.31e-05,83.8,135,J/kmol/K,20786,0.0,0.0,0.0,0.0,50.0,1500,J/kmol/K,-99.903,1347.5,17.615,-0.00032893,2,84.1,150.0,Pa.s,-0.30397,-0.82999,-0.71462,-0.00039294,-1.22e-05,80.0,150.0,W/m/K,0.00013095,0.81923,-122.33,13993,90.0,2000,W/m/K,8.9735E+07,0.81788,0.31647,-1.4781,0.80673,247.57,639,J/kmol
Acenaphthene,803.15,K,3100000.0,Pa,0.553,m3/kmol,0.257,550.54,K,154.208,0.149792,m3/kmol,0.381147,155000000.0,J/kmol,260200000.0,J/kmol,-6001400000.0,J/kmol,0.39942,0.22066,803.15,0.24043,366.56,803.15,kmol/m3,73.737,-9735.5,-7.1321,1.61e-06,2.0,363.15,803.15,Pa,46085,-1304.5,21.195,-0.015382,3.31e-05,83.8,135,J/kmol/K,20786,0.0,0.0,0.0,0.0,50.0,1500,J/kmol/K,-99.903,1347.5,17.615,-0.00032893,2,84.1,150.0,Pa.s,-0.30397,-0.82999,-0.71462,-0.00039294,-1.22e-05,80.0,150.0,W/m/K,0.00013095,0.81923,-122.33,13993,90.0,2000,W/m/K,3.78598E+08,10.1448,-25.4194,26.0378,-9.98215,366.56,803.15,J/kmol
Biphenyl,780.0,K,3847270.0,Pa,0.491118,m3/kmol,0.294,528.15,K,154.208,0.155536,m3/kmol,0.3643,182088000.0,J/kmol,280077000.0,J/kmol,-6031700000.0,J/kmol,0.50803,0.25417,789.26,0.2795,342.37,789.26,kmol/m3,154.34,-13555.4,-19.0558,8.3e-06,2.0,342.37,789.26,Pa,46085,-1304.5,21.195,-0.015382,3.31e-05,83.8,135,J/kmol/K,20786,0.0,0.0,0.0,0.0,50.0,1500,J/kmol/K,-99.903,1347.5,17.615,-0.00032893,2,84.1,150.0,Pa.s,-0.30397,-0.82999,-0.71462,-0.00039294,-1.22e-05,80.0,150.0,W/m/K,0.00013095,0.81923,-122.33,13993,90.0,2000,W/m/K,8.68086E+07,0.473092,1.061,-2.22634,1.15688,342.37,789.26,J/kmol
N-dodecane,658.0,K,1820000.0,Pa,0.754,m3/kmol,0.251,489.48,K,170.335,0.22859,m3/kmol,0.571,-290720000.0,J/kmol,49810000.0,J/kmol,-7513680000.0,J/kmol,0.30334,0.23617,658.0,0.2706,263.15,658.0,kmol/m3,127.888,-11582.1,-15.2254,6.68e-06,2.0,263.57,658.15,Pa,46085,-1304.5,21.195,-0.015382,3.31e-05,83.8,135,J/kmol/K,20786,0.0,0.0,0.0,0.0,50.0,1500,J/kmol/K,-99.903,1347.5,17.615,-0.00032893,2,84.1,150.0,Pa.s,-0.30397,-0.82999,-0.71462,-0.00039294,-1.22e-05,80.0,150.0,W/m/K,0.00013095,0.81923,-122.33,13993,90.0,2000,W/m/K,9.81298E+07,0.939672,-0.0412509,-0.949322,0.501567,263.57,658,J/kmol
Fluorene,826.0,K,3000000.0,Pa,0.524,m3/kmol,0.229,570.44,K,166.219,0.15327,m3/kmol,0.404163,186900000.0,J/kmol,290100000.0,J/kmol,-6425100000.0,J/kmol,0.43683,0.229,826.0,0.28571,387.94,826.0,kmol/m3,141.875,-13833.8,-17.048,6.38e-06,2.0,387.94,870.0,Pa,46085,-1304.5,21.195,-0.015382,3.31e-05,83.8,135,J/kmol/K,20786,0.0,0.0,0.0,0.0,50.0,1500,J/kmol/K,-99.903,1347.5,17.615,-0.00032893,2,84.1,150.0,Pa.s,-0.30397,-0.82999,-0.71462,-0.00039294,-1.22e-05,80.0,150.0,W/m/K,0.00013095,0.81923,-122.33,13993,90.0,2000,W/m/K,9.581E+07,1.317,-1.4739,-0.0034969,0.61586,387.94,826,J/kmol
N-tridecane,675.0,K,1680000.0,Pa,0.823,m3/kmol,0.246,508.63,K,184.361,0.24494,m3/kmol,0.61,-311770000.0,J/kmol,57710000.0,J/kmol,-8122900000.0,J/kmol,0.29787,0.24164,675.0,0.29254,267.76,675.0,kmol/m3,143.326,-12766.7,-17.4542,8e-06,2.0,267.76,675.0,Pa,46085,-1304.5,21.195,-0.015382,3.31e-05,83.8,135,J/kmol/K,20786,0.0,0.0,0.0,0.0,50.0,1500,J/kmol/K,-99.903,1347.5,17.615,-0.00032893,2,84.1,150.0,Pa.s,-0.30397,-0.82999,-0.71462,-0.00039294,-1.22e-05,80.0,150.0,W/m/K,0.00013095,0.81923,-122.33,13993,90.0,2000,W/m/K,9.73282E+07,0.667983,0.462399,-1.32997,0.649193,267.76,675,J/kmol
Phenanthrene,869.0,K,2900000.0,Pa,0.554,m3/kmol,0.222,610.03,K,178.229,0.167077,m3/kmol,0.470716,201200000.0,J/kmol,302190000.0,J/kmol,-6828200000.0,J/kmol,0.4558,0.25237,869.0,0.24848,372.38,869.0,kmol/m3,275.059,-20918.1,-36.871,1.93e-05,2.0,372.38,869.0,Pa,46085,-1304.5,21.195,-0.015382,3.31e-05,83.8,135,J/kmol/K,20786,0.0,0.0,0.0,0.0,50.0,1500,J/kmol/K,-99.903,1347.5,17.615,-0.00032893,2,84.1,150.0,Pa.s,-0.30397,-0.82999,-0.71462,-0.00039294,-1.22e-05,80.0,150.0,W/m/K,0.00013095,0.81923,-122.33,13993,90.0,2000,W/m/K,9.2455E+07,0.28979,1.1393,-1.9946,0.92537,372.38,869,J/kmol
N-tetradecane,693.0,K,1570000.0,Pa,0.894,m3/kmol,0.244,526.76,K,198.388,0.26132,m3/kmol,0.644,-332440000.0,J/kmol,65990000.0,J/kmol,-8732820000.0,J/kmol,0.26297,0.23695,693.0,0.26861,279.01,693.0,kmol/m3,141.77,-13265.7,-17.0704,6.91e-06,2.0,279.01,693.0,Pa,46085,-1304.5,21.195,-0.015382,3.31e-05,83.8,135,J/kmol/K,20786,0.0,0.0,0.0,0.0,50.0,1500,J/kmol/K,-99.903,1347.5,17.615,-0.00032893,2,84.1,150.0,Pa.s,-0.30397,-0.82999,-0.71462,-0.00039294,-1.22e-05,80.0,150.0,W/m/K,0.00013095,0.81923,-122.33,13993,90.0,2000,W/m/K,1.21637E+08,1.28014,-0.352636,-1.24173,0.826459,279.01,693,J/kmol
N-pentadecane,708.0,K,1480000.0,Pa,0.966,m3/kmol,0.243,543.83,K,212.415,0.27771,m3/kmol,0.685,-353110000.0,J/kmol,74260000.0,J/kmol,-9342370000.0,J/kmol,0.26611,0.24483,708.0,0.29579,283.07,685.64,kmol/m3,105.79,-12176.2,-11.5103,2.16e-06,2.0,283.07,708.0,Pa,46085,-1304.5,21.195,-0.015382,3.31e-05,83.8,135,J/kmol/K,20786,0.0,0.0,0.0,0.0,50.0,1500,J/kmol/K,-99.903,1347.5,17.615,-0.00032893,2,84.1,150.0,Pa.s,-0.30397,-0.82999,-0.71462,-0.00039294,-1.22e-05,80.0,150.0,W/m/K,0.00013095,0.81923,-122.33,13993,90.0,2000,W/m/K,1.33418E+08,1.38226,-0.345375,-1.50804,0.995233,283.07,685.64,J/kmol
Fluoranthene,905.0,K,2610000.0,Pa,0.655,m3/kmol,0.227,655.95,K,202.251,0.184362,m3/kmol,0.587526,288900000.0,J/kmol,386200000.0,J/kmol,-7695000000.0,J/kmol,0.34656,0.22699,905.0,0.28508,298.15,905.0,kmol/m3,96.1178,-12362.1,-10.3511,3.23e-06,2.0,383.33,905.0,Pa,46085,-1304.5,21.195,-0.015382,3.31e-05,83.8,135,J/kmol/K,20786,0.0,0.0,0.0,0.0,50.0,1500,J/kmol/K,-99.903,1347.5,17.615,-0.00032893,2,84.1,150.0,Pa.s,-0.30397,-0.82999,-0.71462,-0.00039294,-1.22e-05,80.0,150.0,W/m/K,0.00013095,0.81923,-122.33,13993,90.0,2000,W/m/K,1.44268E+08,2.40371,-3.37617,1.404,0.0327511,383.33,905,J/kmol
Pyrene,936.0,K,2610000.0,Pa,0.66,m3/kmol,0.221,667.95,K,202.251,0.184923,m3/kmol,0.507416,225000000.0,J/kmol,327200000.0,J/kmol,-7630940000.0,J/kmol,0.54272,0.27165,936.0,0.41522,293.15,909.04,kmol/m3,68.914,-11628.8,-6.18433,6.42e-07,2.0,423.81,936.0,Pa,46085,-1304.5,21.195,-0.015382,3.31e-05,83.8,135,J/kmol/K,20786,0.0,0.0,0.0,0.0,50.0,1500,J/kmol/K,-99.903,1347.5,17.615,-0.00032893,2,84.1,150.0,Pa.s,-0.30397,-0.82999,-0.71462,-0.00039294,-1.22e-05,80.0,150.0,W/m/K,0.00013095,0.81923,-122.33,13993,90.0,2000,W/m/K,9.19884E+07,-0.224752,1.99,-2.13988,0.666532,423.81,909.04,J/kmol
1-phenylnaphthalene,849.0,K,2630000.0,Pa,0.656,m3/kmol,0.244,607.15,K,204.266,0.189925,m3/kmol,0.530878,247000000.0,J/kmol,371108000.0,J/kmol,-7920000000.0,J/kmol,0.36822,0.24155,849.0,0.29048,298.15,849.0,kmol/m3,136.247,-14614.7,-16.021,5.43e-06,2.0,318.15,849.0,Pa,46085,-1304.5,21.195,-0.015382,3.31e-05,83.8,135,J/kmol/K,20786,0.0,0.0,0.0,0.0,50.0,1500,J/kmol/K,-99.903,1347.5,17.615,-0.00032893,2,84.1,150.0,Pa.s,-0.30397,-0.82999,-0.71462,-0.00039294,-1.22e-05,80.0,150.0,W/m/K,0.00013095,0.81923,-122.33,13993,90.0,2000,W/m/K,1.0967E+08,1.3201,-2.3901,2.4598,-0.96728,318.15,849,J/kmol
N-hexadecane,723.0,K,1400000.0,Pa,1.034,m3/kmol,0.241,559.98,K,226.441,0.29411,m3/kmol,0.726,-374170000.0,J/kmol,82160000.0,J/kmol,-9951450000.0,J/kmol,0.23237,0.23642,723.0,0.28403,291.31,723.0,kmol/m3,138.017,-14151.1,-16.2438,5.03e-06,2.0,288.95,723.0,Pa,46085,-1304.5,21.195,-0.015382,3.31e-05,83.8,135,J/kmol/K,20786,0.0,0.0,0.0,0.0,50.0,1500,J/kmol/K,-99.903,1347.5,17.615,-0.00032893,2,84.1,150.0,Pa.s,-0.30397,-0.82999,-0.71462,-0.00039294,-1.22e-05,80.0,150.0,W/m/K,0.00013095,0.81923,-122.33,13993,90.0,2000,W/m/K,1.2775E+08,0.92612,0.52583,-2.1415,1.2039,291.31,723,J/kmol
Chrysene,979.0,K,2390000.0,Pa,0.749,m3/kmol,0.22,714.15,K,228.288,0.223221,m3/kmol,0.603008,269800000.0,J/kmol,403000000.0,J/kmol,-8679600000.0,J/kmol,0.30846,0.21991,979.0,0.32162,293.15,979.0,kmol/m3,171.085,-19845.5,-20.4189,4.69e-06,2.0,531.15,979.0,Pa,46085,-1304.5,21.195,-0.015382,3.31e-05,83.8,135,J/kmol/K,20786,0.0,0.0,0.0,0.0,50.0,1500,J/kmol/K,-99.903,1347.5,17.615,-0.00032893,2,84.1,150.0,Pa.s,-0.30397,-0.82999,-0.71462,-0.00039294,-1.22e-05,80.0,150.0,W/m/K,0.00013095,0.81923,-122.33,13993,90.0,2000,W/m/K,1.2779E+08,0.96651,-1.3609,1.2985,-0.49651,531.15,979,J/kmol
Cis-decahydronaphthalene,702.25,K,3242400.0,Pa,0.48,m3/kmol,0.267,468.965,K,138.25,0.154615,m3/kmol,0.294204,-169240000.0,J/kmol,85520000.0,J/kmol,-5892130000.0,J/kmol,0.5563,0.26613,702.25,0.2872,230.2,702.25,kmol/m3,133.51,-10671.0,-16.446,9.06e-06,2.0,230.2,702.25,Pa,46085,-1304.5,21.195,-0.015382,3.31e-05,83.8,135,J/kmol/K,20786,0.0,0.0,0.0,0.0,50.0,1500,J/kmol/K,-99.903,1347.5,17.615,-0.00032893,2,84.1,150.0,Pa.s,-0.30397,-0.82999,-0.71462,-0.00039294,-1.22e-05,80.0,150.0,W/m/K,0.00013095,0.81923,-122.33,13993,90.0,2000,W/m/K,7.89381E+07,1.12005,-0.590284,-0.648808,0.601197,230.2,702.25,J/kmol
Trans-decahydronaphthalene,687.05,K,2837100.0,Pa,0.48,m3/kmol,0.238,460.46,K,138.25,0.159325,m3/kmol,0.253611,-182170000.0,J/kmol,73550000.0,J/kmol,-5880880000.0,J/kmol,0.5599,0.26991,687.05,0.2952,242.79,687.05,kmol/m3,112.006,-9619.31,-13.2181,6.97e-06,2.0,242.79,687.05,Pa,46085,-1304.5,21.195,-0.015382,3.31e-05,83.8,135,J/kmol/K,20786,0.0,0.0,0.0,0.0,50.0,1500,J/kmol/K,-99.903,1347.5,17.615,-0.00032893,2,84.1,150.0,Pa.s,-0.30397,-0.82999,-0.71462,-0.00039294,-1.22e-05,80.0,150.0,W/m/K,0.00013095,0.81923,-122.33,13993,90.0,2000,W/m/K,7.64616E+07,0.918445,0.395142,-2.20243,1.39835,242.79,687.05,J/kmol
Methyl tert-butyl ether,497.1,K,3430000.0,Pa,0.329,m3/kmol,0.273,328.35,K,88.1482,0.119887,m3/kmol,0.266059,-283500000.0,J/kmol,-117500000.0,J/kmol,-3104900000.0,J/kmol,1.013,0.29119,513.95,0.39929,164.55,513.94,kmol/m3,63.3104,-5322.68,-6.21275,3.95e-06,2.0,164.55,497.1,Pa,46085,-1304.5,21.195,-0.015382,3.31e-05,83.8,135,J/kmol/K,20786,0.0,0.0,0.0,0.0,50.0,1500,J/kmol/K,-99.903,1347.5,17.615,-0.00032893,2,84.1,150.0,Pa.s,-0.30397,-0.82999,-0.71462,-0.00039294,-1.22e-05,80.0,150.0,W/m/K,0.00013095,0.81923,-122.33,13993,90.0,2000,W/m/K,7.68522E+07,4.56183,-12.0688,13.6123,-5.56912,164.55,497.1,J/kmol
Methyl tert-pentyl ether,534.0,K,3040000.0,Pa,0.386,m3/kmol,0.264,359.51,K,102.175,0.133437,m3/kmol,0.298071,-305400000.0,J/kmol,-113700000.0,J/kmol,-3712290000.0,J/kmol,0.68843,0.26574,534.0,0.27067,160.0,534.0,kmol/m3,127.09,-8433.7,-15.94,1.31e-05,2.0,160.0,534.0,Pa,46085,-1304.5,21.195,-0.015382,3.31e-05,83.8,135,J/kmol/K,20786,0.0,0.0,0.0,0.0,50.0,1500,J/kmol/K,-99.903,1347.5,17.615,-0.00032893,2,84.1,150.0,Pa.s,-0.30397,-0.82999,-0.71462,-0.00039294,-1.22e-05,80.0,150.0,W/m/K,0.00013095,0.81923,-122.33,13993,90.0,2000,W/m/K,6.11204E+07,2.14485,-4.98732,5.56973,-2.29446,160,534,J/kmol
2-methyl-2-butanol,545.0,K,3790000.0,Pa,0.323,m3/kmol,0.27,375.15,K,88.1482,0.1095,m3/kmol,0.478,-329700000.0,J/kmol,-165200000.0,J/kmol,-3039100000.0,J/kmol,0.71131,0.24603,545.0,0.25077,264.35,529.0,kmol/m3,111.96,-9620.4,-12.673,2.3e-06,2.0,264.35,543.7,Pa,46085,-1304.5,21.195,-0.015382,3.31e-05,83.8,135,J/kmol/K,20786,0.0,0.0,0.0,0.0,50.0,1500,J/kmol/K,-99.903,1347.5,17.615,-0.00032893,2,84.1,150.0,Pa.s,-0.30397,-0.82999,-0.71462,-0.00039294,-1.22e-05,80.0,150.0,W/m/K,0.00013095,0.81923,-122.33,13993,90.0,2000,W/m/K,1.02228E+08,1.24598,-0.515176,-0.350588,0.262112,264.35,543.7,J/kmol
Nitrogen trioxide,451.0,K,6990000.0,Pa,0.195,m3/kmol,0.386,276.65,K,76.0116,0.0531885,m3/kmol,0.431227,82843000.0,J/kmol,139727000.0,J/kmol,-82843000.0,J/kmol,2.7664,0.37489,451.0,0.040027,243.15,275.15,kmol/m3,137.96,-7584.5,-17.9,2.2e-05,2.0,170.0,425.0,Pa,46085,-1304.5,21.195,-0.015382,3.31e-05,83.8,135,J/kmol/K,20786,0.0,0.0,0.0,0.0,50.0,1500,J/kmol/K,-99.903,1347.5,17.615,-0.00032893,2,84.1,150.0,Pa.s,-0.30397,-0.82999,-0.71462,-0.00039294,-1.22e-05,80.0,150.0,W/m/K,0.00013095,0.81923,-122.33,13993,90.0,2000,W/m/K,6.1243E+07,0.17457,-0.20195,-0.16172,0.24757,246,255.5,J/kmol
Nitrogen tetroxide,431.15,K,10031200.0,Pa,0.08249,m3/kmol,0.233,294.3,K,92.011,0.06407,m3/kmol,0.853274,9162960.0,J/kmol,97850000.0,J/kmol,1983170.0,J/kmol,2.117,0.32671,431.15,0.20832,261.9,343.15,kmol/m3,72.419,-5432.0,-7.7259,1.71e-05,2.0,252.77,431.15,Pa,46085,-1304.5,21.195,-0.015382,3.31e-05,83.8,135,J/kmol/K,20786,0.0,0.0,0.0,0.0,50.0,1500,J/kmol/K,-99.903,1347.5,17.615,-0.00032893,2,84.1,150.0,Pa.s,-0.30397,-0.82999,-0.71462,-0.00039294,-1.22e-05,80.0,150.0,W/m/K,0.00013095,0.81923,-122.33,13993,90.0,2000,W/m/K,3.0678E+07,0.17744,-0.16521,-0.11792,0.13193,294.25,303.75,J/kmol
Helium-4,5.19,K,227000.0,Pa,0.0573,m3/kmol,0.301,4.3,K,4.0026,0.03254,m3/kmol,-0.39,0.0,J/kmol,0.0,J/kmol,0.0,J/kmol,0.31844,0.089499,5.21,0.063807,1.2,5.2,kmol/m3,8.8804,-4.8932,2.5648,0.0062779,2.0,1.4,11.26,Pa,46085,-1304.5,21.195,-0.015382,3.31e-05,83.8,135,J/kmol/K,20786,0.0,0.0,0.0,0.0,50.0,1500,J/kmol/K,-99.903,1347.5,17.615,-0.00032893,2,84.1,150.0,Pa.s,-0.30397,-0.82999,-0.71462,-0.00039294,-1.22e-05,80.0,150.0,W/m/K,0.00013095,0.81923,-122.33,13993,90.0,2000,W/m/K,191120,4.6881,-12.652,12.947,-4.5859,2.2,5.18,J/kmol
Fluorine,144.3,K,5215000.0,Pa,0.0662,m3/kmol,0.288,84.95,K,37.9968,0.02516,m3/kmol,0.051,0.0,J/kmol,0.0,J/kmol,0.0,J/kmol,2.7003,0.23171,144.42,0.21541,53.48,144.41,kmol/m3,19.183,-840.686,0.560464,-3.52e-05,2.0,53.45,144.41,Pa,46085,-1304.5,21.195,-0.015382,3.31e-05,83.8,135,J/kmol/K,20786,0.0,0.0,0.0,0.0,50.0,1500,J/kmol/K,-99.903,1347.5,17.615,-0.00032893,2,84.1,150.0,Pa.s,-0.30397,-0.82999,-0.71462,-0.00039294,-1.22e-05,80.0,150.0,W/m/K,0.00013095,0.81923,-122.33,13993,90.0,2000,W/m/K,2.7497E+07,7.2112,-17.699,17.895,-6.7781,53.48,144.41,J/kmol
Krypton,209.4,K,5500000.0,Pa,0.0912,m3/kmol,0.288,119.74,K,83.798,0.03463,m3/kmol,0.005,0.0,J/kmol,0.0,J/kmol,0.0,J/kmol,2.5742,0.26395,209.4,0.25018,115.76,209.39,kmol/m3,48.208,-1609.0,-4.9593,3.42e-05,2.0,109.95,209.4,Pa,46085,-1304.5,21.195,-0.015382,3.31e-05,83.8,135,J/kmol/K,20786,0.0,0.0,0.0,0.0,50.0,1500,J/kmol/K,-99.903,1347.5,17.615,-0.00032893,2,84.1,150.0,Pa.s,-0.30397,-0.82999,-0.71462,-0.00039294,-1.22e-05,80.0,150.0,W/m/K,0.00013095,0.81923,-122.33,13993,90.0,2000,W/m/K,1.7515E+07,2.6595,-6.0031,6.068,-2.2776,115.76,209.39,J/kmol
Xenon,289.74,K,5840000.0,Pa,0.118,m3/kmol,0.286,165.01,K,131.293,0.04291,m3/kmol,0.006,0.0,J/kmol,0.0,J/kmol,0.0,J/kmol,2.4063,0.28552,289.74,0.28967,161.36,289.74,kmol/m3,31.497,-1758.9,-1.8727,9.17e-06,2.0,155.55,290.0,Pa,46085,-1304.5,21.195,-0.015382,3.31e-05,83.8,135,J/kmol/K,20786,0.0,0.0,0.0,0.0,50.0,1500,J/kmol/K,-99.903,1347.5,17.615,-0.00032893,2,84.1,150.0,Pa.s,-0.30397,-0.82999,-0.71462,-0.00039294,-1.22e-05,80.0,150.0,W/m/K,0.00013095,0.81923,-122.33,13993,90.0,2000,W/m/K,1.74063E+07,-0.233725,3.14836,-4.99526,2.47711,161.36,289.74,J/kmol
Ozone,261.05,K,5570000.0,Pa,0.0894,m3/kmol,0.229,161.8,K,47.9982,0.0354,m3/kmol,0.224,143100000.0,J/kmol,163164000.0,J/kmol,-142671000.0,J/kmol,2.6432,0.26544,261.05,0.25239,77.55,261.0,kmol/m3,33.8001,-2066.26,-1.86514,3.7e-08,2.0,80.15,261.0,Pa,46085,-1304.5,21.195,-0.015382,3.31e-05,83.8,135,J/kmol/K,20786,0.0,0.0,0.0,0.0,50.0,1500,J/kmol/K,-99.903,1347.5,17.615,-0.00032893,2,84.1,150.0,Pa.s,-0.30397,-0.82999,-0.71462,-0.00039294,-1.22e-05,80.0,150.0,W/m/K,0.00013095,0.81923,-122.33,13993,90.0,2000,W/m/K,1.6254E+07,-0.073447,0.14823,0.62225,-0.43277,80.15,261,J/kmol
Carbonyl sulfide,375.15,K,6349000.0,Pa,0.14,m3/kmol,0.272,223.15,K,60.0751,0.0510474,m3/kmol,0.137779,-138410000.0,J/kmol,-169200000.0,J/kmol,-548270000.0,J/kmol,1.8896,0.27226,378.81,0.25315,134.3,378.8,kmol/m3,74.3427,-3813.5,-8.62039,1.8e-05,2.0,134.3,378.8,Pa,46085,-1304.5,21.195,-0.015382,3.31e-05,83.8,135,J/kmol/K,20786,0.0,0.0,0.0,0.0,50.0,1500,J/kmol/K,-99.903,1347.5,17.615,-0.00032893,2,84.1,150.0,Pa.s,-0.30397,-0.82999,-0.71462,-0.00039294,-1.22e-05,80.0,150.0,W/m/K,0.00013095,0.81923,-122.33,13993,90.0,2000,W/m/K,3.0555E+07,0.84937,-0.32129,-0.52716,0.40226,134.3,365.93,J/kmol
Sulfur hexafluoride,318.72,K,3760000.0,Pa,0.1984,m3/kmol,0.282,209.25,K,146.055,0.07981,m3/kmol,0.208,-1209000000.0,J/kmol,-1105300000.0,J/kmol,924000000.0,J/kmol,1.0016,0.23435,318.74,0.24027,223.15,318.73,kmol/m3,-17.6091,-1028.37,6.5563,-1.79e-05,2.0,215.15,318.69,Pa,46085,-1304.5,21.195,-0.015382,3.31e-05,83.8,135,J/kmol/K,20786,0.0,0.0,0.0,0.0,50.0,1500,J/kmol/K,-99.903,1347.5,17.615,-0.00032893,2,84.1,150.0,Pa.s,-0.30397,-0.82999,-0.71462,-0.00039294,-1.22e-05,80.0,150.0,W/m/K,0.00013095,0.81923,-122.33,13993,90.0,2000,W/m/K,5.0769E+07,8.5605,-25.709,29.437,-11.774,223.15,318.75,J/kmol
Dimethyl sulfoxide,729.0,K,5650000.0,Pa,0.227,m3/kmol,0.212,462.15,K,78.1334,0.071277,m3/kmol,0.280551,-209200000.0,J/kmol,-115700000.0,J/kmol,-1605400000.0,J/kmol,1.1064,0.25156,729.0,0.33043,291.67,705.98,kmol/m3,87.2491,-9095.58,-9.24636,3.22e-06,2.0,291.67,729.0,Pa,46085,-1304.5,21.195,-0.015382,3.31e-05,83.8,135,J/kmol/K,20786,0.0,0.0,0.0,0.0,50.0,1500,J/kmol/K,-99.903,1347.5,17.615,-0.00032893,2,84.1,150.0,Pa.s,-0.30397,-0.82999,-0.71462,-0.00039294,-1.22e-05,80.0,150.0,W/m/K,0.00013095,0.81923,-122.33,13993,90.0,2000,W/m/K,4.1934E+08,12.701,-33.974,36.922,-14.839,291.67,705.98,J/kmol
N-heptadecane,736.0,K,1340000.0,Pa,1.103,m3/kmol,0.242,574.56,K,240.468,0.31045,m3/kmol,0.762,-393900000.0,J/kmol,90830000.0,J/kmol,-10561800000.0,J/kmol,0.1972,0.22446,736.0,0.27261,273.15,736.0,kmol/m3,230.477,-19512.2,-29.7378,1.19e-05,2.0,295.13,736.0,Pa,46085,-1304.5,21.195,-0.015382,3.31e-05,83.8,135,J/kmol/K,20786,0.0,0.0,0.0,0.0,50.0,1500,J/kmol/K,-99.903,1347.5,17.615,-0.00032893,2,84.1,150.0,Pa.s,-0.30397,-0.82999,-0.71462,-0.00039294,-1.22e-05,80.0,150.0,W/m/K,0.00013095,0.81923,-122.33,13993,90.0,2000,W/m/K,1.1837E+08,0.45937,1.0501,-1.8353,0.77357,295.13,736,J/kmol
N-octadecane,747.0,K,1290000.0,Pa,1.189,m3/kmol,0.247,588.3,K,254.494,0.32666,m3/kmol,0.808,-414570000.0,J/kmol,99210000.0,J/kmol,-11172600000.0,J/kmol,0.21099,0.23901,748.16,0.28153,273.15,748.15,kmol/m3,156.473,-16120.3,-18.725,5.39e-06,2.0,301.31,750.15,Pa,46085,-1304.5,21.195,-0.015382,3.31e-05,83.8,135,J/kmol/K,20786,0.0,0.0,0.0,0.0,50.0,1500,J/kmol/K,-99.903,1347.5,17.615,-0.00032893,2,84.1,150.0,Pa.s,-0.30397,-0.82999,-0.71462,-0.00039294,-1.22e-05,80.0,150.0,W/m/K,0.00013095,0.81923,-122.33,13993,90.0,2000,W/m/K,1.214E+08,0.36333,1.283,-2.0514,0.85175,298.15,723.54,J/kmol
N-nonadecane,760.0,K,1230000.0,Pa,1.1,m3/kmol,0.215,603.75,K,268.521,0.343701,m3/kmol,0.8271,-435140000.0,J/kmol,107500000.0,J/kmol,-11781200000.0,J/kmol,0.20149,0.23831,760.0,0.29903,273.15,734.16,kmol/m3,182.4,-17843.6,-22.4873,7.35e-06,2.0,305.04,760.15,Pa,46085,-1304.5,21.195,-0.015382,3.31e-05,83.8,135,J/kmol/K,20786,0.0,0.0,0.0,0.0,50.0,1500,J/kmol/K,-99.903,1347.5,17.615,-0.00032893,2,84.1,150.0,Pa.s,-0.30397,-0.82999,-0.71462,-0.00039294,-1.22e-05,80.0,150.0,W/m/K,0.00013095,0.81923,-122.33,13993,90.0,2000,W/m/K,1.5404E+08,1.2215,-0.32899,-1.0541,0.6821,298.15,758,J/kmol
N-heneicosane,778.0,K,1110000.0,Pa,1.23,m3/kmol,0.211064,629.65,K,296.574,0.376581,m3/kmol,0.942004,-477800000.0,J/kmol,122900000.0,J/kmol,-12960000000.0,J/kmol,0.0010945,0.018629,798.64,0.095543,293.15,778.0,kmol/m3,107.245,-14833.8,-11.2142,3.61e-07,2.0,313.35,778.0,Pa,46085,-1304.5,21.195,-0.015382,3.31e-05,83.8,135,J/kmol/K,20786,0.0,0.0,0.0,0.0,50.0,1500,J/kmol/K,-99.903,1347.5,17.615,-0.00032893,2,84.1,150.0,Pa.s,-0.30397,-0.82999,-0.71462,-0.00039294,-1.22e-05,80.0,150.0,W/m/K,0.00013095,0.81923,-122.33,13993,90.0,2000,W/m/K,2.0592E+08,3.1557,-6.6833,7.1267,-3.099,313.35,778,J/kmol
N-docosane,787.0,K,1060000.0,Pa,1.29,m3/kmol,0.208971,641.75,K,310.601,0.393226,m3/kmol,0.973,-498500000.0,J/kmol,130700000.0,J/kmol,-13570000000.0,J/kmol,0.00088994,0.017172,808.83,0.094179,293.15,787.0,kmol/m3,270.663,-22731.6,-35.8179,1.93e-05,2.0,317.15,787.0,Pa,46085,-1304.5,21.195,-0.015382,3.31e-05,83.8,135,J/kmol/K,20786,0.0,0.0,0.0,0.0,50.0,1500,J/kmol/K,-99.903,1347.5,17.615,-0.00032893,2,84.1,150.0,Pa.s,-0.30397,-0.82999,-0.71462,-0.00039294,-1.22e-05,80.0,150.0,W/m/K,0.00013095,0.81923,-122.33,13993,90.0,2000,W/m/K,1.5383E+08,1.0955,-1.2067,1.3977,-0.85529,317.15,787,J/kmol
N-tricosane,796.0,K,1020000.0,Pa,1.35,m3/kmol,0.208059,653.15,K,324.627,0.4074,m3/kmol,1.02617,-519200000.0,J/kmol,139000000.0,J/kmol,-14170000000.0,J/kmol,0.048866,0.12922,818.25,0.20531,273.15,770.98,kmol/m3,-22.0803,-9534.11,8.27405,-1.25e-05,2.0,320.65,796.0,Pa,46085,-1304.5,21.195,-0.015382,3.31e-05,83.8,135,J/kmol/K,20786,0.0,0.0,0.0,0.0,50.0,1500,J/kmol/K,-99.903,1347.5,17.615,-0.00032893,2,84.1,150.0,Pa.s,-0.30397,-0.82999,-0.71462,-0.00039294,-1.22e-05,80.0,150.0,W/m/K,0.00013095,0.81923,-122.33,13993,90.0,2000,W/m/K,1.6434E+08,1.0068,-0.55169,0.31454,-0.3244,320.65,796,J/kmol
N-tetracosane,804.0,K,980000.0,Pa,1.41,m3/kmol,0.206707,664.45,K,338.654,0.426088,m3/kmol,1.07102,-540000000.0,J/kmol,147200000.0,J/kmol,-14790000000.0,J/kmol,0.013821,0.07087,810.0,0.13885,273.15,804.0,kmol/m3,118.464,-17014.8,-12.5145,1.11e-07,2.0,323.75,804.0,Pa,46085,-1304.5,21.195,-0.015382,3.31e-05,83.8,135,J/kmol/K,20786,0.0,0.0,0.0,0.0,50.0,1500,J/kmol/K,-99.903,1347.5,17.615,-0.00032893,2,84.1,150.0,Pa.s,-0.30397,-0.82999,-0.71462,-0.00039294,-1.22e-05,80.0,150.0,W/m/K,0.00013095,0.81923,-122.33,13993,90.0,2000,W/m/K,1.5462E+08,0.24892,1.8808,-2.829,1.1319,323.75,804,J/kmol
N-pentacosane,812.0,K,950000.0,Pa,1.46,m3/kmol,0.20544,675.05,K,352.68,0.442767,m3/kmol,1.10526,-560700000.0,J/kmol,155300000.0,J/kmol,-15390000000.0,J/kmol,0.00063401,0.015388,836.31,0.093752,293.15,812.0,kmol/m3,-203.25,-1095.06,35.1974,-2.82e-05,2.0,326.65,812.0,Pa,46085,-1304.5,21.195,-0.015382,3.31e-05,83.8,135,J/kmol/K,20786,0.0,0.0,0.0,0.0,50.0,1500,J/kmol/K,-99.903,1347.5,17.615,-0.00032893,2,84.1,150.0,Pa.s,-0.30397,-0.82999,-0.71462,-0.00039294,-1.22e-05,80.0,150.0,W/m/K,0.00013095,0.81923,-122.33,13993,90.0,2000,W/m/K,1.9288E+08,1.8937,-3.4712,3.9636,-1.9344,326.65,812,J/kmol
N-hexacosane,819.0,K,910000.0,Pa,1.52,m3/kmol,0.203126,685.35,K,366.707,0.4561,m3/kmol,1.15444,-581400000.0,J/kmol,163600000.0,J/kmol,-16000000000.0,J/kmol,0.0012458,0.021983,844.7,0.10464,273.15,819.0,kmol/m3,-181.395,-2296.29,31.9067,-2.56e-05,2.0,329.25,819.0,Pa,46085,-1304.5,21.195,-0.015382,3.31e-05,83.8,135,J/kmol/K,20786,0.0,0.0,0.0,0.0,50.0,1500,J/kmol/K,-99.903,1347.5,17.615,-0.00032893,2,84.1,150.0,Pa.s,-0.30397,-0.82999,-0.71462,-0.00039294,-1.22e-05,80.0,150.0,W/m/K,0.00013095,0.81923,-122.33,13993,90.0,2000,W/m/K,2.0502E+08,2.0708,-3.8957,4.3419,-2.0579,329.25,819,J/kmol
N-heptacosane,826.0,K,883000.0,Pa,1.58,m3/kmol,0.203,695.25,K,380.734,0.48815,m3/kmol,1.21357,-602100000.0,J/kmol,171600000.0,J/kmol,-16600000000.0,J/kmol,0.13373,0.23061,826.0,0.29272,293.15,800.01,kmol/m3,254.28,-25266.0,-32.268,9.86e-06,2.0,332.15,826.0,Pa,46085,-1304.5,21.195,-0.015382,3.31e-05,83.8,135,J/kmol/K,20786,0.0,0.0,0.0,0.0,50.0,1500,J/kmol/K,-99.903,1347.5,17.615,-0.00032893,2,84.1,150.0,Pa.s,-0.30397,-0.82999,-0.71462,-0.00039294,-1.22e-05,80.0,150.0,W/m/K,0.00013095,0.81923,-122.33,13993,90.0,2000,W/m/K,1.738E+08,0.55455,0.6619,-1.1864,0.39235,332.15,800.01,J/kmol
N-octacosane,832.0,K,850000.0,Pa,1.63,m3/kmol,0.200285,704.75,K,394.76,0.492645,m3/kmol,1.23752,-622800000.0,J/kmol,179900000.0,J/kmol,-17220000000.0,J/kmol,0.0073167,0.055448,843.0,0.13236,273.15,832.0,kmol/m3,196.587,-22285.2,-23.9134,7.16e-06,2.0,334.35,832.0,Pa,46085,-1304.5,21.195,-0.015382,3.31e-05,83.8,135,J/kmol/K,20786,0.0,0.0,0.0,0.0,50.0,1500,J/kmol/K,-99.903,1347.5,17.615,-0.00032893,2,84.1,150.0,Pa.s,-0.30397,-0.82999,-0.71462,-0.00039294,-1.22e-05,80.0,150.0,W/m/K,0.00013095,0.81923,-122.33,13993,90.0,2000,W/m/K,2.0593E+08,0.90796,0.4061,-1.298,0.44283,334.35,832,J/kmol
N-nonacosane,838.0,K,826000.0,Pa,1.69,m3/kmol,0.2,713.95,K,408.787,0.523824,m3/kmol,1.26531,-643500000.0,J/kmol,187900000.0,J/kmol,-17820000000.0,J/kmol,0.12857,0.23366,838.0,0.30121,293.15,811.62,kmol/m3,-4.24146,-11668.6,5.53421,-8.1e-06,2.0,336.85,838.0,Pa,46085,-1304.5,21.195,-0.015382,3.31e-05,83.8,135,J/kmol/K,20786,0.0,0.0,0.0,0.0,50.0,1500,J/kmol/K,-99.903,1347.5,17.615,-0.00032893,2,84.1,150.0,Pa.s,-0.30397,-0.82999,-0.71462,-0.00039294,-1.22e-05,80.0,150.0,W/m/K,0.00013095,0.81923,-122.33,13993,90.0,2000,W/m/K,1.9213E+08,0.53282,0.78359,-0.96953,0.062608,336.85,811.62,J/kmol
Squalane,863.0,K,868000.0,Pa,1.64,m3/kmol,0.198,623.15,K,422.813,0.526135,m3/kmol,0.915303,-689600000.0,J/kmol,186800000.0,J/kmol,-18500000000.0,J/kmol,0.15996,0.26223,863.0,0.38604,235.15,863.0,kmol/m3,518.45,-40342.0,-70.491,2.49e-05,2.0,235.15,863.0,Pa,46085,-1304.5,21.195,-0.015382,3.31e-05,83.8,135,J/kmol/K,20786,0.0,0.0,0.0,0.0,50.0,1500,J/kmol/K,-99.903,1347.5,17.615,-0.00032893,2,84.1,150.0,Pa.s,-0.30397,-0.82999,-0.71462,-0.00039294,-1.22e-05,80.0,150.0,W/m/K,0.00013095,0.81923,-122.33,13993,90.0,2000,W/m/K,1.3274E+08,0.38,0,0,0,235.15,863,J/kmol
2-methylhexane,530.1,K,2730000.0,Pa,0.421,m3/kmol,0.261,363.18,K,100.202,0.1486,m3/kmol,0.331,-194720000.0,J/kmol,3470000.0,J/kmol,-4459350000.0,J/kmol,0.4821,0.23526,530.41,0.23824,154.9,530.4,kmol/m3,90.2062,-6876.2,-10.3189,8.22e-06,2.0,154.9,530.4,Pa,46085,-1304.5,21.195,-0.015382,3.31e-05,83.8,135,J/kmol/K,20786,0.0,0.0,0.0,0.0,50.0,1500,J/kmol/K,-99.903,1347.5,17.615,-0.00032893,2,84.1,150.0,Pa.s,-0.30397,-0.82999,-0.71462,-0.00039294,-1.22e-05,80.0,150.0,W/m/K,0.00013095,0.81923,-122.33,13993,90.0,2000,W/m/K,4.86195E+07,0.640142,-0.832218,0.945728,-0.370956,154.9,510.64,J/kmol
3-methylhexane,535.2,K,2810000.0,Pa,0.404,m3/kmol,0.255,365.0,K,100.202,0.14674,m3/kmol,0.323,-191330000.0,J/kmol,5080000.0,J/kmol,-4461770000.0,J/kmol,0.53784,0.24926,535.2,0.22945,153.75,535.19,kmol/m3,86.7674,-6773.07,-9.77749,7.54e-06,2.0,153.75,535.2,Pa,46085,-1304.5,21.195,-0.015382,3.31e-05,83.8,135,J/kmol/K,20786,0.0,0.0,0.0,0.0,50.0,1500,J/kmol/K,-99.903,1347.5,17.615,-0.00032893,2,84.1,150.0,Pa.s,-0.30397,-0.82999,-0.71462,-0.00039294,-1.22e-05,80.0,150.0,W/m/K,0.00013095,0.81923,-122.33,13993,90.0,2000,W/m/K,5.81777E+07,1.0857,-1.05321,0.37877,0.0254378,153.75,515.12,J/kmol
3-ethylpentane,540.5,K,2890000.0,Pa,0.4158,m3/kmol,0.267,366.63,K,100.202,0.1444,m3/kmol,0.311,-189661000.0,J/kmol,10920200.0,J/kmol,-4464200000.0,J/kmol,0.56112,0.24813,540.61,0.27074,154.55,540.6,kmol/m3,89.9931,-6915.9,-10.2778,8.04e-06,2.0,154.55,540.6,Pa,46085,-1304.5,21.195,-0.015382,3.31e-05,83.8,135,J/kmol/K,20786,0.0,0.0,0.0,0.0,50.0,1500,J/kmol/K,-99.903,1347.5,17.615,-0.00032893,2,84.1,150.0,Pa.s,-0.30397,-0.82999,-0.71462,-0.00039294,-1.22e-05,80.0,150.0,W/m/K,0.00013095,0.81923,-122.33,13993,90.0,2000,W/m/K,5.3257E+07,1.2647,-2.6729,3.1124,-1.3109,154.55,520.28,J/kmol
"2,2-dimethylpentane",520.4,K,2770000.0,Pa,0.4158,m3/kmol,0.266,352.32,K,100.202,0.14967,m3/kmol,0.287,-206146000.0,J/kmol,550000.0,J/kmol,-4450480000.0,J/kmol,0.5639,0.25328,520.51,0.25578,149.34,520.5,kmol/m3,85.1511,-6377.96,-9.64606,8.43e-06,2.0,149.34,520.5,Pa,46085,-1304.5,21.195,-0.015382,3.31e-05,83.8,135,J/kmol/K,20786,0.0,0.0,0.0,0.0,50.0,1500,J/kmol/K,-99.903,1347.5,17.615,-0.00032893,2,84.1,150.0,Pa.s,-0.30397,-0.82999,-0.71462,-0.00039294,-1.22e-05,80.0,150.0,W/m/K,0.00013095,0.81923,-122.33,13993,90.0,2000,W/m/K,5.34663E+07,0.794603,-0.00994342,-0.969824,0.623819,149.34,503,J/kmol
"2,3-dimethylpentane",537.3,K,2910000.0,Pa,0.393,m3/kmol,0.256,362.91,K,100.202,0.14505,m3/kmol,0.297,-194100000.0,J/kmol,5610000.0,J/kmol,-4455670000.0,J/kmol,0.60743,0.26317,537.3,0.2444,160.0,537.25,kmol/m3,81.051,-6444.3,-8.9383,6.96e-06,2.0,160.0,537.3,Pa,46085,-1304.5,21.195,-0.015382,3.31e-05,83.8,135,J/kmol/K,20786,0.0,0.0,0.0,0.0,50.0,1500,J/kmol/K,-99.903,1347.5,17.615,-0.00032893,2,84.1,150.0,Pa.s,-0.30397,-0.82999,-0.71462,-0.00039294,-1.22e-05,80.0,150.0,W/m/K,0.00013095,0.81923,-122.33,13993,90.0,2000,W/m/K,5.68661E+07,1.31996,-1.91413,1.4102,-0.377243,160,517.44,J/kmol
"2,4-dimethylpentane",519.7,K,2740000.0,Pa,0.4175,m3/kmol,0.265,353.62,K,100.202,0.14995,m3/kmol,0.304,-201670000.0,J/kmol,3310000.0,J/kmol,-4454000000.0,J/kmol,0.49944,0.24101,519.81,0.23086,153.91,519.8,kmol/m3,86.2343,-6498.29,-9.77263,8.13e-06,2.0,153.91,519.8,Pa,46085,-1304.5,21.195,-0.015382,3.31e-05,83.8,135,J/kmol/K,20786,0.0,0.0,0.0,0.0,50.0,1500,J/kmol/K,-99.903,1347.5,17.615,-0.00032893,2,84.1,150.0,Pa.s,-0.30397,-0.82999,-0.71462,-0.00039294,-1.22e-05,80.0,150.0,W/m/K,0.00013095,0.81923,-122.33,13993,90.0,2000,W/m/K,5.63692E+07,1.08368,-0.919235,0.1428,0.13605,153.91,500.54,J/kmol
"3,3-dimethylpentane",536.3,K,2950000.0,Pa,0.4141,m3/kmol,0.274,359.19,K,100.202,0.1454,m3/kmol,0.269,-201460000.0,J/kmol,2719600.0,J/kmol,-4454580000.0,J/kmol,0.57981,0.25238,536.41,0.28345,138.7,536.4,kmol/m3,74.5813,-6059.88,-7.98645,6.25e-06,2.0,138.7,536.4,Pa,46085,-1304.5,21.195,-0.015382,3.31e-05,83.8,135,J/kmol/K,20786,0.0,0.0,0.0,0.0,50.0,1500,J/kmol/K,-99.903,1347.5,17.615,-0.00032893,2,84.1,150.0,Pa.s,-0.30397,-0.82999,-0.71462,-0.00039294,-1.22e-05,80.0,150.0,W/m/K,0.00013095,0.81923,-122.33,13993,90.0,2000,W/m/K,5.254E+07,1.1834,-1.8011,1.5275,-0.48856,138.7,515.47,J/kmol
"2,2,3-trimethylbutane",531.1,K,2950000.0,Pa,0.3976,m3/kmol,0.266,354.01,K,100.202,0.14615,m3/kmol,0.25,-204765000.0,J/kmol,4600000.0,J/kmol,-4452230000.0,J/kmol,0.36152,0.20413,531.16,0.1958,248.57,531.15,kmol/m3,68.9229,-5729.49,-7.13926,5.48e-06,2.0,248.57,532.22,Pa,46085,-1304.5,21.195,-0.015382,3.31e-05,83.8,135,J/kmol/K,20786,0.0,0.0,0.0,0.0,50.0,1500,J/kmol/K,-99.903,1347.5,17.615,-0.00032893,2,84.1,150.0,Pa.s,-0.30397,-0.82999,-0.71462,-0.00039294,-1.22e-05,80.0,150.0,W/m/K,0.00013095,0.81923,-122.33,13993,90.0,2000,W/m/K,4.4282E+07,0.37696,0.13995,-0.28638,0.1473,248.57,531.1,J/kmol
2-methylheptane,559.6,K,2480000.0,Pa,0.4882,m3/kmol,0.26,390.8,K,114.229,0.16463,m3/kmol,0.378,-215400000.0,J/kmol,11800000.0,J/kmol,-5069330000.0,J/kmol,0.40246,0.22797,559.66,0.23428,164.15,559.65,kmol/m3,97.9971,-7746.66,-11.3759,8.14e-06,2.0,164.16,559.7,Pa,46085,-1304.5,21.195,-0.015382,3.31e-05,83.8,135,J/kmol/K,20786,0.0,0.0,0.0,0.0,50.0,1500,J/kmol/K,-99.903,1347.5,17.615,-0.00032893,2,84.1,150.0,Pa.s,-0.30397,-0.82999,-0.71462,-0.00039294,-1.22e-05,80.0,150.0,W/m/K,0.00013095,0.81923,-122.33,13993,90.0,2000,W/m/K,6.65784E+07,1.35212,-1.87198,1.35461,-0.391149,164.16,544,J/kmol
3-methylheptane,563.6,K,2550000.0,Pa,0.4711,m3/kmol,0.253,392.08,K,114.229,0.16278,m3/kmol,0.371,-212510000.0,J/kmol,12750000.0,J/kmol,-5072100000.0,J/kmol,0.48768,0.25064,563.66,0.24544,152.6,563.65,kmol/m3,94.7673,-7652.54,-10.8632,7.45e-06,2.0,152.6,563.67,Pa,46085,-1304.5,21.195,-0.015382,3.31e-05,83.8,135,J/kmol/K,20786,0.0,0.0,0.0,0.0,50.0,1500,J/kmol/K,-99.903,1347.5,17.615,-0.00032893,2,84.1,150.0,Pa.s,-0.30397,-0.82999,-0.71462,-0.00039294,-1.22e-05,80.0,150.0,W/m/K,0.00013095,0.81923,-122.33,13993,90.0,2000,W/m/K,6.89902E+07,1.39863,-1.77166,1.09372,-0.270846,152.6,548,J/kmol
4-methylheptane,561.7,K,2540000.0,Pa,0.476,m3/kmol,0.259,390.86,K,114.229,0.16306,m3/kmol,0.371,-211960000.0,J/kmol,15710000.0,J/kmol,-5072820000.0,J/kmol,0.41247,0.23007,561.76,0.23229,152.15,561.75,kmol/m3,97.3384,-7742.71,-11.2595,7.84e-06,2.0,152.2,561.74,Pa,46085,-1304.5,21.195,-0.015382,3.31e-05,83.8,135,J/kmol/K,20786,0.0,0.0,0.0,0.0,50.0,1500,J/kmol/K,-99.903,1347.5,17.615,-0.00032893,2,84.1,150.0,Pa.s,-0.30397,-0.82999,-0.71462,-0.00039294,-1.22e-05,80.0,150.0,W/m/K,0.00013095,0.81923,-122.33,13993,90.0,2000,W/m/K,6.79717E+07,1.15162,-0.835173,-0.171743,0.314726,152.2,540.15,J/kmol
3-ethylhexane,565.4,K,2610000.0,Pa,0.4605,m3/kmol,0.253,391.69,K,114.229,0.16101,m3/kmol,0.362,-210874000.0,J/kmol,16861500.0,J/kmol,-5073980000.0,J/kmol,0.46206,0.24436,565.51,0.22747,272.04,565.5,kmol/m3,97.096,-7733.57,-11.2258,7.81e-06,2.0,272.04,565.5,Pa,46085,-1304.5,21.195,-0.015382,3.31e-05,83.8,135,J/kmol/K,20786,0.0,0.0,0.0,0.0,50.0,1500,J/kmol/K,-99.903,1347.5,17.615,-0.00032893,2,84.1,150.0,Pa.s,-0.30397,-0.82999,-0.71462,-0.00039294,-1.22e-05,80.0,150.0,W/m/K,0.00013095,0.81923,-122.33,13993,90.0,2000,W/m/K,5.4799E+07,0.26737,0.81877,-1.2904,0.59915,272.04,550.05,J/kmol
"2,2-dimethylhexane",549.8,K,2530000.0,Pa,0.478,m3/kmol,0.265,379.99,K,114.229,0.16529,m3/kmol,0.339,-224723000.0,J/kmol,10711000.0,J/kmol,-5062470000.0,J/kmol,0.54681,0.26386,549.8,0.27774,151.97,549.8,kmol/m3,94.0692,-7328.82,-10.843,7.99e-06,2.0,151.97,549.8,Pa,46085,-1304.5,21.195,-0.015382,3.31e-05,83.8,135,J/kmol/K,20786,0.0,0.0,0.0,0.0,50.0,1500,J/kmol/K,-99.903,1347.5,17.615,-0.00032893,2,84.1,150.0,Pa.s,-0.30397,-0.82999,-0.71462,-0.00039294,-1.22e-05,80.0,150.0,W/m/K,0.00013095,0.81923,-122.33,13993,90.0,2000,W/m/K,6.21152E+07,1.00042,-0.588989,-0.277913,0.313577,151.97,549.8,J/kmol
"2,3-dimethylhexane",563.4,K,2630000.0,Pa,0.4682,m3/kmol,0.263,388.76,K,114.229,0.16131,m3/kmol,0.347,-213886000.0,J/kmol,15020600.0,J/kmol,-5071760000.0,J/kmol,0.48655,0.24924,563.43,0.24533,272.04,563.42,kmol/m3,106.31,-8083.9,-12.636,8.99e-06,2.0,272.04,563.5,Pa,46085,-1304.5,21.195,-0.015382,3.31e-05,83.8,135,J/kmol/K,20786,0.0,0.0,0.0,0.0,50.0,1500,J/kmol/K,-99.903,1347.5,17.615,-0.00032893,2,84.1,150.0,Pa.s,-0.30397,-0.82999,-0.71462,-0.00039294,-1.22e-05,80.0,150.0,W/m/K,0.00013095,0.81923,-122.33,13993,90.0,2000,W/m/K,5.5877E+07,0.44475,0.4503,-0.98905,0.49662,272.04,548.16,J/kmol
"2,4-dimethylhexane",553.5,K,2560000.0,Pa,0.472,m3/kmol,0.263,382.58,K,114.229,0.16408,m3/kmol,0.344,-219409000.0,J/kmol,11715200.0,J/kmol,-5067330000.0,J/kmol,0.49412,0.25086,553.5,0.26728,272.04,553.45,kmol/m3,110.28,-8135.7,-13.268,9.73e-06,2.0,272.04,553.5,Pa,46085,-1304.5,21.195,-0.015382,3.31e-05,83.8,135,J/kmol/K,20786,0.0,0.0,0.0,0.0,50.0,1500,J/kmol/K,-99.903,1347.5,17.615,-0.00032893,2,84.1,150.0,Pa.s,-0.30397,-0.82999,-0.71462,-0.00039294,-1.22e-05,80.0,150.0,W/m/K,0.00013095,0.81923,-122.33,13993,90.0,2000,W/m/K,5.4006E+07,0.43973,0.30966,-0.70429,0.35515,272.04,538.69,J/kmol
"2,5-dimethylhexane",550.0,K,2490000.0,Pa,0.482,m3/kmol,0.262,382.26,K,114.229,0.1657,m3/kmol,0.357,-222631000.0,J/kmol,10460000.0,J/kmol,-5063980000.0,J/kmol,0.49779,0.2525,550.0,0.26429,182.0,550.0,kmol/m3,87.6547,-7122.29,-9.84356,7.04e-06,2.0,182.0,550.0,Pa,46085,-1304.5,21.195,-0.015382,3.31e-05,83.8,135,J/kmol/K,20786,0.0,0.0,0.0,0.0,50.0,1500,J/kmol/K,-99.903,1347.5,17.615,-0.00032893,2,84.1,150.0,Pa.s,-0.30397,-0.82999,-0.71462,-0.00039294,-1.22e-05,80.0,150.0,W/m/K,0.00013095,0.81923,-122.33,13993,90.0,2000,W/m/K,6.2389E+07,1.0017,-0.72582,-0.024698,0.19155,182,550,J/kmol
"3,3-dimethylhexane",562.0,K,2650000.0,Pa,0.4428,m3/kmol,0.251,385.12,K,114.229,0.16181,m3/kmol,0.32,-220120000.0,J/kmol,13263300.0,J/kmol,-5066820000.0,J/kmol,0.45959,0.24567,562.0,0.21162,147.05,561.95,kmol/m3,109.95,-8119.3,-13.232,9.73e-06,2.0,147.05,562.0,Pa,46085,-1304.5,21.195,-0.015382,3.31e-05,83.8,135,J/kmol/K,20786,0.0,0.0,0.0,0.0,50.0,1500,J/kmol/K,-99.903,1347.5,17.615,-0.00032893,2,84.1,150.0,Pa.s,-0.30397,-0.82999,-0.71462,-0.00039294,-1.22e-05,80.0,150.0,W/m/K,0.00013095,0.81923,-122.33,13993,90.0,2000,W/m/K,5.8755E+07,0.81257,-0.27217,-0.51422,0.40803,147.05,540.16,J/kmol
"3,4-dimethylhexane",568.8,K,2690000.0,Pa,0.4588,m3/kmol,0.265,390.88,K,114.229,0.15973,m3/kmol,0.338,-213007000.0,J/kmol,16740000.0,J/kmol,-5072510000.0,J/kmol,0.45439,0.24011,568.8,0.23618,272.04,568.78,kmol/m3,93.6862,-7521.51,-10.7345,7.53e-06,2.0,272.04,568.8,Pa,46085,-1304.5,21.195,-0.015382,3.31e-05,83.8,135,J/kmol/K,20786,0.0,0.0,0.0,0.0,50.0,1500,J/kmol/K,-99.903,1347.5,17.615,-0.00032893,2,84.1,150.0,Pa.s,-0.30397,-0.82999,-0.71462,-0.00039294,-1.22e-05,80.0,150.0,W/m/K,0.00013095,0.81923,-122.33,13993,90.0,2000,W/m/K,5.4702E+07,0.45918,0.1856,-0.51513,0.26338,272.04,553.18,J/kmol
2-methyl-3-ethylpentane,567.0,K,2700000.0,Pa,0.4453,m3/kmol,0.254,388.81,K,114.229,0.15972,m3/kmol,0.331,-211208000.0,J/kmol,18786100.0,J/kmol,-5074770000.0,J/kmol,0.54567,0.26412,567.03,0.24308,158.2,567.02,kmol/m3,92.1293,-7403.47,-10.5112,7.4e-06,2.0,158.2,567.1,Pa,46085,-1304.5,21.195,-0.015382,3.31e-05,83.8,135,J/kmol/K,20786,0.0,0.0,0.0,0.0,50.0,1500,J/kmol/K,-99.903,1347.5,17.615,-0.00032893,2,84.1,150.0,Pa.s,-0.30397,-0.82999,-0.71462,-0.00039294,-1.22e-05,80.0,150.0,W/m/K,0.00013095,0.81923,-122.33,13993,90.0,2000,W/m/K,5.9697E+07,0.73134,0.033175,-0.91459,0.58962,158.2,545.58,J/kmol
3-methyl-3-ethylpentane,576.5,K,2810000.0,Pa,0.4551,m3/kmol,0.267,391.42,K,114.229,0.15788,m3/kmol,0.305,-214850000.0,J/kmol,22880000.0,J/kmol,-5071600000.0,J/kmol,0.59884,0.27253,576.5,0.28169,182.28,576.5,kmol/m3,85.7767,-7097.92,-9.57222,6.71e-06,2.0,182.28,576.5,Pa,46085,-1304.5,21.195,-0.015382,3.31e-05,83.8,135,J/kmol/K,20786,0.0,0.0,0.0,0.0,50.0,1500,J/kmol/K,-99.903,1347.5,17.615,-0.00032893,2,84.1,150.0,Pa.s,-0.30397,-0.82999,-0.71462,-0.00039294,-1.22e-05,80.0,150.0,W/m/K,0.00013095,0.81923,-122.33,13993,90.0,2000,W/m/K,6.3775E+07,1.5194,-2.4569,2.0687,-0.69375,182.28,576.5,J/kmol
"2,2,3,3-tetramethylbutane",567.8,K,2870000.0,Pa,0.482,m3/kmol,0.28,379.44,K,114.229,0.13902,m3/kmol,0.248,-225600000.0,J/kmol,22230000.0,J/kmol,-5055800000.0,J/kmol,0.61397,0.27674,567.8,0.28198,367.55,557.79,kmol/m3,120.66,-8500.6,-14.863,1.06e-05,2.0,373.96,568.0,Pa,46085,-1304.5,21.195,-0.015382,3.31e-05,83.8,135,J/kmol/K,20786,0.0,0.0,0.0,0.0,50.0,1500,J/kmol/K,-99.903,1347.5,17.615,-0.00032893,2,84.1,150.0,Pa.s,-0.30397,-0.82999,-0.71462,-0.00039294,-1.22e-05,80.0,150.0,W/m/K,0.00013095,0.81923,-122.33,13993,90.0,2000,W/m/K,5.3062E+07,0.30484,0.85323,-1.2161,0.48282,373.96,557.79,J/kmol
"2,2,5-trimethylhexane",568.05,K,2330000.0,Pa,0.519,m3/kmol,0.255,397.24,K,128.255,0.18225,m3/kmol,0.3571,-253300000.0,J/kmol,13800000.0,J/kmol,-5666430000.0,J/kmol,0.45081,0.25256,569.81,0.27357,167.39,569.8,kmol/m3,133.84,-9023.58,-17.0891,1.69e-05,2.0,167.39,569.8,Pa,46085,-1304.5,21.195,-0.015382,3.31e-05,83.8,135,J/kmol/K,20786,0.0,0.0,0.0,0.0,50.0,1500,J/kmol/K,-99.903,1347.5,17.615,-0.00032893,2,84.1,150.0,Pa.s,-0.30397,-0.82999,-0.71462,-0.00039294,-1.22e-05,80.0,150.0,W/m/K,0.00013095,0.81923,-122.33,13993,90.0,2000,W/m/K,8.0398E+07,1.70241,-1.57491,0.0056916,0.373292,167.39,548.62,J/kmol
"2,4,4-trimethylhexane",583.0,K,2500000.0,Pa,0.509,m3/kmol,0.26,403.81,K,128.255,0.178125,m3/kmol,0.352203,-240300000.0,J/kmol,25000000.0,J/kmol,-5680000000.0,J/kmol,0.098546,0.11862,583.0,0.15161,159.78,581.0,kmol/m3,143.113,-9541.53,-18.4559,1.71e-05,2.0,159.78,581.0,Pa,46085,-1304.5,21.195,-0.015382,3.31e-05,83.8,135,J/kmol/K,20786,0.0,0.0,0.0,0.0,50.0,1500,J/kmol/K,-99.903,1347.5,17.615,-0.00032893,2,84.1,150.0,Pa.s,-0.30397,-0.82999,-0.71462,-0.00039294,-1.22e-05,80.0,150.0,W/m/K,0.00013095,0.81923,-122.33,13993,90.0,2000,W/m/K,5.5551E+07,0.63316,-0.60532,0.59593,-0.24062,159.78,581,J/kmol
"3,3-diethylpentane",610.05,K,2674980.0,Pa,0.473,m3/kmol,0.249,419.34,K,128.255,0.171012,m3/kmol,0.3379,-231835000.0,J/kmol,41700000.0,J/kmol,-5684380000.0,J/kmol,0.61216,0.28967,610.05,0.29325,240.12,610.05,kmol/m3,143.892,-9842.67,-18.514,1.65e-05,2.0,240.12,610.05,Pa,46085,-1304.5,21.195,-0.015382,3.31e-05,83.8,135,J/kmol/K,20786,0.0,0.0,0.0,0.0,50.0,1500,J/kmol/K,-99.903,1347.5,17.615,-0.00032893,2,84.1,150.0,Pa.s,-0.30397,-0.82999,-0.71462,-0.00039294,-1.22e-05,80.0,150.0,W/m/K,0.00013095,0.81923,-122.33,13993,90.0,2000,W/m/K,5.0222E+07,-0.028455,0.90984,-0.78409,0.24027,240.12,610.05,J/kmol
"2,2,3,3-tetramethylpentane",607.6,K,2740000.0,Pa,0.478,m3/kmol,0.269,413.44,K,128.255,0.17034,m3/kmol,0.304,-236856000.0,J/kmol,37400000.0,J/kmol,-5681490000.0,J/kmol,0.58952,0.28267,607.6,0.29572,263.26,589.38,kmol/m3,139.049,-9535.45,-17.7862,1.58e-05,2.0,263.26,607.5,Pa,46085,-1304.5,21.195,-0.015382,3.31e-05,83.8,135,J/kmol/K,20786,0.0,0.0,0.0,0.0,50.0,1500,J/kmol/K,-99.903,1347.5,17.615,-0.00032893,2,84.1,150.0,Pa.s,-0.30397,-0.82999,-0.71462,-0.00039294,-1.22e-05,80.0,150.0,W/m/K,0.00013095,0.81923,-122.33,13993,90.0,2000,W/m/K,5.3713E+07,0.39899,-0.032998,0.06374,-0.0535,263.26,607.5,J/kmol
"2,2,3,4-tetramethylpentane",592.7,K,2530000.0,Pa,0.49,m3/kmol,0.258,406.18,K,128.255,0.179229,m3/kmol,0.301,-237358000.0,J/kmol,32635200.0,J/kmol,-5682080000.0,J/kmol,0.42889,0.24425,592.7,0.24983,152.06,592.6,kmol/m3,137.07,-9700.5,-17.255,1.21e-05,2.0,152.06,592.6,Pa,46085,-1304.5,21.195,-0.015382,3.31e-05,83.8,135,J/kmol/K,20786,0.0,0.0,0.0,0.0,50.0,1500,J/kmol/K,-99.903,1347.5,17.615,-0.00032893,2,84.1,150.0,Pa.s,-0.30397,-0.82999,-0.71462,-0.00039294,-1.22e-05,80.0,150.0,W/m/K,0.00013095,0.81923,-122.33,13993,90.0,2000,W/m/K,5.77183E+07,1.01658,-1.83513,2.12911,-0.921819,152.06,592.6,J/kmol
"2,2,4,4-tetramethylpentane",571.35,K,2360870.0,Pa,0.504,m3/kmol,0.263,395.44,K,128.255,0.17923,m3/kmol,0.313609,-241375000.0,J/kmol,34015900.0,J/kmol,-5679780000.0,J/kmol,0.47711,0.25904,574.61,0.26647,206.95,574.6,kmol/m3,136.57,-9035.55,-17.5287,1.68e-05,2.0,206.95,574.6,Pa,46085,-1304.5,21.195,-0.015382,3.31e-05,83.8,135,J/kmol/K,20786,0.0,0.0,0.0,0.0,50.0,1500,J/kmol/K,-99.903,1347.5,17.615,-0.00032893,2,84.1,150.0,Pa.s,-0.30397,-0.82999,-0.71462,-0.00039294,-1.22e-05,80.0,150.0,W/m/K,0.00013095,0.81923,-122.33,13993,90.0,2000,W/m/K,5.75823E+07,1.15409,-2.05525,2.20985,-0.923166,206.95,555.25,J/kmol
"2,3,3,4-tetramethylpentane",607.1,K,2670000.0,Pa,0.493,m3/kmol,0.261,414.71,K,128.255,0.17076,m3/kmol,0.313,-236100000.0,J/kmol,38000000.0,J/kmol,-5682200000.0,J/kmol,0.49299,0.25927,607.51,0.27003,171.03,607.5,kmol/m3,79.047,-7201.2,-8.4677,5.13e-06,2.0,171.03,607.5,Pa,46085,-1304.5,21.195,-0.015382,3.31e-05,83.8,135,J/kmol/K,20786,0.0,0.0,0.0,0.0,50.0,1500,J/kmol/K,-99.903,1347.5,17.615,-0.00032893,2,84.1,150.0,Pa.s,-0.30397,-0.82999,-0.71462,-0.00039294,-1.22e-05,80.0,150.0,W/m/K,0.00013095,0.81923,-122.33,13993,90.0,2000,W/m/K,5.5207E+07,0.63465,-0.82041,1.0175,-0.45604,171.03,584.53,J/kmol
2-methyloctane,587.0,K,2310000.0,Pa,0.529,m3/kmol,0.25,416.44,K,128.255,0.18075,m3/kmol,0.423,-234800000.0,J/kmol,22100000.0,J/kmol,-5679100000.0,J/kmol,0.048725,0.083928,587.0,0.13299,193.05,582.87,kmol/m3,117.664,-9065.07,-14.2809,1.02e-05,2.0,193.05,586.75,Pa,46085,-1304.5,21.195,-0.015382,3.31e-05,83.8,135,J/kmol/K,20786,0.0,0.0,0.0,0.0,50.0,1500,J/kmol/K,-99.903,1347.5,17.615,-0.00032893,2,84.1,150.0,Pa.s,-0.30397,-0.82999,-0.71462,-0.00039294,-1.22e-05,80.0,150.0,W/m/K,0.00013095,0.81923,-122.33,13993,90.0,2000,W/m/K,6.8687E+07,1.3406,-2.5809,2.7985,-1.1501,192.78,582.87,J/kmol
3-methyloctane,590.15,K,2340000.0,Pa,0.529,m3/kmol,0.252,417.38,K,128.255,0.178944,m3/kmol,0.412346,-233600000.0,J/kmol,21700000.0,J/kmol,-5681280000.0,J/kmol,0.4999,0.26438,590.15,0.29155,165.55,567.8,kmol/m3,169.345,-11170.4,-22.2687,1.9e-05,2.0,165.55,590.15,Pa,46085,-1304.5,21.195,-0.015382,3.31e-05,83.8,135,J/kmol/K,20786,0.0,0.0,0.0,0.0,50.0,1500,J/kmol/K,-99.903,1347.5,17.615,-0.00032893,2,84.1,150.0,Pa.s,-0.30397,-0.82999,-0.71462,-0.00039294,-1.22e-05,80.0,150.0,W/m/K,0.00013095,0.81923,-122.33,13993,90.0,2000,W/m/K,6.3378E+07,0.67667,-0.53996,0.45608,-0.18958,165.55,567.8,J/kmol
4-methyloctane,587.65,K,2340000.0,Pa,0.523,m3/kmol,0.25,415.59,K,128.255,0.179037,m3/kmol,0.412925,-233600000.0,J/kmol,21700000.0,J/kmol,-5681660000.0,J/kmol,0.51336,0.26824,587.65,0.29075,159.95,587.65,kmol/m3,168.491,-11138.6,-22.1349,1.88e-05,2.0,159.95,587.65,Pa,46085,-1304.5,21.195,-0.015382,3.31e-05,83.8,135,J/kmol/K,20786,0.0,0.0,0.0,0.0,50.0,1500,J/kmol/K,-99.903,1347.5,17.615,-0.00032893,2,84.1,150.0,Pa.s,-0.30397,-0.82999,-0.71462,-0.00039294,-1.22e-05,80.0,150.0,W/m/K,0.00013095,0.81923,-122.33,13993,90.0,2000,W/m/K,6.2916E+07,0.7446,-0.80882,0.80228,-0.33895,159.95,587.65,J/kmol
3-ethylheptane,594.3,K,2430000.0,Pa,0.5213,m3/kmol,0.257,416.35,K,128.255,0.177515,m3/kmol,0.407991,-231460000.0,J/kmol,24940000.0,J/kmol,-5683800000.0,J/kmol,0.38578,0.23273,594.3,0.25158,158.25,567.28,kmol/m3,103.665,-8269.45,-12.3229,1.23e-05,2.0,158.25,590.0,Pa,46085,-1304.5,21.195,-0.015382,3.31e-05,83.8,135,J/kmol/K,20786,0.0,0.0,0.0,0.0,50.0,1500,J/kmol/K,-99.903,1347.5,17.615,-0.00032893,2,84.1,150.0,Pa.s,-0.30397,-0.82999,-0.71462,-0.00039294,-1.22e-05,80.0,150.0,W/m/K,0.00013095,0.81923,-122.33,13993,90.0,2000,W/m/K,6.3311E+07,1.0505,-1.9581,2.2955,-0.98973,158.25,590,J/kmol
"2,2-dimethylheptane",577.8,K,2350000.0,Pa,0.525,m3/kmol,0.257,405.97,K,128.255,0.18151,m3/kmol,0.383,-246100000.0,J/kmol,17900000.0,J/kmol,-5672000000.0,J/kmol,0.19929,0.16944,577.8,0.19098,160.15,576.7,kmol/m3,173.177,-10891.7,-23.0435,2.17e-05,2.0,160.15,576.7,Pa,46085,-1304.5,21.195,-0.015382,3.31e-05,83.8,135,J/kmol/K,20786,0.0,0.0,0.0,0.0,50.0,1500,J/kmol/K,-99.903,1347.5,17.615,-0.00032893,2,84.1,150.0,Pa.s,-0.30397,-0.82999,-0.71462,-0.00039294,-1.22e-05,80.0,150.0,W/m/K,0.00013095,0.81923,-122.33,13993,90.0,2000,W/m/K,5.67758E+07,0.420266,0.0606766,-0.058971,-0.0565229,160.15,576.7,J/kmol
"3,3,5-trimethylheptane",609.6,K,2320000.0,Pa,0.564,m3/kmol,0.258,428.83,K,142.282,0.19248,m3/kmol,0.383,-258800000.0,J/kmol,32300000.0,J/kmol,-6291100000.0,J/kmol,0.32798,0.22465,609.6,0.2413,165.0,609.5,kmol/m3,165.07,-10873.8,-21.6778,1.74e-05,2.0,165.0,609.5,Pa,46085,-1304.5,21.195,-0.015382,3.31e-05,83.8,135,J/kmol/K,20786,0.0,0.0,0.0,0.0,50.0,1500,J/kmol/K,-99.903,1347.5,17.615,-0.00032893,2,84.1,150.0,Pa.s,-0.30397,-0.82999,-0.71462,-0.00039294,-1.22e-05,80.0,150.0,W/m/K,0.00013095,0.81923,-122.33,13993,90.0,2000,W/m/K,5.69204E+07,-0.369689,2.78835,-3.43047,1.37842,165,609.5,J/kmol
"2,2-dimethyloctane",602.4,K,2110000.0,Pa,0.5897,m3/kmol,0.248,430.05,K,142.282,0.197405,m3/kmol,0.428759,-267000000.0,J/kmol,26000000.0,J/kmol,-6281000000.0,J/kmol,0.27519,0.20873,602.4,0.22241,225.0,602.0,kmol/m3,128.216,-9736.79,-15.8794,1.21e-05,2.0,225.0,602.0,Pa,46085,-1304.5,21.195,-0.015382,3.31e-05,83.8,135,J/kmol/K,20786,0.0,0.0,0.0,0.0,50.0,1500,J/kmol/K,-99.903,1347.5,17.615,-0.00032893,2,84.1,150.0,Pa.s,-0.30397,-0.82999,-0.71462,-0.00039294,-1.22e-05,80.0,150.0,W/m/K,0.00013095,0.81923,-122.33,13993,90.0,2000,W/m/K,6.2139E+07,0.81955,-1.4728,1.7846,-0.74179,225,602,J/kmol
3-methylnonane,613.7,K,2140000.0,Pa,0.5904,m3/kmol,0.247,440.95,K,142.282,0.195076,m3/kmol,0.464925,-254400000.0,J/kmol,28800000.0,J/kmol,-6291000000.0,J/kmol,0.19012,0.17319,613.7,0.19349,188.35,613.0,kmol/m3,90.738,-8476.8,-10.023,5.34e-06,2.0,188.35,613.0,Pa,46085,-1304.5,21.195,-0.015382,3.31e-05,83.8,135,J/kmol/K,20786,0.0,0.0,0.0,0.0,50.0,1500,J/kmol/K,-99.903,1347.5,17.615,-0.00032893,2,84.1,150.0,Pa.s,-0.30397,-0.82999,-0.71462,-0.00039294,-1.22e-05,80.0,150.0,W/m/K,0.00013095,0.81923,-122.33,13993,90.0,2000,W/m/K,8.35416E+07,1.02448,-0.0908156,-1.22812,0.762381,188.35,613,J/kmol
2-methylnonane,621.0,K,2050000.0,Pa,0.601,m3/kmol,0.244,440.15,K,142.282,0.196826,m3/kmol,0.472342,-256520000.0,J/kmol,28410000.0,J/kmol,-6288800000.0,J/kmol,0.2243,0.18661,621.0,0.23259,198.5,588.34,kmol/m3,133.13,-10462.0,-16.388,9.93e-06,2.0,198.5,610.0,Pa,46085,-1304.5,21.195,-0.015382,3.31e-05,83.8,135,J/kmol/K,20786,0.0,0.0,0.0,0.0,50.0,1500,J/kmol/K,-99.903,1347.5,17.615,-0.00032893,2,84.1,150.0,Pa.s,-0.30397,-0.82999,-0.71462,-0.00039294,-1.22e-05,80.0,150.0,W/m/K,0.00013095,0.81923,-122.33,13993,90.0,2000,W/m/K,7.02399E+07,-0.879246,6.37127,-9.40458,4.4187,198.5,610,J/kmol
4-methylnonane,613.7,K,2140000.0,Pa,0.5904,m3/kmol,0.248,438.85,K,142.282,0.195426,m3/kmol,0.465073,-254700000.0,J/kmol,28900000.0,J/kmol,-6291000000.0,J/kmol,0.046753,0.085687,613.7,0.13909,174.45,610.0,kmol/m3,143.687,-10632.2,-18.1755,1.37e-05,2.0,174.45,610.0,Pa,46085,-1304.5,21.195,-0.015382,3.31e-05,83.8,135,J/kmol/K,20786,0.0,0.0,0.0,0.0,50.0,1500,J/kmol/K,-99.903,1347.5,17.615,-0.00032893,2,84.1,150.0,Pa.s,-0.30397,-0.82999,-0.71462,-0.00039294,-1.22e-05,80.0,150.0,W/m/K,0.00013095,0.81923,-122.33,13993,90.0,2000,W/m/K,6.2873E+07,0.39496,-0.054115,0.081779,-0.040701,174.45,610,J/kmol
5-methylnonane,609.6,K,2140000.0,Pa,0.5904,m3/kmol,0.248,438.25,K,142.282,0.195298,m3/kmol,0.456177,-254720000.0,J/kmol,30600000.0,J/kmol,-6291000000.0,J/kmol,0.41463,0.2529,610.01,0.28051,185.45,610.0,kmol/m3,215.639,-13712.3,-29.1586,2.36e-05,2.0,185.45,610.0,Pa,46085,-1304.5,21.195,-0.015382,3.31e-05,83.8,135,J/kmol/K,20786,0.0,0.0,0.0,0.0,50.0,1500,J/kmol/K,-99.903,1347.5,17.615,-0.00032893,2,84.1,150.0,Pa.s,-0.30397,-0.82999,-0.71462,-0.00039294,-1.22e-05,80.0,150.0,W/m/K,0.00013095,0.81923,-122.33,13993,90.0,2000,W/m/K,6.5588E+07,0.029762,1.6061,-2.0417,0.80324,185.45,587.66,J/kmol
Cis-2-hexene,511.4,K,3160000.0,Pa,0.345,m3/kmol,0.256,342.03,K,84.1595,0.1234,m3/kmol,0.287374,-48560000.0,J/kmol,80250000.0,J/kmol,-3728000000.0,J/kmol,0.77464,0.2672,511.4,0.28571,132.03,511.4,kmol/m3,104.399,-6791.22,-12.846,1.66e-05,2.0,132.03,511.4,Pa,46085,-1304.5,21.195,-0.015382,3.31e-05,83.8,135,J/kmol/K,20786,0.0,0.0,0.0,0.0,50.0,1500,J/kmol/K,-99.903,1347.5,17.615,-0.00032893,2,84.1,150.0,Pa.s,-0.30397,-0.82999,-0.71462,-0.00039294,-1.22e-05,80.0,150.0,W/m/K,0.00013095,0.81923,-122.33,13993,90.0,2000,W/m/K,4.9E+07,1.281,-2.4971,2.499,-0.86824,132,491.43,J/kmol
Trans-2-hexene,509.8,K,3168000.0,Pa,0.345,m3/kmol,0.258,341.02,K,84.1595,0.125,m3/kmol,0.288635,-53810000.0,J/kmol,76750000.0,J/kmol,-3726480000.0,J/kmol,0.7854,0.271,509.8,0.28571,140.17,509.8,kmol/m3,102.761,-6858.25,-12.4647,1.35e-05,2.0,140.17,509.8,Pa,46085,-1304.5,21.195,-0.015382,3.31e-05,83.8,135,J/kmol/K,20786,0.0,0.0,0.0,0.0,50.0,1500,J/kmol/K,-99.903,1347.5,17.615,-0.00032893,2,84.1,150.0,Pa.s,-0.30397,-0.82999,-0.71462,-0.00039294,-1.22e-05,80.0,150.0,W/m/K,0.00013095,0.81923,-122.33,13993,90.0,2000,W/m/K,4.4022E+07,0.563356,-0.497314,0.306975,0.0161359,140.17,490.35,J/kmol
1-octene,567.0,K,2680000.0,Pa,0.468,m3/kmol,0.266,394.44,K,112.213,0.15785,m3/kmol,0.393,-81940000.0,J/kmol,105700000.0,J/kmol,-4961000000.0,J/kmol,0.44684,0.23463,567.0,0.24846,171.45,566.9,kmol/m3,177.715,-11137.3,-23.5892,1.96e-05,2.0,171.45,566.9,Pa,46085,-1304.5,21.195,-0.015382,3.31e-05,83.8,135,J/kmol/K,20786,0.0,0.0,0.0,0.0,50.0,1500,J/kmol/K,-99.903,1347.5,17.615,-0.00032893,2,84.1,150.0,Pa.s,-0.30397,-0.82999,-0.71462,-0.00039294,-1.22e-05,80.0,150.0,W/m/K,0.00013095,0.81923,-122.33,13993,90.0,2000,W/m/K,5.7062E+07,0.3453,0.41628,-0.36125,-0.059539,171.45,566.9,J/kmol
1-nonene,594.0,K,2330000.0,Pa,0.526,m3/kmol,0.248,420.03,K,126.239,0.17405,m3/kmol,0.411,-103500000.0,J/kmol,112300000.0,J/kmol,-5571600000.0,J/kmol,0.18062,0.15802,594.0,0.18969,191.91,593.1,kmol/m3,120.37,-9418.7,-14.583,9.49e-06,2.0,191.91,593.1,Pa,46085,-1304.5,21.195,-0.015382,3.31e-05,83.8,135,J/kmol/K,20786,0.0,0.0,0.0,0.0,50.0,1500,J/kmol/K,-99.903,1347.5,17.615,-0.00032893,2,84.1,150.0,Pa.s,-0.30397,-0.82999,-0.71462,-0.00039294,-1.22e-05,80.0,150.0,W/m/K,0.00013095,0.81923,-122.33,13993,90.0,2000,W/m/K,5.0729E+07,-0.72017,3.2276,-3.6347,1.4659,191.91,593.1,J/kmol
1-undecene,637.8,K,2044000.0,Pa,0.657,m3/kmol,0.253,465.82,K,154.292,0.2065,m3/kmol,0.522466,-144900000.0,J/kmol,128300000.0,J/kmol,-6787800000.0,J/kmol,0.38001,0.24991,637.8,0.28571,223.99,637.8,kmol/m3,93.648,-9306.49,-10.2614,4.15e-06,2.0,223.99,637.9,Pa,46085,-1304.5,21.195,-0.015382,3.31e-05,83.8,135,J/kmol/K,20786,0.0,0.0,0.0,0.0,50.0,1500,J/kmol/K,-99.903,1347.5,17.615,-0.00032893,2,84.1,150.0,Pa.s,-0.30397,-0.82999,-0.71462,-0.00039294,-1.22e-05,80.0,150.0,W/m/K,0.00013095,0.81923,-122.33,13993,90.0,2000,W/m/K,2.3696E+07,-6.3933,18.084,-19.033,7.4719,223.99,616.02,J/kmol
2-methyl-1-pentene,507.0,K,3160000.0,Pa,0.359,m3/kmol,0.261,335.26,K,84.1595,0.124649,m3/kmol,0.261138,-52258100.0,J/kmol,72969000.0,J/kmol,-3722090000.0,J/kmol,0.13372,0.11276,507.0,0.1472,137.42,505.0,kmol/m3,85.161,-6171.1,-9.6632,8.56e-06,2.0,137.42,505.0,Pa,46085,-1304.5,21.195,-0.015382,3.31e-05,83.8,135,J/kmol/K,20786,0.0,0.0,0.0,0.0,50.0,1500,J/kmol/K,-99.903,1347.5,17.615,-0.00032893,2,84.1,150.0,Pa.s,-0.30397,-0.82999,-0.71462,-0.00039294,-1.22e-05,80.0,150.0,W/m/K,0.00013095,0.81923,-122.33,13993,90.0,2000,W/m/K,5.3973E+07,1.23932,-1.43393,0.797889,-0.142823,137.42,505,J/kmol
4-methyl-cis-2-pentene,499.0,K,3220000.0,Pa,0.346,m3/kmol,0.269,329.53,K,84.1595,0.126648,m3/kmol,0.244178,-50333500.0,J/kmol,76985600.0,J/kmol,-3725020000.0,J/kmol,0.77793,0.27017,499.0,0.2861,138.3,480.02,kmol/m3,83.573,-5993.9,-9.4501,8.57e-06,2.0,138.3,499.0,Pa,46085,-1304.5,21.195,-0.015382,3.31e-05,83.8,135,J/kmol/K,20786,0.0,0.0,0.0,0.0,50.0,1500,J/kmol/K,-99.903,1347.5,17.615,-0.00032893,2,84.1,150.0,Pa.s,-0.30397,-0.82999,-0.71462,-0.00039294,-1.22e-05,80.0,150.0,W/m/K,0.00013095,0.81923,-122.33,13993,90.0,2000,W/m/K,5.4227E+07,1.5628,-2.6171,2.4298,-0.92758,138.3,480.02,J/kmol
4-methyl-trans-2-pentene,501.0,K,3220000.0,Pa,0.346,m3/kmol,0.267,331.76,K,84.1595,0.126739,m3/kmol,0.255237,-54350100.0,J/kmol,74349700.0,J/kmol,-3720500000.0,J/kmol,0.77321,0.26966,501.0,0.28578,132.35,501.0,kmol/m3,81.691,-5972.8,-9.1408,8.13e-06,2.0,132.35,501.0,Pa,46085,-1304.5,21.195,-0.015382,3.31e-05,83.8,135,J/kmol/K,20786,0.0,0.0,0.0,0.0,50.0,1500,J/kmol/K,-99.903,1347.5,17.615,-0.00032893,2,84.1,150.0,Pa.s,-0.30397,-0.82999,-0.71462,-0.00039294,-1.22e-05,80.0,150.0,W/m/K,0.00013095,0.81923,-122.33,13993,90.0,2000,W/m/K,5.3985E+07,1.4966,-2.4784,2.2857,-0.85991,132.35,501,J/kmol
Cyclohexene,560.42,K,4350000.0,Pa,0.291,m3/kmol,0.272,356.12,K,82.1436,0.101877,m3/kmol,0.212302,-4520000.0,J/kmol,107700000.0,J/kmol,-3532000000.0,J/kmol,0.807,0.25253,560.42,0.26738,169.67,560.4,kmol/m3,82.052,-6388.7,-9.1035,7.13e-06,2.0,169.67,560.4,Pa,46085,-1304.5,21.195,-0.015382,3.31e-05,83.8,135,J/kmol/K,20786,0.0,0.0,0.0,0.0,50.0,1500,J/kmol/K,-99.903,1347.5,17.615,-0.00032893,2,84.1,150.0,Pa.s,-0.30397,-0.82999,-0.71462,-0.00039294,-1.22e-05,80.0,150.0,W/m/K,0.00013095,0.81923,-122.33,13993,90.0,2000,W/m/K,5.7944E+07,1.58758,-2.22547,1.10963,0.041589,169.67,560.4,J/kmol
"1,1-dimethylcyclopentane",547.0,K,3445000.0,Pa,0.36,m3/kmol,0.273,361.0,K,98.1861,0.130925,m3/kmol,0.272354,-138280000.0,J/kmol,39037000.0,J/kmol,-4275200000.0,J/kmol,0.77031,0.27731,547.0,0.30161,203.36,547.0,kmol/m3,80.6944,-6444.77,-8.84092,5.78e-06,2.0,203.36,547.0,Pa,46085,-1304.5,21.195,-0.015382,3.31e-05,83.8,135,J/kmol/K,20786,0.0,0.0,0.0,0.0,50.0,1500,J/kmol/K,-99.903,1347.5,17.615,-0.00032893,2,84.1,150.0,Pa.s,-0.30397,-0.82999,-0.71462,-0.00039294,-1.22e-05,80.0,150.0,W/m/K,0.00013095,0.81923,-122.33,13993,90.0,2000,W/m/K,6.4753E+07,1.835,-2.4221,1.0097,0.083052,203.36,547,J/kmol
"Cis-1,2-dimethylcyclopentane",565.15,K,3445050.0,Pa,0.37,m3/kmol,0.271,372.68,K,98.1861,0.127822,m3/kmol,0.2692,-129453000.0,J/kmol,45814800.0,J/kmol,-4282030000.0,J/kmol,0.72465,0.26829,565.15,0.28378,219.26,565.15,kmol/m3,88.755,-6920.0,-10.09,7.78e-06,2.0,219.26,565.15,Pa,46085,-1304.5,21.195,-0.015382,3.31e-05,83.8,135,J/kmol/K,20786,0.0,0.0,0.0,0.0,50.0,1500,J/kmol/K,-99.903,1347.5,17.615,-0.00032893,2,84.1,150.0,Pa.s,-0.30397,-0.82999,-0.71462,-0.00039294,-1.22e-05,80.0,150.0,W/m/K,0.00013095,0.81923,-122.33,13993,90.0,2000,W/m/K,5.8904E+07,1.2615,-1.6517,1.1747,-0.3566,219.26,565.15,J/kmol
"Trans-1,2-dimethylcyclopentane",553.15,K,3445050.0,Pa,0.36,m3/kmol,0.27,365.02,K,98.1861,0.131474,m3/kmol,0.2692,-136566000.0,J/kmol,38492800.0,J/kmol,-4276090000.0,J/kmol,0.77149,0.27784,553.15,0.30964,155.58,532.23,kmol/m3,89.97,-6815.6,-10.323,8.49e-06,2.0,155.58,553.15,Pa,46085,-1304.5,21.195,-0.015382,3.31e-05,83.8,135,J/kmol/K,20786,0.0,0.0,0.0,0.0,50.0,1500,J/kmol/K,-99.903,1347.5,17.615,-0.00032893,2,84.1,150.0,Pa.s,-0.30397,-0.82999,-0.71462,-0.00039294,-1.22e-05,80.0,150.0,W/m/K,0.00013095,0.81923,-122.33,13993,90.0,2000,W/m/K,5.4143E+07,0.72069,0.072069,-0.93971,0.57146,155.58,532.23,J/kmol
"Cis-1,3-dimethylcyclopentane",551.0,K,3400000.0,Pa,0.3633,m3/kmol,0.277,364.71,K,98.1861,0.13191,m3/kmol,0.276,-135850000.0,J/kmol,39204000.0,J/kmol,-4277100000.0,J/kmol,0.77224,0.27858,551.0,0.31293,139.45,551.0,kmol/m3,59.262,-5561.3,-5.5932,3.91e-06,2.0,139.45,551.0,Pa,46085,-1304.5,21.195,-0.015382,3.31e-05,83.8,135,J/kmol/K,20786,0.0,0.0,0.0,0.0,50.0,1500,J/kmol/K,-99.903,1347.5,17.615,-0.00032893,2,84.1,150.0,Pa.s,-0.30397,-0.82999,-0.71462,-0.00039294,-1.22e-05,80.0,150.0,W/m/K,0.00013095,0.81923,-122.33,13993,90.0,2000,W/m/K,5.96475E+07,1.9922,-3.90604,3.44234,-1.06493,139.45,551,J/kmol
"Trans-1,3-dimethylcyclopentane",553.0,K,3400000.0,Pa,0.3633,m3/kmol,0.276,363.9,K,98.1861,0.13264,m3/kmol,0.253,-133600000.0,J/kmol,41463000.0,J/kmol,-4279000000.0,J/kmol,0.77915,0.2805,553.0,0.30466,139.18,553.0,kmol/m3,72.714,-6038.9,-7.709,6.35e-06,2.0,139.18,553.0,Pa,46085,-1304.5,21.195,-0.015382,3.31e-05,83.8,135,J/kmol/K,20786,0.0,0.0,0.0,0.0,50.0,1500,J/kmol/K,-99.903,1347.5,17.615,-0.00032893,2,84.1,150.0,Pa.s,-0.30397,-0.82999,-0.71462,-0.00039294,-1.22e-05,80.0,150.0,W/m/K,0.00013095,0.81923,-122.33,13993,90.0,2000,W/m/K,6.56856E+07,1.54707,-1.42972,-0.00159084,0.362451,139.18,553,J/kmol
Isopropylcyclopentane,601.0,K,3000000.0,Pa,0.422,m3/kmol,0.259,399.58,K,112.213,0.14527,m3/kmol,0.302996,-150710000.0,J/kmol,53050000.0,J/kmol,-4894400000.0,J/kmol,0.01997,0.048466,601.0,0.10484,161.79,593.0,kmol/m3,70.749,-6671.51,-7.20487,3.98e-06,2.0,161.79,593.0,Pa,46085,-1304.5,21.195,-0.015382,3.31e-05,83.8,135,J/kmol/K,20786,0.0,0.0,0.0,0.0,50.0,1500,J/kmol/K,-99.903,1347.5,17.615,-0.00032893,2,84.1,150.0,Pa.s,-0.30397,-0.82999,-0.71462,-0.00039294,-1.22e-05,80.0,150.0,W/m/K,0.00013095,0.81923,-122.33,13993,90.0,2000,W/m/K,5.80701E+07,1.42046,-3.257,3.92318,-1.68634,161.79,593,J/kmol
1-methyl-1-ethylcyclopentane,582.0,K,3020000.0,Pa,0.428,m3/kmol,0.267,394.672,K,112.213,0.144502,m3/kmol,0.329811,-154900000.0,J/kmol,50670000.0,J/kmol,-4889210000.0,J/kmol,0.62398,0.26553,582.0,0.28568,129.35,582.0,kmol/m3,70.3009,-6628.27,-7.1122,3.5e-06,2.0,129.35,585.0,Pa,46085,-1304.5,21.195,-0.015382,3.31e-05,83.8,135,J/kmol/K,20786,0.0,0.0,0.0,0.0,50.0,1500,J/kmol/K,-99.903,1347.5,17.615,-0.00032893,2,84.1,150.0,Pa.s,-0.30397,-0.82999,-0.71462,-0.00039294,-1.22e-05,80.0,150.0,W/m/K,0.00013095,0.81923,-122.33,13993,90.0,2000,W/m/K,5.14848E+07,0.288357,0.487845,-0.669561,0.236062,129.35,582,J/kmol
N-butylcyclopentane,621.0,K,2710000.0,Pa,0.482,m3/kmol,0.254,429.75,K,126.239,0.161572,m3/kmol,0.37188,-168300000.0,J/kmol,62170000.0,J/kmol,-5503700000.0,J/kmol,0.55321,0.26684,621.0,0.28873,165.18,597.01,kmol/m3,59.5703,-7247.2,-5.05139,-2.97e-06,2.0,165.18,621.0,Pa,46085,-1304.5,21.195,-0.015382,3.31e-05,83.8,135,J/kmol/K,20786,0.0,0.0,0.0,0.0,50.0,1500,J/kmol/K,-99.903,1347.5,17.615,-0.00032893,2,84.1,150.0,Pa.s,-0.30397,-0.82999,-0.71462,-0.00039294,-1.22e-05,80.0,150.0,W/m/K,0.00013095,0.81923,-122.33,13993,90.0,2000,W/m/K,5.63391E+07,-0.222347,2.05474,-2.39636,0.924309,165.18,597.01,J/kmol
"1,1-dimethylcyclohexane",591.15,K,2938430.0,Pa,0.45,m3/kmol,0.269,392.69,K,112.213,0.144469,m3/kmol,0.2376,-181000000.0,J/kmol,35229300.0,J/kmol,-4863900000.0,J/kmol,0.55073,0.24971,591.15,0.27534,239.66,591.15,kmol/m3,81.518,-6942.5,-8.9,5.49e-06,2.0,239.66,591.15,Pa,46085,-1304.5,21.195,-0.015382,3.31e-05,83.8,135,J/kmol/K,20786,0.0,0.0,0.0,0.0,50.0,1500,J/kmol/K,-99.903,1347.5,17.615,-0.00032893,2,84.1,150.0,Pa.s,-0.30397,-0.82999,-0.71462,-0.00039294,-1.22e-05,80.0,150.0,W/m/K,0.00013095,0.81923,-122.33,13993,90.0,2000,W/m/K,7.5815E+07,2.7664,-6.0218,6.1598,-2.4093,239.66,591.15,J/kmol
"Cis-1,2-dimethylcyclohexane",606.15,K,2938430.0,Pa,0.46,m3/kmol,0.268,402.94,K,112.213,0.141645,m3/kmol,0.2363,-172172000.0,J/kmol,41212400.0,J/kmol,-4870840000.0,J/kmol,0.52003,0.24148,606.15,0.2655,223.16,606.15,kmol/m3,79.675,-7110.6,-8.5422,4.57e-06,2.0,223.16,606.15,Pa,46085,-1304.5,21.195,-0.015382,3.31e-05,83.8,135,J/kmol/K,20786,0.0,0.0,0.0,0.0,50.0,1500,J/kmol/K,-99.903,1347.5,17.615,-0.00032893,2,84.1,150.0,Pa.s,-0.30397,-0.82999,-0.71462,-0.00039294,-1.22e-05,80.0,150.0,W/m/K,0.00013095,0.81923,-122.33,13993,90.0,2000,W/m/K,6.6247E+07,1.824,-3.744,3.9502,-1.5633,223.16,606.15,J/kmol
"Trans-1,2-dimethylcyclohexane",596.15,K,2938430.0,Pa,0.46,m3/kmol,0.273,396.58,K,112.213,0.145347,m3/kmol,0.2416,-179996000.0,J/kmol,34476100.0,J/kmol,-4864360000.0,J/kmol,0.54418,0.25029,596.15,0.26582,184.99,574.51,kmol/m3,78.951,-6905.8,-8.4915,5.04e-06,2.0,184.99,596.15,Pa,46085,-1304.5,21.195,-0.015382,3.31e-05,83.8,135,J/kmol/K,20786,0.0,0.0,0.0,0.0,50.0,1500,J/kmol/K,-99.903,1347.5,17.615,-0.00032893,2,84.1,150.0,Pa.s,-0.30397,-0.82999,-0.71462,-0.00039294,-1.22e-05,80.0,150.0,W/m/K,0.00013095,0.81923,-122.33,13993,90.0,2000,W/m/K,6.3964E+07,1.6946,-3.2086,3.1663,-1.1947,184.99,574.51,J/kmol
"Cis-1,3-dimethylcyclohexane",591.15,K,2938430.0,Pa,0.45,m3/kmol,0.269,393.24,K,112.213,0.147281,m3/kmol,0.2414,-184765000.0,J/kmol,29831900.0,J/kmol,-4859720000.0,J/kmol,0.56146,0.25431,591.15,0.28196,197.58,591.15,kmol/m3,80.304,-6952.9,-8.6838,5.07e-06,2.0,197.58,591.15,Pa,46085,-1304.5,21.195,-0.015382,3.31e-05,83.8,135,J/kmol/K,20786,0.0,0.0,0.0,0.0,50.0,1500,J/kmol/K,-99.903,1347.5,17.615,-0.00032893,2,84.1,150.0,Pa.s,-0.30397,-0.82999,-0.71462,-0.00039294,-1.22e-05,80.0,150.0,W/m/K,0.00013095,0.81923,-122.33,13993,90.0,2000,W/m/K,6.8345E+07,2.0984,-4.3187,4.4054,-1.7047,197.58,591.15,J/kmol
"Trans-1,3-dimethylcyclohexane",598.15,K,2938430.0,Pa,0.46,m3/kmol,0.272,397.61,K,112.213,0.143768,m3/kmol,0.2356,-176565000.0,J/kmol,36317100.0,J/kmol,-4866950000.0,J/kmol,0.51304,0.23992,598.15,0.27441,183.05,576.16,kmol/m3,80.341,-7070.2,-8.6503,4.71e-06,2.0,183.05,598.0,Pa,46085,-1304.5,21.195,-0.015382,3.31e-05,83.8,135,J/kmol/K,20786,0.0,0.0,0.0,0.0,50.0,1500,J/kmol/K,-99.903,1347.5,17.615,-0.00032893,2,84.1,150.0,Pa.s,-0.30397,-0.82999,-0.71462,-0.00039294,-1.22e-05,80.0,150.0,W/m/K,0.00013095,0.81923,-122.33,13993,90.0,2000,W/m/K,6.9382E+07,2.1184,-4.4766,4.6776,-1.8318,183.05,598,J/kmol
"Cis-1,4-dimethylcyclohexane",598.15,K,2938430.0,Pa,0.46,m3/kmol,0.272,397.48,K,112.213,0.144106,m3/kmol,0.2348,-176648000.0,J/kmol,37948900.0,J/kmol,-4867040000.0,J/kmol,0.53336,0.24533,598.15,0.2771,185.72,576.44,kmol/m3,79.163,-7004.6,-8.4779,4.61e-06,2.0,185.72,598.15,Pa,46085,-1304.5,21.195,-0.015382,3.31e-05,83.8,135,J/kmol/K,20786,0.0,0.0,0.0,0.0,50.0,1500,J/kmol/K,-99.903,1347.5,17.615,-0.00032893,2,84.1,150.0,Pa.s,-0.30397,-0.82999,-0.71462,-0.00039294,-1.22e-05,80.0,150.0,W/m/K,0.00013095,0.81923,-122.33,13993,90.0,2000,W/m/K,7.1514E+07,2.3724,-5.2021,5.4751,-2.1521,185.72,576.44,J/kmol
"Trans-1,4-dimethylcyclohexane",590.15,K,2940000.0,Pa,0.45,m3/kmol,0.271,392.51,K,112.213,0.147921,m3/kmol,0.2429,-184598000.0,J/kmol,31714700.0,J/kmol,-4860260000.0,J/kmol,0.064652,0.087885,590.15,0.13093,236.21,587.7,kmol/m3,85.5624,-7078.05,-9.54705,6.6e-06,2.0,236.21,587.7,Pa,46085,-1304.5,21.195,-0.015382,3.31e-05,83.8,135,J/kmol/K,20786,0.0,0.0,0.0,0.0,50.0,1500,J/kmol/K,-99.903,1347.5,17.615,-0.00032893,2,84.1,150.0,Pa.s,-0.30397,-0.82999,-0.71462,-0.00039294,-1.22e-05,80.0,150.0,W/m/K,0.00013095,0.81923,-122.33,13993,90.0,2000,W/m/K,5.5648E+07,0.9536,-1.3747,1.3927,-0.55606,236.21,587.7,J/kmol
Tert-butylcyclohexane,652.0,K,2660000.0,Pa,0.51,m3/kmol,0.25,444.65,K,140.266,0.1734,m3/kmol,0.299134,-216900000.0,J/kmol,56950000.0,J/kmol,-6091000000.0,J/kmol,0.52388,0.26705,652.0,0.32913,231.98,629.89,kmol/m3,123.166,-9675.56,-15.0819,1.05e-05,2.0,231.98,652.0,Pa,46085,-1304.5,21.195,-0.015382,3.31e-05,83.8,135,J/kmol/K,20786,0.0,0.0,0.0,0.0,50.0,1500,J/kmol/K,-99.903,1347.5,17.615,-0.00032893,2,84.1,150.0,Pa.s,-0.30397,-0.82999,-0.71462,-0.00039294,-1.22e-05,80.0,150.0,W/m/K,0.00013095,0.81923,-122.33,13993,90.0,2000,W/m/K,6.9454E+07,0.40915,1.6494,-3.4494,1.9573,231.98,629.89,J/kmol
O-ethyltoluene,651.15,K,3040000.0,Pa,0.46,m3/kmol,0.26,438.33,K,120.192,0.136967,m3/kmol,0.2941,1213360.0,J/kmol,131055000.0,J/kmol,-4946070000.0,J/kmol,0.37928,0.20513,651.15,0.23356,192.35,646.15,kmol/m3,96.1971,-8650.26,-10.8621,5.92e-06,2.0,192.35,650.0,Pa,46085,-1304.5,21.195,-0.015382,3.31e-05,83.8,135,J/kmol/K,20786,0.0,0.0,0.0,0.0,50.0,1500,J/kmol/K,-99.903,1347.5,17.615,-0.00032893,2,84.1,150.0,Pa.s,-0.30397,-0.82999,-0.71462,-0.00039294,-1.22e-05,80.0,150.0,W/m/K,0.00013095,0.81923,-122.33,13993,90.0,2000,W/m/K,8.22727E+07,1.96805,-3.53592,3.10732,-1.06144,192.35,650,J/kmol
M-ethyltoluene,637.15,K,2840000.0,Pa,0.49,m3/kmol,0.254,434.48,K,120.192,0.139685,m3/kmol,0.3232,-1920000.0,J/kmol,126430000.0,J/kmol,-4943770000.0,J/kmol,0.61007,0.26045,637.15,0.2946,177.61,612.96,kmol/m3,59.906,-6895.5,-5.4176,2.11e-06,2.0,177.61,637.15,Pa,46085,-1304.5,21.195,-0.015382,3.31e-05,83.8,135,J/kmol/K,20786,0.0,0.0,0.0,0.0,50.0,1500,J/kmol/K,-99.903,1347.5,17.615,-0.00032893,2,84.1,150.0,Pa.s,-0.30397,-0.82999,-0.71462,-0.00039294,-1.22e-05,80.0,150.0,W/m/K,0.00013095,0.81923,-122.33,13993,90.0,2000,W/m/K,6.56271E+07,1.25164,-2.31198,2.12349,-0.635116,177.61,612.96,J/kmol
P-ethyltoluene,640.2,K,3230000.0,Pa,0.44,m3/kmol,0.259,435.13,K,120.192,0.1396,m3/kmol,0.364,-3260000.0,J/kmol,126800000.0,J/kmol,-4942680000.0,J/kmol,0.60155,0.25704,640.2,0.31664,210.83,617.6,kmol/m3,21.1938,-5103.79,0.409026,-2.32e-06,2.0,210.83,640.23,Pa,46085,-1304.5,21.195,-0.015382,3.31e-05,83.8,135,J/kmol/K,20786,0.0,0.0,0.0,0.0,50.0,1500,J/kmol/K,-99.903,1347.5,17.615,-0.00032893,2,84.1,150.0,Pa.s,-0.30397,-0.82999,-0.71462,-0.00039294,-1.22e-05,80.0,150.0,W/m/K,0.00013095,0.81923,-122.33,13993,90.0,2000,W/m/K,7.1677E+07,1.0708,-1.1055,0.62044,-0.16372,210.83,617.6,J/kmol
"1,2,3-trimethylbenzene",664.5,K,3454000.0,Pa,0.435,m3/kmol,0.267,449.23,K,120.192,0.13322,m3/kmol,0.367,-9568810.0,J/kmol,124400000.0,J/kmol,-4933940000.0,J/kmol,0.47081,0.22935,664.5,0.22914,243.15,664.15,kmol/m3,103.403,-9139.73,-11.9411,6.88e-06,2.0,247.79,664.5,Pa,46085,-1304.5,21.195,-0.015382,3.31e-05,83.8,135,J/kmol/K,20786,0.0,0.0,0.0,0.0,50.0,1500,J/kmol/K,-99.903,1347.5,17.615,-0.00032893,2,84.1,150.0,Pa.s,-0.30397,-0.82999,-0.71462,-0.00039294,-1.22e-05,80.0,150.0,W/m/K,0.00013095,0.81923,-122.33,13993,90.0,2000,W/m/K,5.897E+07,0.31296,0.11034,-0.18707,0.12203,247.79,642.57,J/kmol
"1,2,4-trimethylbenzene",649.1,K,3232000.0,Pa,0.435,m3/kmol,0.256,442.49,K,120.192,0.136,m3/kmol,0.377,-13920000.0,J/kmol,117000000.0,J/kmol,-4930670000.0,J/kmol,0.61782,0.26243,649.1,0.28053,229.33,627.01,kmol/m3,60.2304,-7113.21,-5.40897,1.64e-06,2.0,229.33,649.17,Pa,46085,-1304.5,21.195,-0.015382,3.31e-05,83.8,135,J/kmol/K,20786,0.0,0.0,0.0,0.0,50.0,1500,J/kmol/K,-99.903,1347.5,17.615,-0.00032893,2,84.1,150.0,Pa.s,-0.30397,-0.82999,-0.71462,-0.00039294,-1.22e-05,80.0,150.0,W/m/K,0.00013095,0.81923,-122.33,13993,90.0,2000,W/m/K,6.6212E+07,0.612793,0.157992,-1.02446,0.66352,229.33,627.01,J/kmol
Mesitylene,637.3,K,3127000.0,Pa,0.43,m3/kmol,0.252,437.9,K,120.192,0.14299,m3/kmol,0.399,-16050000.0,J/kmol,118100000.0,J/kmol,-4929040000.0,J/kmol,0.59019,0.25742,637.3,0.27724,228.42,637.3,kmol/m3,118.562,-9560.28,-14.3064,9.38e-06,2.0,228.42,637.3,Pa,46085,-1304.5,21.195,-0.015382,3.31e-05,83.8,135,J/kmol/K,20786,0.0,0.0,0.0,0.0,50.0,1500,J/kmol/K,-99.903,1347.5,17.615,-0.00032893,2,84.1,150.0,Pa.s,-0.30397,-0.82999,-0.71462,-0.00039294,-1.22e-05,80.0,150.0,W/m/K,0.00013095,0.81923,-122.33,13993,90.0,2000,W/m/K,6.9292E+07,1.0706,-1.5094,1.269,-0.42864,228.42,637.3,J/kmol
Isobutylbenzene,650.0,K,3050000.0,Pa,0.48,m3/kmol,0.271,445.9,K,134.218,0.15808,m3/kmol,0.383,-20540000.0,J/kmol,138800000.0,J/kmol,-5569740000.0,J/kmol,0.54967,0.26271,650.0,0.30807,221.7,627.46,kmol/m3,97.2421,-8752.86,-11.0424,6.42e-06,2.0,221.7,650.0,Pa,46085,-1304.5,21.195,-0.015382,3.31e-05,83.8,135,J/kmol/K,20786,0.0,0.0,0.0,0.0,50.0,1500,J/kmol/K,-99.903,1347.5,17.615,-0.00032893,2,84.1,150.0,Pa.s,-0.30397,-0.82999,-0.71462,-0.00039294,-1.22e-05,80.0,150.0,W/m/K,0.00013095,0.81923,-122.33,13993,90.0,2000,W/m/K,6.0838E+07,0.30052,0.25612,-0.19969,-0.0011249,221.7,627.46,J/kmol
Sec-butylbenzene,664.54,K,2930000.0,Pa,0.478,m3/kmol,0.265,446.48,K,134.218,0.156497,m3/kmol,0.279149,-17300000.0,J/kmol,145230000.0,J/kmol,-5563000000.0,J/kmol,0.51273,0.25494,664.54,0.28096,197.72,664.54,kmol/m3,222.233,-13854.9,-30.307,2.63e-05,2.0,197.72,664.54,Pa,46085,-1304.5,21.195,-0.015382,3.31e-05,83.8,135,J/kmol/K,20786,0.0,0.0,0.0,0.0,50.0,1500,J/kmol/K,-99.903,1347.5,17.615,-0.00032893,2,84.1,150.0,Pa.s,-0.30397,-0.82999,-0.71462,-0.00039294,-1.22e-05,80.0,150.0,W/m/K,0.00013095,0.81923,-122.33,13993,90.0,2000,W/m/K,3.1793E+07,-4.1563,12.591,-13.449,5.2588,197.72,664.54,J/kmol
Tert-butylbenzene,660.0,K,2970000.0,Pa,0.46,m3/kmol,0.266,442.3,K,134.218,0.155605,m3/kmol,0.267406,-22600000.0,J/kmol,149950000.0,J/kmol,-5554700000.0,J/kmol,0.50957,0.25071,660.0,0.30584,215.27,660.0,kmol/m3,87.574,-8352.2,-9.5118,4e-06,2.0,215.27,660.0,Pa,46085,-1304.5,21.195,-0.015382,3.31e-05,83.8,135,J/kmol/K,20786,0.0,0.0,0.0,0.0,50.0,1500,J/kmol/K,-99.903,1347.5,17.615,-0.00032893,2,84.1,150.0,Pa.s,-0.30397,-0.82999,-0.71462,-0.00039294,-1.22e-05,80.0,150.0,W/m/K,0.00013095,0.81923,-122.33,13993,90.0,2000,W/m/K,6.3167E+07,0.45262,0,0,0,215.27,660,J/kmol
O-cymene,670.15,K,2895870.0,Pa,0.478,m3/kmol,0.26,451.33,K,134.218,0.153824,m3/kmol,0.2769,-25606100.0,J/kmol,137359000.0,J/kmol,-5560530000.0,J/kmol,0.017298,0.046645,670.15,0.11526,201.64,657.0,kmol/m3,47.323,-6536.6,-3.5074,6.03e-07,2.0,201.64,657.0,Pa,46085,-1304.5,21.195,-0.015382,3.31e-05,83.8,135,J/kmol/K,20786,0.0,0.0,0.0,0.0,50.0,1500,J/kmol/K,-99.903,1347.5,17.615,-0.00032893,2,84.1,150.0,Pa.s,-0.30397,-0.82999,-0.71462,-0.00039294,-1.22e-05,80.0,150.0,W/m/K,0.00013095,0.81923,-122.33,13993,90.0,2000,W/m/K,8.44827E+07,3.20572,-8.33498,9.05519,-3.39951,201.64,657,J/kmol
M-cymene,666.25,K,2810000.0,Pa,0.478,m3/kmol,0.257,448.23,K,134.218,0.156604,m3/kmol,0.342,-27990900.0,J/kmol,130100000.0,J/kmol,-5558020000.0,J/kmol,0.17699,0.14976,666.25,0.19922,209.44,625.87,kmol/m3,72.132,-7676.5,-7.2263,3.17e-06,2.0,209.44,649.0,Pa,46085,-1304.5,21.195,-0.015382,3.31e-05,83.8,135,J/kmol/K,20786,0.0,0.0,0.0,0.0,50.0,1500,J/kmol/K,-99.903,1347.5,17.615,-0.00032893,2,84.1,150.0,Pa.s,-0.30397,-0.82999,-0.71462,-0.00039294,-1.22e-05,80.0,150.0,W/m/K,0.00013095,0.81923,-122.33,13993,90.0,2000,W/m/K,1.13201E+08,4.40275,-10.7169,11.0294,-4.11362,209.44,649,J/kmol
P-cymene,652.0,K,2800000.0,Pa,0.497,m3/kmol,0.248,450.26,K,134.218,0.15749,m3/kmol,0.376,-27990000.0,J/kmol,133520000.0,J/kmol,-5558000000.0,J/kmol,0.44838,0.23842,653.16,0.26866,205.25,653.15,kmol/m3,130.899,-10357.9,-16.0994,9.85e-06,2.0,205.25,653.15,Pa,46085,-1304.5,21.195,-0.015382,3.31e-05,83.8,135,J/kmol/K,20786,0.0,0.0,0.0,0.0,50.0,1500,J/kmol/K,-99.903,1347.5,17.615,-0.00032893,2,84.1,150.0,Pa.s,-0.30397,-0.82999,-0.71462,-0.00039294,-1.22e-05,80.0,150.0,W/m/K,0.00013095,0.81923,-122.33,13993,90.0,2000,W/m/K,8.96604E+07,1.95006,-3.03243,2.16162,-0.588861,205.25,653.15,J/kmol
O-diethylbenzene,668.0,K,2880000.0,Pa,0.502,m3/kmol,0.26,456.573,K,134.218,0.15328,m3/kmol,0.3879,-18953500.0,J/kmol,141084000.0,J/kmol,-5559600000.0,J/kmol,0.52086,0.25389,668.0,0.28666,241.93,645.58,kmol/m3,136.184,-10760.8,-16.8823,1.1e-05,2.0,241.93,668.0,Pa,46085,-1304.5,21.195,-0.015382,3.31e-05,83.8,135,J/kmol/K,20786,0.0,0.0,0.0,0.0,50.0,1500,J/kmol/K,-99.903,1347.5,17.615,-0.00032893,2,84.1,150.0,Pa.s,-0.30397,-0.82999,-0.71462,-0.00039294,-1.22e-05,80.0,150.0,W/m/K,0.00013095,0.81923,-122.33,13993,90.0,2000,W/m/K,4.4827E+07,-1.9073,6.1295,-6.3772,2.4857,241.93,645.58,J/kmol
M-diethylbenzene,663.0,K,2880000.0,Pa,0.488,m3/kmol,0.255,454.252,K,134.218,0.156083,m3/kmol,0.354019,-21800000.0,J/kmol,136700000.0,J/kmol,-5554600000.0,J/kmol,0.52578,0.25663,663.0,0.2955,189.26,638.07,kmol/m3,153.555,-11090.9,-19.7909,1.68e-05,2.0,189.26,663.0,Pa,46085,-1304.5,21.195,-0.015382,3.31e-05,83.8,135,J/kmol/K,20786,0.0,0.0,0.0,0.0,50.0,1500,J/kmol/K,-99.903,1347.5,17.615,-0.00032893,2,84.1,150.0,Pa.s,-0.30397,-0.82999,-0.71462,-0.00039294,-1.22e-05,80.0,150.0,W/m/K,0.00013095,0.81923,-122.33,13993,90.0,2000,W/m/K,6.4608E+07,0.433681,-0.0244308,0.0154888,-0.0245419,189.26,638.07,J/kmol
P-diethylbenzene,657.9,K,2803000.0,Pa,0.4805,m3/kmol,0.247,456.9,K,134.218,0.15645,m3/kmol,0.403,-22300000.0,J/kmol,138500000.0,J/kmol,-5555300000.0,J/kmol,0.50239,0.25108,657.9,0.28806,230.32,657.9,kmol/m3,108.74,-9636.7,-12.656,6.66e-06,2.0,230.32,657.9,Pa,46085,-1304.5,21.195,-0.015382,3.31e-05,83.8,135,J/kmol/K,20786,0.0,0.0,0.0,0.0,50.0,1500,J/kmol/K,-99.903,1347.5,17.615,-0.00032893,2,84.1,150.0,Pa.s,-0.30397,-0.82999,-0.71462,-0.00039294,-1.22e-05,80.0,150.0,W/m/K,0.00013095,0.81923,-122.33,13993,90.0,2000,W/m/K,5.46871E+07,-1.55122,6.62184,-8.1996,3.48631,230.32,657.9,J/kmol
"1,2,3,4-tetramethylbenzene",690.0,K,2860000.0,Pa,0.482,m3/kmol,0.256,478.19,K,134.218,0.149073,m3/kmol,0.417172,-33050000.0,J/kmol,132400000.0,J/kmol,-5537600000.0,J/kmol,0.62671,0.276,690.0,0.30501,266.9,670.57,kmol/m3,103.394,-9866.6,-11.7465,5.43e-06,2.0,266.9,693.0,Pa,46085,-1304.5,21.195,-0.015382,3.31e-05,83.8,135,J/kmol/K,20786,0.0,0.0,0.0,0.0,50.0,1500,J/kmol/K,-99.903,1347.5,17.615,-0.00032893,2,84.1,150.0,Pa.s,-0.30397,-0.82999,-0.71462,-0.00039294,-1.22e-05,80.0,150.0,W/m/K,0.00013095,0.81923,-122.33,13993,90.0,2000,W/m/K,6.82774E+07,0.20659,0.354625,0.156354,-0.400825,266.9,670.57,J/kmol
"1,2,3,5-tetramethylbenzene",679.0,K,3220000.0,Pa,0.436,m3/kmol,0.254,471.15,K,134.218,0.151385,m3/kmol,0.459061,-40540000.0,J/kmol,123100000.0,J/kmol,-5532000000.0,J/kmol,0.5261,0.25428,679.0,0.28565,249.46,679.0,kmol/m3,108.28,-9936.6,-12.519,6.28e-06,2.0,249.46,679.0,Pa,46085,-1304.5,21.195,-0.015382,3.31e-05,83.8,135,J/kmol/K,20786,0.0,0.0,0.0,0.0,50.0,1500,J/kmol/K,-99.903,1347.5,17.615,-0.00032893,2,84.1,150.0,Pa.s,-0.30397,-0.82999,-0.71462,-0.00039294,-1.22e-05,80.0,150.0,W/m/K,0.00013095,0.81923,-122.33,13993,90.0,2000,W/m/K,6.6549E+07,0.31372,0.25924,-0.3264,0.12301,249.46,679,J/kmol
"1,2,4,5-tetramethylbenzene",676.0,K,2900000.0,Pa,0.482,m3/kmol,0.249,470.0,K,134.218,0.15228,m3/kmol,0.423,-45270000.0,J/kmol,117700000.0,J/kmol,-5507000000.0,J/kmol,0.65779,0.28461,677.16,0.31429,288.15,677.15,kmol/m3,96.028,-9355.7,-10.676,4.95e-06,2.0,346.75,676.0,Pa,46085,-1304.5,21.195,-0.015382,3.31e-05,83.8,135,J/kmol/K,20786,0.0,0.0,0.0,0.0,50.0,1500,J/kmol/K,-99.903,1347.5,17.615,-0.00032893,2,84.1,150.0,Pa.s,-0.30397,-0.82999,-0.71462,-0.00039294,-1.22e-05,80.0,150.0,W/m/K,0.00013095,0.81923,-122.33,13993,90.0,2000,W/m/K,1.60771E+08,4.9152,-10.3767,9.30389,-3.2208,298.15,658.97,J/kmol
2-ethyl-m-xylene,670.0,K,2960000.0,Pa,0.446,m3/kmol,0.261,463.19,K,134.218,0.151424,m3/kmol,0.405,-26230000.0,J/kmol,137900000.0,J/kmol,-5548000000.0,J/kmol,0.55372,0.25979,670.0,0.29804,256.89,649.2,kmol/m3,101.54,-9425.0,-11.552,5.8e-06,2.0,256.89,671.0,Pa,46085,-1304.5,21.195,-0.015382,3.31e-05,83.8,135,J/kmol/K,20786,0.0,0.0,0.0,0.0,50.0,1500,J/kmol/K,-99.903,1347.5,17.615,-0.00032893,2,84.1,150.0,Pa.s,-0.30397,-0.82999,-0.71462,-0.00039294,-1.22e-05,80.0,150.0,W/m/K,0.00013095,0.81923,-122.33,13993,90.0,2000,W/m/K,8.2672E+07,1.1027,-0.68529,-0.33367,0.36103,256.89,649.2,J/kmol
2-ethyl-p-xylene,680.0,K,3380000.0,Pa,0.461,m3/kmol,0.252,460.09,K,134.218,0.153715,m3/kmol,0.36,-32180000.0,J/kmol,127300000.0,J/kmol,-5543000000.0,J/kmol,0.15639,0.13957,680.0,0.19566,219.52,639.66,kmol/m3,51.358,-7093.87,-3.98884,2.14e-07,2.0,219.52,680.0,Pa,46085,-1304.5,21.195,-0.015382,3.31e-05,83.8,135,J/kmol/K,20786,0.0,0.0,0.0,0.0,50.0,1500,J/kmol/K,-99.903,1347.5,17.615,-0.00032893,2,84.1,150.0,Pa.s,-0.30397,-0.82999,-0.71462,-0.00039294,-1.22e-05,80.0,150.0,W/m/K,0.00013095,0.81923,-122.33,13993,90.0,2000,W/m/K,8.26994E+07,2.58092,-6.4761,7.12579,-2.74032,219.52,663,J/kmol
4-ethyl-m-xylene,665.0,K,2850000.0,Pa,0.456,m3/kmol,0.251,461.59,K,134.218,0.153864,m3/kmol,0.409,-30800000.0,J/kmol,128600000.0,J/kmol,-5544000000.0,J/kmol,0.53184,0.25635,665.0,0.29535,210.27,641.07,kmol/m3,109.6,-9849.7,-12.73,6.36e-06,2.0,210.27,665.0,Pa,46085,-1304.5,21.195,-0.015382,3.31e-05,83.8,135,J/kmol/K,20786,0.0,0.0,0.0,0.0,50.0,1500,J/kmol/K,-99.903,1347.5,17.615,-0.00032893,2,84.1,150.0,Pa.s,-0.30397,-0.82999,-0.71462,-0.00039294,-1.22e-05,80.0,150.0,W/m/K,0.00013095,0.81923,-122.33,13993,90.0,2000,W/m/K,6.58648E+07,0.958711,-1.95219,2.24001,-0.865941,210.27,641.07,J/kmol
4-ethyl-o-xylene,666.0,K,2890000.0,Pa,0.452,m3/kmol,0.254,462.93,K,134.218,0.154172,m3/kmol,0.42,-32090000.0,J/kmol,127400000.0,J/kmol,-5542000000.0,J/kmol,0.54664,0.26088,666.0,0.29186,206.22,642.75,kmol/m3,96.694,-9142.9,-10.852,5.55e-06,2.0,206.22,667.0,Pa,46085,-1304.5,21.195,-0.015382,3.31e-05,83.8,135,J/kmol/K,20786,0.0,0.0,0.0,0.0,50.0,1500,J/kmol/K,-99.903,1347.5,17.615,-0.00032893,2,84.1,150.0,Pa.s,-0.30397,-0.82999,-0.71462,-0.00039294,-1.22e-05,80.0,150.0,W/m/K,0.00013095,0.81923,-122.33,13993,90.0,2000,W/m/K,4.3714E+07,-2.7554,9.4578,-11.023,4.6307,206.22,642.75,J/kmol
1-methyl-3-n-propylbenzene,656.0,K,2860000.0,Pa,0.482,m3/kmol,0.249,455.13,K,134.218,0.156623,m3/kmol,0.412785,-24140000.0,J/kmol,135200000.0,J/kmol,-5551600000.0,J/kmol,0.18222,0.15152,656.0,0.20178,190.57,654.0,kmol/m3,107.459,-9508.77,-12.4892,6.78e-06,2.0,190.57,654.0,Pa,46085,-1304.5,21.195,-0.015382,3.31e-05,83.8,135,J/kmol/K,20786,0.0,0.0,0.0,0.0,50.0,1500,J/kmol/K,-99.903,1347.5,17.615,-0.00032893,2,84.1,150.0,Pa.s,-0.30397,-0.82999,-0.71462,-0.00039294,-1.22e-05,80.0,150.0,W/m/K,0.00013095,0.81923,-122.33,13993,90.0,2000,W/m/K,6.19456E+07,0.0524158,1.08883,-1.22236,0.439479,190.57,654,J/kmol
1-methyl-4-n-propylbenzene,658.0,K,2860000.0,Pa,0.482,m3/kmol,0.248,456.53,K,134.218,0.157097,m3/kmol,0.413441,-23140000.0,J/kmol,138200000.0,J/kmol,-5552800000.0,J/kmol,0.48219,0.24259,658.0,0.32531,209.55,632.5,kmol/m3,103.233,-9321.42,-11.8535,6.23e-06,2.0,209.55,656.0,Pa,46085,-1304.5,21.195,-0.015382,3.31e-05,83.8,135,J/kmol/K,20786,0.0,0.0,0.0,0.0,50.0,1500,J/kmol/K,-99.903,1347.5,17.615,-0.00032893,2,84.1,150.0,Pa.s,-0.30397,-0.82999,-0.71462,-0.00039294,-1.22e-05,80.0,150.0,W/m/K,0.00013095,0.81923,-122.33,13993,90.0,2000,W/m/K,5.9632E+07,-0.13089,1.5769,-1.8325,0.74608,209.55,656,J/kmol
P-diisopropylbenzene,675.0,K,2360000.0,Pa,0.584,m3/kmol,0.256,483.52,K,162.271,0.190236,m3/kmol,0.476415,-77600000.0,J/kmol,147804000.0,J/kmol,-6770000000.0,J/kmol,0.77801,0.34547,675.0,0.38736,256.08,666.21,kmol/m3,121.626,-10711.8,-14.5627,8.94e-06,2.0,256.08,689.0,Pa,46085,-1304.5,21.195,-0.015382,3.31e-05,83.8,135,J/kmol/K,20786,0.0,0.0,0.0,0.0,50.0,1500,J/kmol/K,-99.903,1347.5,17.615,-0.00032893,2,84.1,150.0,Pa.s,-0.30397,-0.82999,-0.71462,-0.00039294,-1.22e-05,80.0,150.0,W/m/K,0.00013095,0.81923,-122.33,13993,90.0,2000,W/m/K,9.5721E+07,2.16614,-4.61607,4.77725,-1.85237,256.08,666.21,J/kmol
Methyl isobutyl ketone,574.6,K,3270000.0,Pa,0.3406,m3/kmol,0.256,389.15,K,100.159,0.12581,m3/kmol,0.352,-288000000.0,J/kmol,-135100000.0,J/kmol,-3490000000.0,J/kmol,0.70438,0.26215,574.6,0.2872,189.15,574.6,kmol/m3,151.997,-9958.63,-19.6891,1.68e-05,2.0,189.15,574.6,Pa,46085,-1304.5,21.195,-0.015382,3.31e-05,83.8,135,J/kmol/K,20786,0.0,0.0,0.0,0.0,50.0,1500,J/kmol/K,-99.903,1347.5,17.615,-0.00032893,2,84.1,150.0,Pa.s,-0.30397,-0.82999,-0.71462,-0.00039294,-1.22e-05,80.0,150.0,W/m/K,0.00013095,0.81923,-122.33,13993,90.0,2000,W/m/K,2.7929E+07,-4.5647,14.372,-16.097,6.5387,189.15,574.6,J/kmol
3-heptanone,605.0,K,3010000.0,Pa,0.421,m3/kmol,0.251,420.55,K,114.186,0.140257,m3/kmol,0.407565,-301000000.0,J/kmol,-119600000.0,J/kmol,-4098000000.0,J/kmol,0.65544,0.26958,605.0,0.29059,234.15,587.0,kmol/m3,59.94,-7156.97,-5.20128,1.29e-07,2.0,234.15,606.6,Pa,46085,-1304.5,21.195,-0.015382,3.31e-05,83.8,135,J/kmol/K,20786,0.0,0.0,0.0,0.0,50.0,1500,J/kmol/K,-99.903,1347.5,17.615,-0.00032893,2,84.1,150.0,Pa.s,-0.30397,-0.82999,-0.71462,-0.00039294,-1.22e-05,80.0,150.0,W/m/K,0.00013095,0.81923,-122.33,13993,90.0,2000,W/m/K,6.7269E+07,0.830475,-1.25638,1.59272,-0.756362,234.15,587,J/kmol
4-heptanone,595.0,K,2920000.0,Pa,0.421,m3/kmol,0.253,417.15,K,114.186,0.140625,m3/kmol,0.471409,-301000000.0,J/kmol,-119600000.0,J/kmol,-4090000000.0,J/kmol,0.78297,0.29215,595.0,0.33209,240.65,582.98,kmol/m3,121.558,-9310.28,-14.8527,1.08e-05,2.0,240.65,602.0,Pa,46085,-1304.5,21.195,-0.015382,3.31e-05,83.8,135,J/kmol/K,20786,0.0,0.0,0.0,0.0,50.0,1500,J/kmol/K,-99.903,1347.5,17.615,-0.00032893,2,84.1,150.0,Pa.s,-0.30397,-0.82999,-0.71462,-0.00039294,-1.22e-05,80.0,150.0,W/m/K,0.00013095,0.81923,-122.33,13993,90.0,2000,W/m/K,6.63056E+07,0.51436,0.600897,-1.41443,0.688564,240.65,582.98,J/kmol
3-hexanone,582.8,K,3320000.0,Pa,0.378,m3/kmol,0.256,396.65,K,100.159,0.12343,m3/kmol,0.38,-277700000.0,J/kmol,-125300000.0,J/kmol,-3492000000.0,J/kmol,0.60844,0.24303,582.83,0.26177,217.5,582.82,kmol/m3,109.459,-8520.55,-13.0153,9.02e-06,2.0,217.5,582.82,Pa,46085,-1304.5,21.195,-0.015382,3.31e-05,83.8,135,J/kmol/K,20786,0.0,0.0,0.0,0.0,50.0,1500,J/kmol/K,-99.903,1347.5,17.615,-0.00032893,2,84.1,150.0,Pa.s,-0.30397,-0.82999,-0.71462,-0.00039294,-1.22e-05,80.0,150.0,W/m/K,0.00013095,0.81923,-122.33,13993,90.0,2000,W/m/K,5.13427E+07,-0.294625,1.94188,-1.96318,0.653572,217.5,563.59,J/kmol
2-pentanone,561.1,K,3690000.0,Pa,0.301,m3/kmol,0.238,375.39,K,86.1323,0.10733,m3/kmol,0.346,-259200000.0,J/kmol,-138400000.0,J/kmol,-2880000000.0,J/kmol,0.8193,0.25958,561.1,0.28941,196.29,561.08,kmol/m3,92.0177,-7341.88,-10.4576,7.61e-06,2.0,196.29,561.15,Pa,46085,-1304.5,21.195,-0.015382,3.31e-05,83.8,135,J/kmol/K,20786,0.0,0.0,0.0,0.0,50.0,1500,J/kmol/K,-99.903,1347.5,17.615,-0.00032893,2,84.1,150.0,Pa.s,-0.30397,-0.82999,-0.71462,-0.00039294,-1.22e-05,80.0,150.0,W/m/K,0.00013095,0.81923,-122.33,13993,90.0,2000,W/m/K,6.07419E+07,1.09782,-1.35015,0.926065,-0.25017,196.29,561.08,J/kmol
2-hexanone,587.0,K,3320000.0,Pa,0.378,m3/kmol,0.254,400.7,K,100.159,0.1241,m3/kmol,0.393,-279826000.0,J/kmol,-130081000.0,J/kmol,-3490000000.0,J/kmol,0.58528,0.23872,587.62,0.26191,217.35,587.61,kmol/m3,81.2261,-7467.99,-8.65038,4.74e-06,2.0,217.35,587.61,Pa,46085,-1304.5,21.195,-0.015382,3.31e-05,83.8,135,J/kmol/K,20786,0.0,0.0,0.0,0.0,50.0,1500,J/kmol/K,-99.903,1347.5,17.615,-0.00032893,2,84.1,150.0,Pa.s,-0.30397,-0.82999,-0.71462,-0.00039294,-1.22e-05,80.0,150.0,W/m/K,0.00013095,0.81923,-122.33,13993,90.0,2000,W/m/K,8.14066E+07,1.72473,-1.99143,0.65901,0.10235,217.35,568.12,J/kmol
2-heptanone,611.55,K,2920000.0,Pa,0.421,m3/kmol,0.251,424.05,K,114.186,0.140675,m3/kmol,0.418982,-300453000.0,J/kmol,-121796000.0,J/kmol,-4099520000.0,J/kmol,0.42296,0.21673,611.55,0.2517,238.15,611.4,kmol/m3,104.132,-8934.3,-12.0263,6.76e-06,2.0,238.15,611.4,Pa,46085,-1304.5,21.195,-0.015382,3.31e-05,83.8,135,J/kmol/K,20786,0.0,0.0,0.0,0.0,50.0,1500,J/kmol/K,-99.903,1347.5,17.615,-0.00032893,2,84.1,150.0,Pa.s,-0.30397,-0.82999,-0.71462,-0.00039294,-1.22e-05,80.0,150.0,W/m/K,0.00013095,0.81923,-122.33,13993,90.0,2000,W/m/K,6.52266E+07,0.472207,0.238382,-0.54369,0.222217,238.15,611.4,J/kmol
5-methyl-2-hexanone,601.0,K,2970000.0,Pa,0.421,m3/kmol,0.25,417.95,K,114.186,0.141298,m3/kmol,0.434398,-304000000.0,J/kmol,-122000000.0,J/kmol,-4100000000.0,J/kmol,0.59436,0.2568,601.0,0.28571,199.25,601.0,kmol/m3,114.12,-9180.0,-13.613,8.77e-06,2.0,199.25,601.0,Pa,46085,-1304.5,21.195,-0.015382,3.31e-05,83.8,135,J/kmol/K,20786,0.0,0.0,0.0,0.0,50.0,1500,J/kmol/K,-99.903,1347.5,17.615,-0.00032893,2,84.1,150.0,Pa.s,-0.30397,-0.82999,-0.71462,-0.00039294,-1.22e-05,80.0,150.0,W/m/K,0.00013095,0.81923,-122.33,13993,90.0,2000,W/m/K,8.00537E+07,1.17745,-0.708374,-0.221424,0.184955,199.25,601,J/kmol
"3,3-dimethyl-2-butanone",567.0,K,3470000.0,Pa,0.368,m3/kmol,0.261,379.45,K,100.159,0.124869,m3/kmol,0.327309,-290500000.0,J/kmol,-130700000.0,J/kmol,-3483700000.0,J/kmol,0.050005,0.070782,567.0,0.11676,221.15,564.0,kmol/m3,93.4877,-7385.26,-10.7144,7.88e-06,2.0,221.15,565.0,Pa,46085,-1304.5,21.195,-0.015382,3.31e-05,83.8,135,J/kmol/K,20786,0.0,0.0,0.0,0.0,50.0,1500,J/kmol/K,-99.903,1347.5,17.615,-0.00032893,2,84.1,150.0,Pa.s,-0.30397,-0.82999,-0.71462,-0.00039294,-1.22e-05,80.0,150.0,W/m/K,0.00013095,0.81923,-122.33,13993,90.0,2000,W/m/K,5.0163E+07,0.36416,-0.10654,0.27936,-0.16414,221.15,564,J/kmol
Diisobutyl ketone,620.0,K,2530000.0,Pa,0.522,m3/kmol,0.253,441.4,K,142.239,0.177418,m3/kmol,0.511608,-357600000.0,J/kmol,-113000000.0,J/kmol,-5310000000.0,J/kmol,0.3783,0.23231,620.0,0.24664,227.17,594.59,kmol/m3,122.178,-10064.3,-14.7018,8.65e-06,2.0,227.17,615.0,Pa,46085,-1304.5,21.195,-0.015382,3.31e-05,83.8,135,J/kmol/K,20786,0.0,0.0,0.0,0.0,50.0,1500,J/kmol/K,-99.903,1347.5,17.615,-0.00032893,2,84.1,150.0,Pa.s,-0.30397,-0.82999,-0.71462,-0.00039294,-1.22e-05,80.0,150.0,W/m/K,0.00013095,0.81923,-122.33,13993,90.0,2000,W/m/K,4.9161E+07,-1.6509,5.8937,-6.6307,2.7354,227.17,615,J/kmol
Diisopropyl ketone,582.0,K,3380000.0,Pa,0.416,m3/kmol,0.262,397.5,K,114.186,0.142561,m3/kmol,0.404427,-316000000.0,J/kmol,-123700000.0,J/kmol,-4095000000.0,J/kmol,0.013793,0.039842,582.0,0.095675,204.81,576.0,kmol/m3,107.12,-8385.7,-12.681,8.98e-06,2.0,204.81,580.0,Pa,46085,-1304.5,21.195,-0.015382,3.31e-05,83.8,135,J/kmol/K,20786,0.0,0.0,0.0,0.0,50.0,1500,J/kmol/K,-99.903,1347.5,17.615,-0.00032893,2,84.1,150.0,Pa.s,-0.30397,-0.82999,-0.71462,-0.00039294,-1.22e-05,80.0,150.0,W/m/K,0.00013095,0.81923,-122.33,13993,90.0,2000,W/m/K,8.20546E+07,3.80288,-9.83224,10.3841,-3.82912,204.81,576,J/kmol
Propanal,493.15,K,4650000.0,Pa,0.223,m3/kmol,0.239,321.15,K,58.0791,0.0734076,m3/kmol,0.330077,-187400000.0,J/kmol,-124400000.0,J/kmol,-1685700000.0,J/kmol,0.81482,0.2126,493.15,0.21277,170.0,492.98,kmol/m3,110.863,-6856.83,-13.8218,1.73e-05,2.0,170.0,504.4,Pa,46085,-1304.5,21.195,-0.015382,3.31e-05,83.8,135,J/kmol/K,20786,0.0,0.0,0.0,0.0,50.0,1500,J/kmol/K,-99.903,1347.5,17.615,-0.00032893,2,84.1,150.0,Pa.s,-0.30397,-0.82999,-0.71462,-0.00039294,-1.22e-05,80.0,150.0,W/m/K,0.00013095,0.81923,-122.33,13993,90.0,2000,W/m/K,6.19691E+07,1.83769,-1.9535,-0.000443949,0.620394,170,486.8,J/kmol
Butanal,521.15,K,4000000.0,Pa,0.263,m3/kmol,0.25,347.95,K,72.1057,0.0904328,m3/kmol,0.277417,-207000000.0,J/kmol,-115390000.0,J/kmol,-2303500000.0,J/kmol,1.0715,0.2723,521.3,0.27225,176.75,521.29,kmol/m3,99.5183,-7112.27,-11.7407,9.52e-06,2.0,176.75,537.2,Pa,46085,-1304.5,21.195,-0.015382,3.31e-05,83.8,135,J/kmol/K,20786,0.0,0.0,0.0,0.0,50.0,1500,J/kmol/K,-99.903,1347.5,17.615,-0.00032893,2,84.1,150.0,Pa.s,-0.30397,-0.82999,-0.71462,-0.00039294,-1.22e-05,80.0,150.0,W/m/K,0.00013095,0.81923,-122.33,13993,90.0,2000,W/m/K,4.1182E+07,-1.36073,5.94925,-7.21321,2.92674,176.75,518.23,J/kmol
Pentanal,554.0,K,3500000.0,Pa,0.316,m3/kmol,0.264,376.15,K,86.1323,0.107035,m3/kmol,0.390803,-226690000.0,J/kmol,-107110000.0,J/kmol,-2910000000.0,J/kmol,0.76227,0.25072,566.11,0.27912,182.0,566.1,kmol/m3,92.6361,-7428.5,-10.518,7.16e-06,2.0,182.0,566.1,Pa,46085,-1304.5,21.195,-0.015382,3.31e-05,83.8,135,J/kmol/K,20786,0.0,0.0,0.0,0.0,50.0,1500,J/kmol/K,-99.903,1347.5,17.615,-0.00032893,2,84.1,150.0,Pa.s,-0.30397,-0.82999,-0.71462,-0.00039294,-1.22e-05,80.0,150.0,W/m/K,0.00013095,0.81923,-122.33,13993,90.0,2000,W/m/K,6.99504E+07,0.991037,0.252443,-1.76171,0.936026,182,545.88,J/kmol
Hexanal,579.0,K,3110000.0,Pa,0.369,m3/kmol,0.26,401.45,K,100.159,0.123708,m3/kmol,0.439121,-247320000.0,J/kmol,-98820000.0,J/kmol,-3520000000.0,J/kmol,1.3196,0.35571,579.0,0.38551,217.15,571.32,kmol/m3,209.374,-12430.6,-28.5936,2.82e-05,2.0,217.15,591.0,Pa,46085,-1304.5,21.195,-0.015382,3.31e-05,83.8,135,J/kmol/K,20786,0.0,0.0,0.0,0.0,50.0,1500,J/kmol/K,-99.903,1347.5,17.615,-0.00032893,2,84.1,150.0,Pa.s,-0.30397,-0.82999,-0.71462,-0.00039294,-1.22e-05,80.0,150.0,W/m/K,0.00013095,0.81923,-122.33,13993,90.0,2000,W/m/K,5.57025E+07,-0.000821879,0.788181,-0.0470431,-0.460389,217.15,571.32,J/kmol
Heptanal,603.0,K,2800000.0,Pa,0.421,m3/kmol,0.267,425.95,K,114.186,0.140287,m3/kmol,0.488466,-264010000.0,J/kmol,-86530000.0,J/kmol,-4136000000.0,J/kmol,0.53646,0.24452,616.81,0.26981,229.8,616.8,kmol/m3,108.36,-9179.6,-12.655,7.34e-06,2.0,229.8,617.0,Pa,46085,-1304.5,21.195,-0.015382,3.31e-05,83.8,135,J/kmol/K,20786,0.0,0.0,0.0,0.0,50.0,1500,J/kmol/K,-99.903,1347.5,17.615,-0.00032893,2,84.1,150.0,Pa.s,-0.30397,-0.82999,-0.71462,-0.00039294,-1.22e-05,80.0,150.0,W/m/K,0.00013095,0.81923,-122.33,13993,90.0,2000,W/m/K,6.24412E+07,0.224744,0.949788,-1.50032,0.675167,229.8,596.43,J/kmol
Diisopropyl ether,500.05,K,2880000.0,Pa,0.386,m3/kmol,0.267,341.45,K,102.175,0.141775,m3/kmol,0.338683,-318988000.0,J/kmol,-124800000.0,J/kmol,-3702340000.0,J/kmol,0.72527,0.27594,500.05,0.29413,187.65,483.61,kmol/m3,109.533,-7120.3,-13.5136,1.44e-05,2.0,187.65,500.05,Pa,46085,-1304.5,21.195,-0.015382,3.31e-05,83.8,135,J/kmol/K,20786,0.0,0.0,0.0,0.0,50.0,1500,J/kmol/K,-99.903,1347.5,17.615,-0.00032893,2,84.1,150.0,Pa.s,-0.30397,-0.82999,-0.71462,-0.00039294,-1.22e-05,80.0,150.0,W/m/K,0.00013095,0.81923,-122.33,13993,90.0,2000,W/m/K,5.8041E+07,2.3385,-5.2086,5.0367,-1.6926,187.65,483.61,J/kmol
Di-n-butyl ether,580.15,K,2380000.0,Pa,0.511,m3/kmol,0.247,415.35,K,130.228,0.17041,m3/kmol,0.447646,-333900000.0,J/kmol,-88270000.0,J/kmol,-4947160000.0,J/kmol,0.22926,0.17412,584.11,0.21764,175.3,584.1,kmol/m3,95.7043,-8294.24,-10.8182,6.13e-06,2.0,175.3,584.1,Pa,46085,-1304.5,21.195,-0.015382,3.31e-05,83.8,135,J/kmol/K,20786,0.0,0.0,0.0,0.0,50.0,1500,J/kmol/K,-99.903,1347.5,17.615,-0.00032893,2,84.1,150.0,Pa.s,-0.30397,-0.82999,-0.71462,-0.00039294,-1.22e-05,80.0,150.0,W/m/K,0.00013095,0.81923,-122.33,13993,90.0,2000,W/m/K,6.4859E+07,0.77992,-0.72383,0.38094,-0.025388,175.3,562.58,J/kmol
Di-sec-butyl ether,562.0,K,2556000.0,Pa,0.487,m3/kmol,0.269,394.2,K,130.228,0.171577,m3/kmol,0.329,-360900000.0,J/kmol,-115700000.0,J/kmol,-4923300000.0,J/kmol,0.038135,0.072155,562.0,0.11862,173.15,559.0,kmol/m3,102.529,-8146.75,-11.9781,8.06e-06,2.0,173.15,560.0,Pa,46085,-1304.5,21.195,-0.015382,3.31e-05,83.8,135,J/kmol/K,20786,0.0,0.0,0.0,0.0,50.0,1500,J/kmol/K,-99.903,1347.5,17.615,-0.00032893,2,84.1,150.0,Pa.s,-0.30397,-0.82999,-0.71462,-0.00039294,-1.22e-05,80.0,150.0,W/m/K,0.00013095,0.81923,-122.33,13993,90.0,2000,W/m/K,5.5999E+07,0.34375,0.18962,-0.14755,-0.0040987,173.15,559,J/kmol
Methyl ethyl ether,437.8,K,4400000.0,Pa,0.221,m3/kmol,0.267,280.5,K,60.095,0.08585,m3/kmol,0.236,-216400000.0,J/kmol,-117700000.0,J/kmol,-1931400000.0,J/kmol,1.1195,0.26367,437.86,0.25231,160.0,437.85,kmol/m3,63.84,-4659.2,-6.4137,5.77e-06,2.0,160.0,437.85,Pa,46085,-1304.5,21.195,-0.015382,3.31e-05,83.8,135,J/kmol/K,20786,0.0,0.0,0.0,0.0,50.0,1500,J/kmol/K,-99.903,1347.5,17.615,-0.00032893,2,84.1,150.0,Pa.s,-0.30397,-0.82999,-0.71462,-0.00039294,-1.22e-05,80.0,150.0,W/m/K,0.00013095,0.81923,-122.33,13993,90.0,2000,W/m/K,1.3679E+08,9.4948,-25.655,28.424,-11.603,160,423.18,J/kmol
Methyl n-propyl ether,472.0,K,3801000.0,Pa,0.274,m3/kmol,0.265,312.29,K,74.1216,0.1032,m3/kmol,0.276999,-237900000.0,J/kmol,-110800000.0,J/kmol,-2517000000.0,J/kmol,1.1427,0.28927,472.0,0.3185,133.97,458.24,kmol/m3,59.8127,-4968.63,-5.70304,3.96e-06,2.0,133.97,476.25,Pa,46085,-1304.5,21.195,-0.015382,3.31e-05,83.8,135,J/kmol/K,20786,0.0,0.0,0.0,0.0,50.0,1500,J/kmol/K,-99.903,1347.5,17.615,-0.00032893,2,84.1,150.0,Pa.s,-0.30397,-0.82999,-0.71462,-0.00039294,-1.22e-05,80.0,150.0,W/m/K,0.00013095,0.81923,-122.33,13993,90.0,2000,W/m/K,4.42528E+07,0.586164,-0.378014,0.582618,-0.440041,133.97,458.24,J/kmol
Isopropyl butyl ether,549.0,K,2740000.0,Pa,0.435,m3/kmol,0.261,378.15,K,116.201,0.155791,m3/kmol,0.403229,-326900000.0,J/kmol,-107100000.0,J/kmol,-4324000000.0,J/kmol,0.62258,0.27082,549.0,0.30735,180.0,549.0,kmol/m3,85.9964,-7315.4,-9.4264,5.24e-06,2.0,180.0,549.0,Pa,46085,-1304.5,21.195,-0.015382,3.31e-05,83.8,135,J/kmol/K,20786,0.0,0.0,0.0,0.0,50.0,1500,J/kmol/K,-99.903,1347.5,17.615,-0.00032893,2,84.1,150.0,Pa.s,-0.30397,-0.82999,-0.71462,-0.00039294,-1.22e-05,80.0,150.0,W/m/K,0.00013095,0.81923,-122.33,13993,90.0,2000,W/m/K,5.2177E+07,0.38027,0,0,0,180,549,J/kmol
Methyl isobutyl ether,497.0,K,3410000.0,Pa,0.329,m3/kmol,0.272,331.7,K,88.1482,0.121242,m3/kmol,0.307786,-266000000.0,J/kmol,-107000000.0,J/kmol,-3122000000.0,J/kmol,0.83514,0.27544,497.0,0.27525,150.0,497.0,kmol/m3,67.8397,-5584.77,-6.90156,5.18e-06,2.0,150.0,497.0,Pa,46085,-1304.5,21.195,-0.015382,3.31e-05,83.8,135,J/kmol/K,20786,0.0,0.0,0.0,0.0,50.0,1500,J/kmol/K,-99.903,1347.5,17.615,-0.00032893,2,84.1,150.0,Pa.s,-0.30397,-0.82999,-0.71462,-0.00039294,-1.22e-05,80.0,150.0,W/m/K,0.00013095,0.81923,-122.33,13993,90.0,2000,W/m/K,4.281E+07,0.34436,0.050812,-0.029168,0.014527,150,497,J/kmol
Methyl isopropyl ether,464.48,K,3762000.0,Pa,0.276,m3/kmol,0.269,303.92,K,74.1216,0.1046,m3/kmol,0.26555,-252000000.0,J/kmol,-120900000.0,J/kmol,-2531100000.0,J/kmol,0.82094,0.24798,464.48,0.26184,127.93,446.77,kmol/m3,61.5782,-4874.16,-6.03416,5.1e-06,2.0,127.93,464.48,Pa,46085,-1304.5,21.195,-0.015382,3.31e-05,83.8,135,J/kmol/K,20786,0.0,0.0,0.0,0.0,50.0,1500,J/kmol/K,-99.903,1347.5,17.615,-0.00032893,2,84.1,150.0,Pa.s,-0.30397,-0.82999,-0.71462,-0.00039294,-1.22e-05,80.0,150.0,W/m/K,0.00013095,0.81923,-122.33,13993,90.0,2000,W/m/K,4.2811E+07,1.2196,-2.6572,3.1706,-1.3477,127.93,446.77,J/kmol
Tert-butyl ethyl ether,512.0,K,3149000.0,Pa,0.382,m3/kmol,0.272,345.65,K,102.175,0.138991,m3/kmol,0.295672,-316500000.0,J/kmol,-121700000.0,J/kmol,-3684000000.0,J/kmol,0.74373,0.27619,512.0,0.30602,179.15,496.38,kmol/m3,59.9221,-5564.17,-5.60132,3.39e-06,2.0,179.15,514.0,Pa,46085,-1304.5,21.195,-0.015382,3.31e-05,83.8,135,J/kmol/K,20786,0.0,0.0,0.0,0.0,50.0,1500,J/kmol/K,-99.903,1347.5,17.615,-0.00032893,2,84.1,150.0,Pa.s,-0.30397,-0.82999,-0.71462,-0.00039294,-1.22e-05,80.0,150.0,W/m/K,0.00013095,0.81923,-122.33,13993,90.0,2000,W/m/K,4.5825E+07,0.349787,0.137025,-0.301886,0.219717,179.15,496.38,J/kmol
Ethyl tert-pentyl ether,544.0,K,2740000.0,Pa,0.435,m3/kmol,0.273,374.15,K,116.201,0.152635,m3/kmol,0.338192,-332400000.0,J/kmol,-109400000.0,J/kmol,-4320000000.0,J/kmol,0.65888,0.27797,544.0,0.29227,190.0,527.26,kmol/m3,47.1243,-5006.63,-3.8921,5.84e-06,2.0,190.0,546.0,Pa,46085,-1304.5,21.195,-0.015382,3.31e-05,83.8,135,J/kmol/K,20786,0.0,0.0,0.0,0.0,50.0,1500,J/kmol/K,-99.903,1347.5,17.615,-0.00032893,2,84.1,150.0,Pa.s,-0.30397,-0.82999,-0.71462,-0.00039294,-1.22e-05,80.0,150.0,W/m/K,0.00013095,0.81923,-122.33,13993,90.0,2000,W/m/K,6.44805E+07,2.47576,-5.83086,5.95818,-2.13554,190,527.26,J/kmol
Butyl vinyl ether,540.5,K,3200000.0,Pa,0.38362,m3/kmol,0.273,367.131,K,100.159,0.130251,m3/kmol,0.358,-183000000.0,J/kmol,-36197400.0,J/kmol,-3591440000.0,J/kmol,0.51202,0.22443,540.5,0.25269,181.15,517.32,kmol/m3,80.4809,-6835.53,-8.64103,5.19e-06,2.0,181.15,536.0,Pa,46085,-1304.5,21.195,-0.015382,3.31e-05,83.8,135,J/kmol/K,20786,0.0,0.0,0.0,0.0,50.0,1500,J/kmol/K,-99.903,1347.5,17.615,-0.00032893,2,84.1,150.0,Pa.s,-0.30397,-0.82999,-0.71462,-0.00039294,-1.22e-05,80.0,150.0,W/m/K,0.00013095,0.81923,-122.33,13993,90.0,2000,W/m/K,5.9857E+07,1.4054,-2.9112,3.3585,-1.4378,181.15,536,J/kmol
Anisole,642.15,K,4180000.0,Pa,0.337,m3/kmol,0.267,426.95,K,108.138,0.109167,m3/kmol,0.350169,-68000000.0,J/kmol,22700000.0,J/kmol,-3601800000.0,J/kmol,0.67524,0.24431,645.61,0.26239,235.65,645.6,kmol/m3,117.058,-9318.99,-14.1257,9.85e-06,2.0,235.65,645.6,Pa,46085,-1304.5,21.195,-0.015382,3.31e-05,83.8,135,J/kmol/K,20786,0.0,0.0,0.0,0.0,50.0,1500,J/kmol/K,-99.903,1347.5,17.615,-0.00032893,2,84.1,150.0,Pa.s,-0.30397,-0.82999,-0.71462,-0.00039294,-1.22e-05,80.0,150.0,W/m/K,0.00013095,0.81923,-122.33,13993,90.0,2000,W/m/K,6.1782E+07,0.29654,0.81637,-1.3762,0.64684,235.65,624.02,J/kmol
Isopropyl acetate,538.15,K,3495640.0,Pa,0.343881,m3/kmol,0.25,361.65,K,102.132,0.117579,m3/kmol,0.339905,-481700000.0,J/kmol,-333700000.0,J/kmol,-2658000000.0,J/kmol,1.7447,0.38746,516.15,0.46246,199.75,514.51,kmol/m3,53.596,-5675.5,-4.5065,1.28e-06,2.0,199.75,532.0,Pa,46085,-1304.5,21.195,-0.015382,3.31e-05,83.8,135,J/kmol/K,20786,0.0,0.0,0.0,0.0,50.0,1500,J/kmol/K,-99.903,1347.5,17.615,-0.00032893,2,84.1,150.0,Pa.s,-0.30397,-0.82999,-0.71462,-0.00039294,-1.22e-05,80.0,150.0,W/m/K,0.00013095,0.81923,-122.33,13993,90.0,2000,W/m/K,4.85287E+07,0.139799,0.87492,-1.37946,0.721356,199.75,514.51,J/kmol
N-butyl acetate,561.0,K,3090000.0,Pa,0.4128,m3/kmol,0.253,399.12,K,116.158,0.13251,m3/kmol,0.56738,-485600000.0,J/kmol,-312300000.0,J/kmol,-3283000000.0,J/kmol,0.13588,0.1193,579.0,0.16305,199.65,575.4,kmol/m3,90.4279,-7625.34,-10.2228,8.99e-06,2.0,199.65,575.4,Pa,46085,-1304.5,21.195,-0.015382,3.31e-05,83.8,135,J/kmol/K,20786,0.0,0.0,0.0,0.0,50.0,1500,J/kmol/K,-99.903,1347.5,17.615,-0.00032893,2,84.1,150.0,Pa.s,-0.30397,-0.82999,-0.71462,-0.00039294,-1.22e-05,80.0,150.0,W/m/K,0.00013095,0.81923,-122.33,13993,90.0,2000,W/m/K,8.19257E+07,1.15159,0.0889674,-1.85986,1.11395,199.65,575.4,J/kmol
Isobutyl acetate,561.0,K,3160000.0,Pa,0.413,m3/kmol,0.266,389.72,K,116.158,0.13387,m3/kmol,0.456,-493000000.0,J/kmol,-322200000.0,J/kmol,-3319000000.0,J/kmol,0.40843,0.20784,561.0,0.21394,174.3,560.8,kmol/m3,28.4526,-5051.54,-0.615949,-1.96e-06,2.0,174.3,561.15,Pa,46085,-1304.5,21.195,-0.015382,3.31e-05,83.8,135,J/kmol/K,20786,0.0,0.0,0.0,0.0,50.0,1500,J/kmol/K,-99.903,1347.5,17.615,-0.00032893,2,84.1,150.0,Pa.s,-0.30397,-0.82999,-0.71462,-0.00039294,-1.22e-05,80.0,150.0,W/m/K,0.00013095,0.81923,-122.33,13993,90.0,2000,W/m/K,6.40865E+07,1.31322,-1.99223,1.20384,-0.0654865,174.3,560.8,J/kmol
N-pentyl acetate,605.15,K,2800000.0,Pa,0.442,m3/kmol,0.245,422.15,K,130.185,0.149382,m3/kmol,0.413866,-505500000.0,J/kmol,-303500000.0,J/kmol,-3894050000.0,J/kmol,0.12608,0.12252,605.15,0.16886,202.35,599.9,kmol/m3,168.721,-11229.7,-22.1173,1.77e-05,2.0,202.35,600.0,Pa,46085,-1304.5,21.195,-0.015382,3.31e-05,83.8,135,J/kmol/K,20786,0.0,0.0,0.0,0.0,50.0,1500,J/kmol/K,-99.903,1347.5,17.615,-0.00032893,2,84.1,150.0,Pa.s,-0.30397,-0.82999,-0.71462,-0.00039294,-1.22e-05,80.0,150.0,W/m/K,0.00013095,0.81923,-122.33,13993,90.0,2000,W/m/K,7.88391E+07,0.946213,-0.171734,-0.730153,0.419139,202.35,599.9,J/kmol
Vinyl acetate,525.0,K,4150000.0,Pa,0.266,m3/kmol,0.248,345.65,K,86.0892,0.0929486,m3/kmol,0.302148,-315700000.0,J/kmol,-228700000.0,J/kmol,-1950000000.0,J/kmol,0.80837,0.2388,524.34,0.25151,180.35,524.33,kmol/m3,-28.9063,-2451.07,8.43748,-1.5e-05,2.0,180.35,519.13,Pa,46085,-1304.5,21.195,-0.015382,3.31e-05,83.8,135,J/kmol/K,20786,0.0,0.0,0.0,0.0,50.0,1500,J/kmol/K,-99.903,1347.5,17.615,-0.00032893,2,84.1,150.0,Pa.s,-0.30397,-0.82999,-0.71462,-0.00039294,-1.22e-05,80.0,150.0,W/m/K,0.00013095,0.81923,-122.33,13993,90.0,2000,W/m/K,5.17841E+07,1.32939,-3.1271,3.5429,-1.3848,180.35,501.3,J/kmol
N-hexyl acetate,623.5,K,2410000.0,Pa,0.519,m3/kmol,0.244,444.65,K,144.211,0.166008,m3/kmol,0.461433,-526300000.0,J/kmol,-295400000.0,J/kmol,-4505000000.0,J/kmol,0.39801,0.22828,623.5,0.26879,192.25,595.59,kmol/m3,135.2,-10778.0,-16.633,1.01e-05,2.0,192.25,618.0,Pa,46085,-1304.5,21.195,-0.015382,3.31e-05,83.8,135,J/kmol/K,20786,0.0,0.0,0.0,0.0,50.0,1500,J/kmol/K,-99.903,1347.5,17.615,-0.00032893,2,84.1,150.0,Pa.s,-0.30397,-0.82999,-0.71462,-0.00039294,-1.22e-05,80.0,150.0,W/m/K,0.00013095,0.81923,-122.33,13993,90.0,2000,W/m/K,7.6365E+07,1.3535,-2.7266,3.0189,-1.2516,192.25,618,J/kmol
1-pentanol,588.15,K,3909000.0,Pa,0.326,m3/kmol,0.262,411.16,K,88.1482,0.10863,m3/kmol,0.579,-300160000.0,J/kmol,-146022000.0,J/kmol,-3060510000.0,J/kmol,0.54137,0.21848,588.15,0.20812,195.56,588.1,kmol/m3,150.993,-11938.8,-18.591,8.74e-06,2.0,195.56,588.1,Pa,46085,-1304.5,21.195,-0.015382,3.31e-05,83.8,135,J/kmol/K,20786,0.0,0.0,0.0,0.0,50.0,1500,J/kmol/K,-99.903,1347.5,17.615,-0.00032893,2,84.1,150.0,Pa.s,-0.30397,-0.82999,-0.71462,-0.00039294,-1.22e-05,80.0,150.0,W/m/K,0.00013095,0.81923,-122.33,13993,90.0,2000,W/m/K,1.1853E+08,1.9668,-2.5741,1.6268,-0.41037,195.56,588.1,J/kmol
2-pentanol,552.0,K,3880000.0,Pa,0.327,m3/kmol,0.26,392.15,K,88.1482,0.109448,m3/kmol,0.674371,-313800000.0,J/kmol,-159300000.0,J/kmol,-3051500000.0,J/kmol,1.319,0.3371,552.0,0.32218,200.0,541.34,kmol/m3,156.628,-11701.2,-19.6113,1.2e-05,2.0,200.0,560.3,Pa,46085,-1304.5,21.195,-0.015382,3.31e-05,83.8,135,J/kmol/K,20786,0.0,0.0,0.0,0.0,50.0,1500,J/kmol/K,-99.903,1347.5,17.615,-0.00032893,2,84.1,150.0,Pa.s,-0.30397,-0.82999,-0.71462,-0.00039294,-1.22e-05,80.0,150.0,W/m/K,0.00013095,0.81923,-122.33,13993,90.0,2000,W/m/K,8.4515E+07,0.5603,0.52669,-1.3675,0.83639,200,541.34,J/kmol
2-methyl-1-butanol,575.4,K,3940000.0,Pa,0.329,m3/kmol,0.271,401.85,K,88.1482,0.1083,m3/kmol,0.587733,-302090000.0,J/kmol,-141000000.0,J/kmol,-3062000000.0,J/kmol,0.88123,0.27569,576.16,0.26459,195.0,576.15,kmol/m3,169.405,-12535.9,-21.4482,1.17e-05,2.0,195.0,575.4,Pa,46085,-1304.5,21.195,-0.015382,3.31e-05,83.8,135,J/kmol/K,20786,0.0,0.0,0.0,0.0,50.0,1500,J/kmol/K,-99.903,1347.5,17.615,-0.00032893,2,84.1,150.0,Pa.s,-0.30397,-0.82999,-0.71462,-0.00039294,-1.22e-05,80.0,150.0,W/m/K,0.00013095,0.81923,-122.33,13993,90.0,2000,W/m/K,1.7446E+08,5.4789,-13.886,15.653,-6.6531,195,560.91,J/kmol
"2,2-dimethyl-1-propanol",549.0,K,5970000.0,Pa,0.327,m3/kmol,0.29,386.25,K,88.1482,0.1255,m3/kmol,0.800412,-302100000.0,J/kmol,-140000000.0,J/kmol,-3061000000.0,J/kmol,0.88741,0.29,552.7,0.28571,328.15,552.7,kmol/m3,192.468,-12413.6,-25.5993,2.47e-05,2.0,298.15,552.7,Pa,46085,-1304.5,21.195,-0.015382,3.31e-05,83.8,135,J/kmol/K,20786,0.0,0.0,0.0,0.0,50.0,1500,J/kmol/K,-99.903,1347.5,17.615,-0.00032893,2,84.1,150.0,Pa.s,-0.30397,-0.82999,-0.71462,-0.00039294,-1.22e-05,80.0,150.0,W/m/K,0.00013095,0.81923,-122.33,13993,90.0,2000,W/m/K,4.5224E+07,-1.2435,2.138,0.13988,-0.73989,274.2,552.7,J/kmol
1-hexanol,611.4,K,3510000.0,Pa,0.381,m3/kmol,0.263,430.44,K,102.175,0.12519,m3/kmol,0.58,-318000000.0,J/kmol,-134400000.0,J/kmol,-3674390000.0,J/kmol,0.12172,0.11263,611.4,0.13194,228.55,610.3,kmol/m3,140.406,-11996.0,-16.8497,6.26e-06,2.0,228.55,610.3,Pa,46085,-1304.5,21.195,-0.015382,3.31e-05,83.8,135,J/kmol/K,20786,0.0,0.0,0.0,0.0,50.0,1500,J/kmol/K,-99.903,1347.5,17.615,-0.00032893,2,84.1,150.0,Pa.s,-0.30397,-0.82999,-0.71462,-0.00039294,-1.22e-05,80.0,150.0,W/m/K,0.00013095,0.81923,-122.33,13993,90.0,2000,W/m/K,9.9912E+07,1.0345,-0.71214,0.038869,0.22103,228.55,610.3,J/kmol
1-heptanol,631.9,K,3150000.0,Pa,0.435,m3/kmol,0.261,449.81,K,116.201,0.14195,m3/kmol,0.582,-332000000.0,J/kmol,-125300000.0,J/kmol,-4288700000.0,J/kmol,0.53584,0.24833,632.61,0.25556,239.15,632.6,kmol/m3,251.822,-17683.6,-33.4837,1.76e-05,2.0,239.15,632.6,Pa,46085,-1304.5,21.195,-0.015382,3.31e-05,83.8,135,J/kmol/K,20786,0.0,0.0,0.0,0.0,50.0,1500,J/kmol/K,-99.903,1347.5,17.615,-0.00032893,2,84.1,150.0,Pa.s,-0.30397,-0.82999,-0.71462,-0.00039294,-1.22e-05,80.0,150.0,W/m/K,0.00013095,0.81923,-122.33,13993,90.0,2000,W/m/K,1.17318E+08,1.48903,-2.63224,3.54728,-1.89241,239.15,611.89,J/kmol
"1,4-butanediol",667.0,K,4880000.0,Pa,0.297,m3/kmol,0.261,501.15,K,90.121,0.0888513,m3/kmol,1.17696,-426700000.0,J/kmol,-278000000.0,J/kmol,-2280100000.0,J/kmol,0.87669,0.26038,667.0,0.18382,293.05,667.0,kmol/m3,273.87,-20688.0,-36.39,2.07e-05,2.0,293.05,667.0,Pa,46085,-1304.5,21.195,-0.015382,3.31e-05,83.8,135,J/kmol/K,20786,0.0,0.0,0.0,0.0,50.0,1500,J/kmol/K,-99.903,1347.5,17.615,-0.00032893,2,84.1,150.0,Pa.s,-0.30397,-0.82999,-0.71462,-0.00039294,-1.22e-05,80.0,150.0,W/m/K,0.00013095,0.81923,-122.33,13993,90.0,2000,W/m/K,8.835E+07,0.2441,0,0,0,293.05,667,J/kmol
Methyl mercaptan,470.0,K,7230000.0,Pa,0.145,m3/kmol,0.268,279.11,K,48.1075,0.05552,m3/kmol,0.15,-22600000.0,J/kmol,-9920000.0,J/kmol,-1151700000.0,J/kmol,1.954,0.28171,470.0,0.28737,150.18,453.12,kmol/m3,115.16,-6300.05,-14.6648,1.95e-05,2.0,150.18,469.95,Pa,46085,-1304.5,21.195,-0.015382,3.31e-05,83.8,135,J/kmol/K,20786,0.0,0.0,0.0,0.0,50.0,1500,J/kmol/K,-99.903,1347.5,17.615,-0.00032893,2,84.1,150.0,Pa.s,-0.30397,-0.82999,-0.71462,-0.00039294,-1.22e-05,80.0,150.0,W/m/K,0.00013095,0.81923,-122.33,13993,90.0,2000,W/m/K,3.22138E+07,-0.00310105,0.657759,-0.0249162,-0.340052,150.18,469.95,J/kmol
N-propyl mercaptan,536.0,K,4520000.0,Pa,0.254,m3/kmol,0.264,340.65,K,76.1606,0.0911676,m3/kmol,0.225,-67500000.0,J/kmol,2700000.0,J/kmol,-2345000000.0,J/kmol,0.98491,0.2613,536.61,0.28105,159.95,536.6,kmol/m3,81.4494,-6196.56,-9.01842,7.34e-06,2.0,159.95,536.6,Pa,46085,-1304.5,21.195,-0.015382,3.31e-05,83.8,135,J/kmol/K,20786,0.0,0.0,0.0,0.0,50.0,1500,J/kmol/K,-99.903,1347.5,17.615,-0.00032893,2,84.1,150.0,Pa.s,-0.30397,-0.82999,-0.71462,-0.00039294,-1.22e-05,80.0,150.0,W/m/K,0.00013095,0.81923,-122.33,13993,90.0,2000,W/m/K,4.18388E+07,-0.0306824,1.01039,-0.640892,-0.0194755,159.95,516.78,J/kmol
Tert-butyl mercaptan,530.0,K,4060000.0,Pa,0.307,m3/kmol,0.283,337.37,K,90.1872,0.113524,m3/kmol,0.191395,-109600000.0,J/kmol,1006000.0,J/kmol,-2939600000.0,J/kmol,0.89711,0.27544,530.0,0.31359,274.26,530.0,kmol/m3,107.515,-7030.55,-13.1586,1.27e-05,2.0,274.26,530.0,Pa,46085,-1304.5,21.195,-0.015382,3.31e-05,83.8,135,J/kmol/K,20786,0.0,0.0,0.0,0.0,50.0,1500,J/kmol/K,-99.903,1347.5,17.615,-0.00032893,2,84.1,150.0,Pa.s,-0.30397,-0.82999,-0.71462,-0.00039294,-1.22e-05,80.0,150.0,W/m/K,0.00013095,0.81923,-122.33,13993,90.0,2000,W/m/K,5.3137E+07,1.4502,-2.4713,2.4297,-0.95458,274.26,530,J/kmol
Isobutyl mercaptan,557.0,K,3900000.0,Pa,0.307,m3/kmol,0.268,361.64,K,90.1872,0.108751,m3/kmol,0.25,-96940000.0,J/kmol,6100000.0,J/kmol,-2949000000.0,J/kmol,0.97433,0.28543,557.0,0.30684,128.31,536.33,kmol/m3,94.3616,-7005.04,-10.9732,8.97e-06,2.0,128.31,559.0,Pa,46085,-1304.5,21.195,-0.015382,3.31e-05,83.8,135,J/kmol/K,20786,0.0,0.0,0.0,0.0,50.0,1500,J/kmol/K,-99.903,1347.5,17.615,-0.00032893,2,84.1,150.0,Pa.s,-0.30397,-0.82999,-0.71462,-0.00039294,-1.22e-05,80.0,150.0,W/m/K,0.00013095,0.81923,-122.33,13993,90.0,2000,W/m/K,4.69623E+07,0.280539,0.393074,-0.340509,0.0160184,128.31,536.33,J/kmol
Sec-butyl mercaptan,551.0,K,3970000.0,Pa,0.307,m3/kmol,0.271,358.13,K,90.1872,0.10943,m3/kmol,0.25,-96600000.0,J/kmol,5200000.0,J/kmol,-2950000000.0,J/kmol,0.81743,0.26237,554.01,0.28149,133.02,554.0,kmol/m3,85.2035,-6580.8,-9.5686,7.57e-06,2.0,133.02,554.0,Pa,46085,-1304.5,21.195,-0.015382,3.31e-05,83.8,135,J/kmol/K,20786,0.0,0.0,0.0,0.0,50.0,1500,J/kmol/K,-99.903,1347.5,17.615,-0.00032893,2,84.1,150.0,Pa.s,-0.30397,-0.82999,-0.71462,-0.00039294,-1.22e-05,80.0,150.0,W/m/K,0.00013095,0.81923,-122.33,13993,90.0,2000,W/m/K,4.56757E+07,0.16352,0.885588,-1.13148,0.438377,133.02,531.84,J/kmol
N-hexyl mercaptan,622.0,K,3025000.0,Pa,0.412,m3/kmol,0.245,424.15,K,118.24,0.141006,m3/kmol,0.369,-129200000.0,J/kmol,27700000.0,J/kmol,-4176000000.0,J/kmol,0.60827,0.26212,623.01,0.27785,192.62,623.0,kmol/m3,102.021,-8530.27,-11.9114,8.52e-06,2.0,192.62,623.0,Pa,46085,-1304.5,21.195,-0.015382,3.31e-05,83.8,135,J/kmol/K,20786,0.0,0.0,0.0,0.0,50.0,1500,J/kmol/K,-99.903,1347.5,17.615,-0.00032893,2,84.1,150.0,Pa.s,-0.30397,-0.82999,-0.71462,-0.00039294,-1.22e-05,80.0,150.0,W/m/K,0.00013095,0.81923,-122.33,13993,90.0,2000,W/m/K,6.05372E+07,0.532372,-0.222059,0.0696209,-0.00101028,192.62,600.35,J/kmol
Methyl ethyl sulfide,533.0,K,4260000.0,Pa,0.26,m3/kmol,0.25,339.8,K,76.1606,0.09102,m3/kmol,0.208,-59300000.0,J/kmol,11900000.0,J/kmol,-2353100000.0,J/kmol,1.067,0.27102,533.0,0.29364,167.23,533.0,kmol/m3,84.4479,-6287.17,-9.49751,8.1e-06,2.0,167.23,533.0,Pa,46085,-1304.5,21.195,-0.015382,3.31e-05,83.8,135,J/kmol/K,20786,0.0,0.0,0.0,0.0,50.0,1500,J/kmol/K,-99.903,1347.5,17.615,-0.00032893,2,84.1,150.0,Pa.s,-0.30397,-0.82999,-0.71462,-0.00039294,-1.22e-05,80.0,150.0,W/m/K,0.00013095,0.81923,-122.33,13993,90.0,2000,W/m/K,5.1014E+07,1.045,-1.3834,1.1914,-0.41055,167.23,533,J/kmol
Methyl n-propyl sulfide,552.0,K,3800000.0,Pa,0.322,m3/kmol,0.259,368.69,K,90.1872,0.107699,m3/kmol,0.356915,-81900000.0,J/kmol,17930000.0,J/kmol,-2962000000.0,J/kmol,1.528,0.35328,552.0,0.39953,160.17,543.69,kmol/m3,83.7897,-6786.54,-9.26787,6.74e-06,2.0,160.17,565.0,Pa,46085,-1304.5,21.195,-0.015382,3.31e-05,83.8,135,J/kmol/K,20786,0.0,0.0,0.0,0.0,50.0,1500,J/kmol/K,-99.903,1347.5,17.615,-0.00032893,2,84.1,150.0,Pa.s,-0.30397,-0.82999,-0.71462,-0.00039294,-1.22e-05,80.0,150.0,W/m/K,0.00013095,0.81923,-122.33,13993,90.0,2000,W/m/K,5.46064E+07,0.610381,0.183873,-0.864255,0.448129,160.17,543.69,J/kmol
Methyl t-butyl sulfide,569.8,K,3400000.0,Pa,0.37,m3/kmol,0.269,372.048,K,104.214,0.12697,m3/kmol,0.217135,-120900000.0,J/kmol,7400000.0,J/kmol,-3558000000.0,J/kmol,0.0025324,0.015967,585.0,0.080614,190.84,570.0,kmol/m3,84.4652,-6786.59,-9.39689,6.67e-06,2.0,190.84,570.0,Pa,46085,-1304.5,21.195,-0.015382,3.31e-05,83.8,135,J/kmol/K,20786,0.0,0.0,0.0,0.0,50.0,1500,J/kmol/K,-99.903,1347.5,17.615,-0.00032893,2,84.1,150.0,Pa.s,-0.30397,-0.82999,-0.71462,-0.00039294,-1.22e-05,80.0,150.0,W/m/K,0.00013095,0.81923,-122.33,13993,90.0,2000,W/m/K,6.77609E+07,2.15699,-4.00915,3.63034,-1.23641,190.84,570,J/kmol
Methyl t-pentyl sulfide,632.0,K,3130000.0,Pa,0.412,m3/kmol,0.259,401.15,K,118.24,0.141236,m3/kmol,0.283554,-137400000.0,J/kmol,28840000.0,J/kmol,-4171000000.0,J/kmol,0.59566,0.25918,632.0,0.28571,195.0,632.0,kmol/m3,71.4115,-7073.52,-7.24473,3.63e-06,2.0,195.0,632.0,Pa,46085,-1304.5,21.195,-0.015382,3.31e-05,83.8,135,J/kmol/K,20786,0.0,0.0,0.0,0.0,50.0,1500,J/kmol/K,-99.903,1347.5,17.615,-0.00032893,2,84.1,150.0,Pa.s,-0.30397,-0.82999,-0.71462,-0.00039294,-1.22e-05,80.0,150.0,W/m/K,0.00013095,0.81923,-122.33,13993,90.0,2000,W/m/K,5.4045E+07,0.37325,0,0,0,195,632,J/kmol
Di-n-propyl sulfide,608.0,K,3080000.0,Pa,0.412,m3/kmol,0.251,415.978,K,118.24,0.141918,m3/kmol,0.374042,-125400000.0,J/kmol,21500000.0,J/kmol,-4180100000.0,J/kmol,0.66296,0.27313,608.0,0.29224,170.44,584.97,kmol/m3,149.637,-10251.6,-19.3067,1.71e-05,2.0,170.44,608.0,Pa,46085,-1304.5,21.195,-0.015382,3.31e-05,83.8,135,J/kmol/K,20786,0.0,0.0,0.0,0.0,50.0,1500,J/kmol/K,-99.903,1347.5,17.615,-0.00032893,2,84.1,150.0,Pa.s,-0.30397,-0.82999,-0.71462,-0.00039294,-1.22e-05,80.0,150.0,W/m/K,0.00013095,0.81923,-122.33,13993,90.0,2000,W/m/K,5.7575E+07,0.38334,0.098397,-0.17233,0.065159,170.44,584.97,J/kmol
Diethyl sulfide,557.0,K,3960000.0,Pa,0.318,m3/kmol,0.269,365.25,K,90.1872,0.10851,m3/kmol,0.295,-83470000.0,J/kmol,17780000.0,J/kmol,-2960700000.0,J/kmol,0.71845,0.24674,557.16,0.25292,169.2,557.15,kmol/m3,70.9914,-6108.92,-7.37143,5.84e-06,2.0,169.2,557.15,Pa,46085,-1304.5,21.195,-0.015382,3.31e-05,83.8,135,J/kmol/K,20786,0.0,0.0,0.0,0.0,50.0,1500,J/kmol/K,-99.903,1347.5,17.615,-0.00032893,2,84.1,150.0,Pa.s,-0.30397,-0.82999,-0.71462,-0.00039294,-1.22e-05,80.0,150.0,W/m/K,0.00013095,0.81923,-122.33,13993,90.0,2000,W/m/K,4.6317E+07,0.40563,-0.17525,0.12561,0.018959,169.2,536.73,J/kmol
Diethyl disulfide,642.0,K,3870000.0,Pa,0.358,m3/kmol,0.26,427.15,K,122.252,0.12376,m3/kmol,0.346925,-74700000.0,J/kmol,23010000.0,J/kmol,-3257000000.0,J/kmol,0.77633,0.27774,642.0,0.3008,171.63,642.0,kmol/m3,177.165,-11358.2,-23.656,2.32e-05,2.0,171.63,642.0,Pa,46085,-1304.5,21.195,-0.015382,3.31e-05,83.8,135,J/kmol/K,20786,0.0,0.0,0.0,0.0,50.0,1500,J/kmol/K,-99.903,1347.5,17.615,-0.00032893,2,84.1,150.0,Pa.s,-0.30397,-0.82999,-0.71462,-0.00039294,-1.22e-05,80.0,150.0,W/m/K,0.00013095,0.81923,-122.33,13993,90.0,2000,W/m/K,5.89858E+07,0.279736,0.523521,-0.500907,0.0214669,171.63,642,J/kmol
Dimethyl disulfide,606.0,K,5360000.0,Pa,0.252,m3/kmol,0.264,382.9,K,94.199,0.0890926,m3/kmol,0.266353,-23597800.0,J/kmol,15355300.0,J/kmol,-2043760000.0,J/kmol,1.0289,0.26919,615.01,0.29771,188.44,615.0,kmol/m3,81.238,-6951.5,-8.8055,5.57e-06,2.0,188.44,615.0,Pa,46085,-1304.5,21.195,-0.015382,3.31e-05,83.8,135,J/kmol/K,20786,0.0,0.0,0.0,0.0,50.0,1500,J/kmol/K,-99.903,1347.5,17.615,-0.00032893,2,84.1,150.0,Pa.s,-0.30397,-0.82999,-0.71462,-0.00039294,-1.22e-05,80.0,150.0,W/m/K,0.00013095,0.81923,-122.33,13993,90.0,2000,W/m/K,5.47387E+07,0.511523,0.456682,-1.15234,0.579651,188.43,592.55,J/kmol
Di-n-propyl disulfide,686.456,K,3228310.0,Pa,0.518,m3/kmol,0.25,466.65,K,150.305,0.157229,m3/kmol,0.402998,-117300000.0,J/kmol,38490000.0,J/kmol,-4530270000.0,J/kmol,0.0083051,0.032244,727.15,0.12866,187.66,675.0,kmol/m3,37.3031,-7362.88,-1.32314,-8.89e-06,2.0,187.66,675.0,Pa,46085,-1304.5,21.195,-0.015382,3.31e-05,83.8,135,J/kmol/K,20786,0.0,0.0,0.0,0.0,50.0,1500,J/kmol/K,-99.903,1347.5,17.615,-0.00032893,2,84.1,150.0,Pa.s,-0.30397,-0.82999,-0.71462,-0.00039294,-1.22e-05,80.0,150.0,W/m/K,0.00013095,0.81923,-122.33,13993,90.0,2000,W/m/K,5.27924E+07,-0.627848,2.81266,-3.63301,1.99771,187.66,675,J/kmol
Di-tert-butyl disulfide,689.7,K,3159000.0,Pa,0.518,m3/kmol,0.285,473.6,K,178.359,0.1947,m3/kmol,0.402005,-199800000.0,J/kmol,34270000.0,J/kmol,-5665000000.0,J/kmol,0.60778,0.31522,689.7,0.2884,268.2,689.7,kmol/m3,113.63,-10180.0,-13.332,6.82e-06,2.0,268.2,689.7,Pa,46085,-1304.5,21.195,-0.015382,3.31e-05,83.8,135,J/kmol/K,20786,0.0,0.0,0.0,0.0,50.0,1500,J/kmol/K,-99.903,1347.5,17.615,-0.00032893,2,84.1,150.0,Pa.s,-0.30397,-0.82999,-0.71462,-0.00039294,-1.22e-05,80.0,150.0,W/m/K,0.00013095,0.81923,-122.33,13993,90.0,2000,W/m/K,5.0039E+07,-1.4285,5.5884,-6.8503,3.0089,268.2,689.7,J/kmol
Ethyl methyl disulfide,628.9,K,4615000.0,Pa,0.312,m3/kmol,0.275,407.15,K,108.226,0.1066,m3/kmol,0.301,-49400000.0,J/kmol,17090000.0,J/kmol,-2650000000.0,J/kmol,0.88258,0.27523,628.9,0.28571,183.22,605.44,kmol/m3,96.027,-8038.4,-10.972,7.09e-06,2.0,183.22,628.9,Pa,46085,-1304.5,21.195,-0.015382,3.31e-05,83.8,135,J/kmol/K,20786,0.0,0.0,0.0,0.0,50.0,1500,J/kmol/K,-99.903,1347.5,17.615,-0.00032893,2,84.1,150.0,Pa.s,-0.30397,-0.82999,-0.71462,-0.00039294,-1.22e-05,80.0,150.0,W/m/K,0.00013095,0.81923,-122.33,13993,90.0,2000,W/m/K,4.8216E+07,0.48633,-0.6279,0.476,0,183.22,628.9,J/kmol
Ethyl propyl disulfide,660.0,K,3612000.0,Pa,0.417,m3/kmol,0.274,446.85,K,136.279,0.1405,m3/kmol,0.391,-96250000.0,J/kmol,27960000.0,J/kmol,-3866000000.0,J/kmol,0.65822,0.27459,660.0,0.28571,165.0,660.0,kmol/m3,110.6,-9574.8,-12.96,7.21e-06,2.0,165.0,660.0,Pa,46085,-1304.5,21.195,-0.015382,3.31e-05,83.8,135,J/kmol/K,20786,0.0,0.0,0.0,0.0,50.0,1500,J/kmol/K,-99.903,1347.5,17.615,-0.00032893,2,84.1,150.0,Pa.s,-0.30397,-0.82999,-0.71462,-0.00039294,-1.22e-05,80.0,150.0,W/m/K,0.00013095,0.81923,-122.33,13993,90.0,2000,W/m/K,5.9782E+07,0.63427,-0.74757,0.47275,0,165,660,J/kmol
Diphenyl disulfide,829.8,K,3569000.0,Pa,0.584,m3/kmol,0.302,583.15,K,218.338,0.2076,m3/kmol,0.569717,262800000.0,J/kmol,351800000.0,J/kmol,-6676000000.0,J/kmol,0.5173,0.302,829.8,0.28571,333.5,829.8,kmol/m3,927.554,-59320.2,-131.107,6.06e-05,2.0,333.5,829.8,Pa,46085,-1304.5,21.195,-0.015382,3.31e-05,83.8,135,J/kmol/K,20786,0.0,0.0,0.0,0.0,50.0,1500,J/kmol/K,-99.903,1347.5,17.615,-0.00032893,2,84.1,150.0,Pa.s,-0.30397,-0.82999,-0.71462,-0.00039294,-1.22e-05,80.0,150.0,W/m/K,0.00013095,0.81923,-122.33,13993,90.0,2000,W/m/K,1.1805E+08,0.46278,0.25764,-0.22402,-0.0012437,333.5,829.8,J/kmol
Monoethanolamine,671.4,K,8030000.0,Pa,0.225,m3/kmol,0.284,444.15,K,61.0831,0.0603415,m3/kmol,0.550815,-196000000.0,J/kmol,-103300000.0,J/kmol,-1363000000.0,J/kmol,0.648,0.18183,678.21,0.17947,283.15,678.2,kmol/m3,,,,,,,,,46085,-1304.5,21.195,-0.015382,3.31e-05,83.8,135,J/kmol/K,20786,0.0,0.0,0.0,0.0,50.0,1500,J/kmol/K,-99.903,1347.5,17.615,-0.00032893,2,84.1,150.0,Pa.s,-0.30397,-0.82999,-0.71462,-0.00039294,-1.22e-05,80.0,150.0,W/m/K,0.00013095,0.81923,-122.33,13993,90.0,2000,W/m/K,1.01203E+08,1.97696,-4.39989,4.90605,-1.94589,283.65,595.14,J/kmol
Diethanolamine,736.6,K,4720000.0,Pa,0.349,m3/kmol,0.243,542.0,K,105.136,0.096244,m3/kmol,0.991515,-373000000.0,J/kmol,-225740000.0,J/kmol,-2443900000.0,J/kmol,0.5251,0.20924,736.61,0.18363,283.15,736.6,kmol/m3,,,,,,,,,46085,-1304.5,21.195,-0.015382,3.31e-05,83.8,135,J/kmol/K,20786,0.0,0.0,0.0,0.0,50.0,1500,J/kmol/K,-99.903,1347.5,17.615,-0.00032893,2,84.1,150.0,Pa.s,-0.30397,-0.82999,-0.71462,-0.00039294,-1.22e-05,80.0,150.0,W/m/K,0.00013095,0.81923,-122.33,13993,90.0,2000,W/m/K,7.90134E+07,-1.86515,6.82096,-7.96305,3.25155,301.15,713.68,J/kmol
Triethanolamine,787.0,K,3590000.0,Pa,0.472,m3/kmol,0.202,613.0,K,149.188,0.132992,m3/kmol,1.28411,-554000000.0,J/kmol,-299400000.0,J/kmol,-3502500000.0,J/kmol,0.028938,0.058014,787.0,0.099632,283.15,772.1,kmol/m3,283.76,-24672.0,-37.048,1.57e-05,2.0,294.35,772.1,Pa,46085,-1304.5,21.195,-0.015382,3.31e-05,83.8,135,J/kmol/K,20786,0.0,0.0,0.0,0.0,50.0,1500,J/kmol/K,-99.903,1347.5,17.615,-0.00032893,2,84.1,150.0,Pa.s,-0.30397,-0.82999,-0.71462,-0.00039294,-1.22e-05,80.0,150.0,W/m/K,0.00013095,0.81923,-122.33,13993,90.0,2000,W/m/K,1.35488E+08,0.343894,0.961738,-1.46628,0.442687,294.35,772.1,J/kmol
Ethylenediamine,592.95,K,6290000.0,Pa,0.206,m3/kmol,0.337,390.15,K,60.0983,0.0672757,m3/kmol,0.472367,-17800000.0,J/kmol,103200000.0,J/kmol,-1691000000.0,J/kmol,0.77469,0.20588,592.95,0.20098,273.15,576.75,kmol/m3,133.543,-9787.62,-16.5791,1.3e-05,2.0,262.15,593.0,Pa,46085,-1304.5,21.195,-0.015382,3.31e-05,83.8,135,J/kmol/K,20786,0.0,0.0,0.0,0.0,50.0,1500,J/kmol/K,-99.903,1347.5,17.615,-0.00032893,2,84.1,150.0,Pa.s,-0.30397,-0.82999,-0.71462,-0.00039294,-1.22e-05,80.0,150.0,W/m/K,0.00013095,0.81923,-122.33,13993,90.0,2000,W/m/K,7.5708E+07,1.0826,-0.65481,-0.27019,0.25065,284.29,576.75,J/kmol
Diisopropylamine,522.15,K,3200000.0,Pa,0.031,m3/kmol,0.308,357.05,K,101.19,0.141919,m3/kmol,0.388315,-150000000.0,J/kmol,64200000.0,J/kmol,-3990000000.0,J/kmol,0.72754,0.27918,522.15,0.29458,176.85,504.88,kmol/m3,237.36,-12403.0,-33.276,3.52e-05,2.0,176.85,523.1,Pa,46085,-1304.5,21.195,-0.015382,3.31e-05,83.8,135,J/kmol/K,20786,0.0,0.0,0.0,0.0,50.0,1500,J/kmol/K,-99.903,1347.5,17.615,-0.00032893,2,84.1,150.0,Pa.s,-0.30397,-0.82999,-0.71462,-0.00039294,-1.22e-05,80.0,150.0,W/m/K,0.00013095,0.81923,-122.33,13993,90.0,2000,W/m/K,8.53704E+07,-2.45934,14.7393,-19.7085,7.8442,176.85,504.88,J/kmol
N-aminoethyl piperazine,708.0,K,3850000.0,Pa,0.475,m3/kmol,0.266,495.15,K,129.203,0.132257,m3/kmol,0.557243,25100000.0,J/kmol,279000000.0,J/kmol,-4135000000.0,J/kmol,0.66681,0.27137,708.0,0.27214,254.15,708.0,kmol/m3,127.743,-12067.2,-15.0492,6.42e-06,2.0,254.15,708.0,Pa,46085,-1304.5,21.195,-0.015382,3.31e-05,83.8,135,J/kmol/K,20786,0.0,0.0,0.0,0.0,50.0,1500,J/kmol/K,-99.903,1347.5,17.615,-0.00032893,2,84.1,150.0,Pa.s,-0.30397,-0.82999,-0.71462,-0.00039294,-1.22e-05,80.0,150.0,W/m/K,0.00013095,0.81923,-122.33,13993,90.0,2000,W/m/K,9.78558E+07,0.814708,0.0237006,-0.690218,0.260899,254.15,708,J/kmol
Diethylenetriamine,676.0,K,4220000.0,Pa,0.426,m3/kmol,0.257,480.0,K,103.166,0.108088,m3/kmol,0.70022,-5860000.0,J/kmol,207293000.0,J/kmol,-3080000000.0,J/kmol,0.75082,0.25686,676.0,0.285,234.15,676.0,kmol/m3,100.185,-10608.4,-10.962,4.75e-06,2.0,234.15,676.0,Pa,46085,-1304.5,21.195,-0.015382,3.31e-05,83.8,135,J/kmol/K,20786,0.0,0.0,0.0,0.0,50.0,1500,J/kmol/K,-99.903,1347.5,17.615,-0.00032893,2,84.1,150.0,Pa.s,-0.30397,-0.82999,-0.71462,-0.00039294,-1.22e-05,80.0,150.0,W/m/K,0.00013095,0.81923,-122.33,13993,90.0,2000,W/m/K,6.20087E+07,-0.521717,2.92251,-3.78596,1.59195,234.15,676,J/kmol
N-aminoethyl ethanolamine,698.0,K,4460000.0,Pa,0.387,m3/kmol,0.252,517.0,K,104.151,0.101519,m3/kmol,1.04726,-191000000.0,J/kmol,3810000.0,J/kmol,-2740000000.0,J/kmol,0.76828,0.25238,698.0,0.28565,273.15,675.64,kmol/m3,214.43,-18769.0,-27.15,1.14e-05,2.0,273.15,698.0,Pa,46085,-1304.5,21.195,-0.015382,3.31e-05,83.8,135,J/kmol/K,20786,0.0,0.0,0.0,0.0,50.0,1500,J/kmol/K,-99.903,1347.5,17.615,-0.00032893,2,84.1,150.0,Pa.s,-0.30397,-0.82999,-0.71462,-0.00039294,-1.22e-05,80.0,150.0,W/m/K,0.00013095,0.81923,-122.33,13993,90.0,2000,W/m/K,1.2005E+08,0.3465,0.971,-1.7132,0.81091,273.15,675.64,J/kmol
P-phenylenediamine,796.0,K,5180000.0,Pa,0.377,m3/kmol,0.248,540.0,K,108.141,0.102198,m3/kmol,0.53864,91200000.0,J/kmol,210000000.0,J/kmol,-3330000000.0,J/kmol,0.78274,0.24798,796.0,0.28573,413.0,775.84,kmol/m3,120.737,-13060.3,-13.7165,4.33e-06,2.0,298.15,796.0,Pa,46085,-1304.5,21.195,-0.015382,3.31e-05,83.8,135,J/kmol/K,20786,0.0,0.0,0.0,0.0,50.0,1500,J/kmol/K,-99.903,1347.5,17.615,-0.00032893,2,84.1,150.0,Pa.s,-0.30397,-0.82999,-0.71462,-0.00039294,-1.22e-05,80.0,150.0,W/m/K,0.00013095,0.81923,-122.33,13993,90.0,2000,W/m/K,1.0783E+08,1.6408,-3.3392,3.5461,-1.4179,413,775.84,J/kmol
Piperazine,656.3,K,5420000.0,Pa,0.267,m3/kmol,0.2652,419.15,K,86.1356,0.129371,m3/kmol,0.269668,22600000.0,J/kmol,170000000.0,J/kmol,-2760000000.0,J/kmol,1.4074,0.323,638.0,0.28571,379.15,638.0,kmol/m3,143.27,-11245.0,-17.657,9.62e-06,2.0,379.15,638.0,Pa,46085,-1304.5,21.195,-0.015382,3.31e-05,83.8,135,J/kmol/K,20786,0.0,0.0,0.0,0.0,50.0,1500,J/kmol/K,-99.903,1347.5,17.615,-0.00032893,2,84.1,150.0,Pa.s,-0.30397,-0.82999,-0.71462,-0.00039294,-1.22e-05,80.0,150.0,W/m/K,0.00013095,0.81923,-122.33,13993,90.0,2000,W/m/K,6.6945E+07,0.99602,-2.0069,2.4018,-0.97129,379.15,638,J/kmol
Methylethanolamine,630.0,K,5300000.0,Pa,0.25901,m3/kmol,0.262,432.388,K,75.1097,0.082206,m3/kmol,0.604,-198000000.0,J/kmol,-61100000.0,J/kmol,-2010000000.0,J/kmol,0.982868,0.255663,630.0,0.231239,268.65,610.98,kmol/m3,101.127,-9896.46,-11.1223,4.33e-06,2.0,268.65,630.0,Pa,46085,-1304.5,21.195,-0.015382,3.31e-05,83.8,135,J/kmol/K,20786,0.0,0.0,0.0,0.0,50.0,1500,J/kmol/K,-99.903,1347.5,17.615,-0.00032893,2,84.1,150.0,Pa.s,-0.30397,-0.82999,-0.71462,-0.00039294,-1.22e-05,80.0,150.0,W/m/K,0.00013095,0.81923,-122.33,13993,90.0,2000,W/m/K,8.3715E+07,1.1304,-1.7736,1.7333,-0.66961,268.65,610.98,J/kmol
Dimethylethanolamine,571.82,K,4140000.0,Pa,0.331,m3/kmol,0.261,404.15,K,89.1362,0.101094,m3/kmol,0.710963,-202000000.0,J/kmol,-36400000.0,J/kmol,-2650000000.0,J/kmol,0.87166,0.26133,571.82,0.28585,214.15,571.82,kmol/m3,121.609,-10451.4,-14.2375,6.93e-06,2.0,214.15,571.82,Pa,46085,-1304.5,21.195,-0.015382,3.31e-05,83.8,135,J/kmol/K,20786,0.0,0.0,0.0,0.0,50.0,1500,J/kmol/K,-99.903,1347.5,17.615,-0.00032893,2,84.1,150.0,Pa.s,-0.30397,-0.82999,-0.71462,-0.00039294,-1.22e-05,80.0,150.0,W/m/K,0.00013095,0.81923,-122.33,13993,90.0,2000,W/m/K,7.9011E+07,0.56455,-0.031757,-0.28621,0.17191,214.15,571.82,J/kmol
Nitromethane,588.0,K,5870000.0,Pa,0.173,m3/kmol,0.208,374.35,K,61.04,0.05396,m3/kmol,0.348026,-74800000.0,J/kmol,-6940000.0,J/kmol,-643200000.0,J/kmol,1.2195,0.22476,588.16,0.2787,244.6,588.15,kmol/m3,93.27,-7345.1,-10.689,8.7e-06,2.0,244.15,588.15,Pa,46085,-1304.5,21.195,-0.015382,3.31e-05,83.8,135,J/kmol/K,20786,0.0,0.0,0.0,0.0,50.0,1500,J/kmol/K,-99.903,1347.5,17.615,-0.00032893,2,84.1,150.0,Pa.s,-0.30397,-0.82999,-0.71462,-0.00039294,-1.22e-05,80.0,150.0,W/m/K,0.00013095,0.81923,-122.33,13993,90.0,2000,W/m/K,4.161E+07,-0.662124,2.67118,-2.70281,0.931262,244.6,570.07,J/kmol
Nitroethane,595.0,K,4850000.0,Pa,0.236,m3/kmol,0.247,387.22,K,75.0666,0.0720005,m3/kmol,0.327033,-102200000.0,J/kmol,-4900000.0,J/kmol,-1250000000.0,J/kmol,0.90007,0.22451,593.01,0.26359,183.63,593.0,kmol/m3,81.0339,-7188.31,-8.68036,5.32e-06,2.0,183.63,595.0,Pa,46085,-1304.5,21.195,-0.015382,3.31e-05,83.8,135,J/kmol/K,20786,0.0,0.0,0.0,0.0,50.0,1500,J/kmol/K,-99.903,1347.5,17.615,-0.00032893,2,84.1,150.0,Pa.s,-0.30397,-0.82999,-0.71462,-0.00039294,-1.22e-05,80.0,150.0,W/m/K,0.00013095,0.81923,-122.33,13993,90.0,2000,W/m/K,5.42869E+07,0.314015,-0.225443,1.06865,-0.953684,183.63,549.91,J/kmol
1-nitropropane,605.0,K,4350000.0,Pa,0.288,m3/kmol,0.249,404.33,K,89.0932,0.0894679,m3/kmol,0.412773,-124000000.0,J/kmol,335000.0,J/kmol,-1859000000.0,J/kmol,0.85075,0.24483,605.0,0.27413,169.16,605.0,kmol/m3,38.6581,-5750.64,-2.11565,-1.23e-06,2.0,169.16,605.0,Pa,46085,-1304.5,21.195,-0.015382,3.31e-05,83.8,135,J/kmol/K,20786,0.0,0.0,0.0,0.0,50.0,1500,J/kmol/K,-99.903,1347.5,17.615,-0.00032893,2,84.1,150.0,Pa.s,-0.30397,-0.82999,-0.71462,-0.00039294,-1.22e-05,80.0,150.0,W/m/K,0.00013095,0.81923,-122.33,13993,90.0,2000,W/m/K,5.6307E+07,0.47767,-0.18338,0.057255,-0.028311,169.16,605,J/kmol
2-nitropropane,595.0,K,4450000.0,Pa,0.288,m3/kmol,0.26,393.4,K,89.0932,0.0905535,m3/kmol,0.383568,-139000000.0,J/kmol,-12803000.0,J/kmol,-1846000000.0,J/kmol,0.27031,0.13967,595.0,0.17588,181.83,594.0,kmol/m3,57.0404,-6262.32,-4.99381,1.61e-06,2.0,181.83,594.0,Pa,46085,-1304.5,21.195,-0.015382,3.31e-05,83.8,135,J/kmol/K,20786,0.0,0.0,0.0,0.0,50.0,1500,J/kmol/K,-99.903,1347.5,17.615,-0.00032893,2,84.1,150.0,Pa.s,-0.30397,-0.82999,-0.71462,-0.00039294,-1.22e-05,80.0,150.0,W/m/K,0.00013095,0.81923,-122.33,13993,90.0,2000,W/m/K,5.54344E+07,0.377393,0.18894,-0.0391329,-0.243258,181.83,594,J/kmol
1-nitrobutane,623.0,K,3600000.0,Pa,0.338,m3/kmol,0.248,425.92,K,103.12,0.106476,m3/kmol,0.454584,-143900000.0,J/kmol,15000000.0,J/kmol,-2469650000.0,J/kmol,0.709,0.24401,623.0,0.28339,191.82,600.31,kmol/m3,275.204,-15483.8,-38.7023,3.86e-05,2.0,191.82,623.0,Pa,46085,-1304.5,21.195,-0.015382,3.31e-05,83.8,135,J/kmol/K,20786,0.0,0.0,0.0,0.0,50.0,1500,J/kmol/K,-99.903,1347.5,17.615,-0.00032893,2,84.1,150.0,Pa.s,-0.30397,-0.82999,-0.71462,-0.00039294,-1.22e-05,80.0,150.0,W/m/K,0.00013095,0.81923,-122.33,13993,90.0,2000,W/m/K,5.5256E+07,-1.02585,4.47262,-4.67561,1.4665,191.82,600.31,J/kmol
O-nitrotoluene,720.0,K,3800000.0,Pa,0.441,m3/kmol,0.28,494.85,K,137.136,0.118442,m3/kmol,0.487824,47100000.0,J/kmol,171500000.0,J/kmol,-3591400000.0,J/kmol,0.49527,0.21852,720.0,0.27202,269.98,720.0,kmol/m3,110.496,-10356.2,-12.8622,7.08e-06,2.0,265.0,720.0,Pa,46085,-1304.5,21.195,-0.015382,3.31e-05,83.8,135,J/kmol/K,20786,0.0,0.0,0.0,0.0,50.0,1500,J/kmol/K,-99.903,1347.5,17.615,-0.00032893,2,84.1,150.0,Pa.s,-0.30397,-0.82999,-0.71462,-0.00039294,-1.22e-05,80.0,150.0,W/m/K,0.00013095,0.81923,-122.33,13993,90.0,2000,W/m/K,7.85301E+07,0.959622,-1.26321,1.07312,-0.436452,269.98,720,J/kmol
P-nitrotoluene,736.0,K,3800000.0,Pa,0.441,m3/kmol,0.229,511.15,K,137.136,0.121894,m3/kmol,0.542405,31000000.0,J/kmol,155400000.0,J/kmol,-3553000000.0,J/kmol,0.76802,0.27463,736.0,0.3126,320.15,720.99,kmol/m3,115.462,-11239.6,-13.3636,5.39e-06,2.0,324.75,743.0,Pa,46085,-1304.5,21.195,-0.015382,3.31e-05,83.8,135,J/kmol/K,20786,0.0,0.0,0.0,0.0,50.0,1500,J/kmol/K,-99.903,1347.5,17.615,-0.00032893,2,84.1,150.0,Pa.s,-0.30397,-0.82999,-0.71462,-0.00039294,-1.22e-05,80.0,150.0,W/m/K,0.00013095,0.81923,-122.33,13993,90.0,2000,W/m/K,1.55024E+08,1.89329,-1.01409,-0.0168324,-0.442436,324.75,720.99,J/kmol
M-nitrotoluene,734.0,K,3800000.0,Pa,0.441,m3/kmol,0.275,504.0,K,137.136,0.118913,m3/kmol,0.491987,25800000.0,J/kmol,150200000.0,J/kmol,-3569600000.0,J/kmol,0.50673,0.22353,734.0,0.25642,288.15,734.0,kmol/m3,174.097,-13266.5,-22.5075,1.47e-05,2.0,289.2,734.0,Pa,46085,-1304.5,21.195,-0.015382,3.31e-05,83.8,135,J/kmol/K,20786,0.0,0.0,0.0,0.0,50.0,1500,J/kmol/K,-99.903,1347.5,17.615,-0.00032893,2,84.1,150.0,Pa.s,-0.30397,-0.82999,-0.71462,-0.00039294,-1.22e-05,80.0,150.0,W/m/K,0.00013095,0.81923,-122.33,13993,90.0,2000,W/m/K,1.23147E+08,2.99168,-5.10633,3.4323,-0.844633,289.2,734,J/kmol
"2,4-dinitrotoluene",814.0,K,3400000.0,Pa,0.487,m3/kmol,0.245,553.0,K,182.133,0.137448,m3/kmol,0.712571,33600000.0,J/kmol,218000000.0,J/kmol,-3416000000.0,J/kmol,0.5108,0.24037,814.0,0.26806,273.15,789.19,kmol/m3,128.933,-13393.4,-15.1574,5.6e-06,2.0,342.65,814.0,Pa,46085,-1304.5,21.195,-0.015382,3.31e-05,83.8,135,J/kmol/K,20786,0.0,0.0,0.0,0.0,50.0,1500,J/kmol/K,-99.903,1347.5,17.615,-0.00032893,2,84.1,150.0,Pa.s,-0.30397,-0.82999,-0.71462,-0.00039294,-1.22e-05,80.0,150.0,W/m/K,0.00013095,0.81923,-122.33,13993,90.0,2000,W/m/K,1.2919E+08,1.3248,1.0872,-4.8737,2.858,342.65,789.19,J/kmol
"2,6-dinitrotoluene",780.0,K,3400000.0,Pa,0.487,m3/kmol,0.242,553.0,K,182.133,0.136568,m3/kmol,0.714206,28600000.0,J/kmol,232000000.0,J/kmol,-3429000000.0,J/kmol,0.27332,0.17415,780.0,0.22386,337.85,747.26,kmol/m3,115.766,-12082.2,-13.3178,5.1e-06,2.0,337.85,770.0,Pa,46085,-1304.5,21.195,-0.015382,3.31e-05,83.8,135,J/kmol/K,20786,0.0,0.0,0.0,0.0,50.0,1500,J/kmol/K,-99.903,1347.5,17.615,-0.00032893,2,84.1,150.0,Pa.s,-0.30397,-0.82999,-0.71462,-0.00039294,-1.22e-05,80.0,150.0,W/m/K,0.00013095,0.81923,-122.33,13993,90.0,2000,W/m/K,1.04171E+08,1.24753,0.0309575,-2.85186,1.93886,337.85,770,J/kmol
"3,4-dinitrotoluene",842.0,K,3400000.0,Pa,0.487,m3/kmol,0.237,610.0,K,182.133,0.139231,m3/kmol,0.709209,35800000.0,J/kmol,259000000.0,J/kmol,-3466000000.0,J/kmol,0.48567,0.23619,842.0,0.28583,331.45,842.0,kmol/m3,62.3384,-11026.0,-5.10957,2e-07,2.0,331.45,842.0,Pa,46085,-1304.5,21.195,-0.015382,3.31e-05,83.8,135,J/kmol/K,20786,0.0,0.0,0.0,0.0,50.0,1500,J/kmol/K,-99.903,1347.5,17.615,-0.00032893,2,84.1,150.0,Pa.s,-0.30397,-0.82999,-0.71462,-0.00039294,-1.22e-05,80.0,150.0,W/m/K,0.00013095,0.81923,-122.33,13993,90.0,2000,W/m/K,6.88836E+07,-1.15341,5.75031,-8.49537,4.12481,331.45,842,J/kmol
"2,5-dinitrotoluene",814.0,K,3400000.0,Pa,0.487,m3/kmol,0.237,590.0,K,182.133,0.135666,m3/kmol,0.712285,27100000.0,J/kmol,236000000.0,J/kmol,-3446000000.0,J/kmol,0.50237,0.23693,814.0,0.28571,323.48,814.0,kmol/m3,90.895,-12036.1,-9.39552,2.85e-06,2.0,323.48,814.0,Pa,46085,-1304.5,21.195,-0.015382,3.31e-05,83.8,135,J/kmol/K,20786,0.0,0.0,0.0,0.0,50.0,1500,J/kmol/K,-99.903,1347.5,17.615,-0.00032893,2,84.1,150.0,Pa.s,-0.30397,-0.82999,-0.71462,-0.00039294,-1.22e-05,80.0,150.0,W/m/K,0.00013095,0.81923,-122.33,13993,90.0,2000,W/m/K,5.5817E+07,-1.8578,6.6656,-8.4526,3.8136,323.48,814,J/kmol
"3,5-dinitrotoluene",800.0,K,2150000.0,Pa,0.487,m3/kmol,0.238,588.0,K,182.133,0.140577,m3/kmol,0.702302,27100000.0,J/kmol,234000000.0,J/kmol,-3437000000.0,J/kmol,0.45727,0.227,814.01,0.27155,365.65,814.0,kmol/m3,63.6185,-10355.6,-5.42348,2.37e-07,2.0,365.65,814.0,Pa,46085,-1304.5,21.195,-0.015382,3.31e-05,83.8,135,J/kmol/K,20786,0.0,0.0,0.0,0.0,50.0,1500,J/kmol/K,-99.903,1347.5,17.615,-0.00032893,2,84.1,150.0,Pa.s,-0.30397,-0.82999,-0.71462,-0.00039294,-1.22e-05,80.0,150.0,W/m/K,0.00013095,0.81923,-122.33,13993,90.0,2000,W/m/K,5.98951E+07,-0.991558,3.41407,-4.44899,2.23847,365.65,790.4,J/kmol
"2,4,6-trinitrotoluene",795.0,K,3040000.0,Pa,0.48,m3/kmol,0.253,573.0,K,227.131,0.154989,m3/kmol,0.897249,16400000.0,J/kmol,284400000.0,J/kmol,-3291900000.0,J/kmol,0.99663,0.34261,803.06,0.50647,353.15,803.05,kmol/m3,245.81,-20425.0,-32.225,1.5e-05,2.0,354.0,828.0,Pa,46085,-1304.5,21.195,-0.015382,3.31e-05,83.8,135,J/kmol/K,20786,0.0,0.0,0.0,0.0,50.0,1500,J/kmol/K,-99.903,1347.5,17.615,-0.00032893,2,84.1,150.0,Pa.s,-0.30397,-0.82999,-0.71462,-0.00039294,-1.22e-05,80.0,150.0,W/m/K,0.00013095,0.81923,-122.33,13993,90.0,2000,W/m/K,2.11101E+07,-12.3306,37.2764,-41.6723,16.622,298.15,778.11,J/kmol
Oxalic acid,804.0,K,7020000.0,Pa,0.205,m3/kmol,0.215,569.0,K,90.0349,0.0614585,m3/kmol,0.917597,-733800000.0,J/kmol,-661400000.0,J/kmol,-201000000.0,J/kmol,1.0501,0.215,804.0,0.28571,462.65,804.0,kmol/m3,216.92,-20979.0,-27.004,8.63e-06,2.0,462.65,804.0,Pa,46085,-1304.5,21.195,-0.015382,3.31e-05,83.8,135,J/kmol/K,20786,0.0,0.0,0.0,0.0,50.0,1500,J/kmol/K,-99.903,1347.5,17.615,-0.00032893,2,84.1,150.0,Pa.s,-0.30397,-0.82999,-0.71462,-0.00039294,-1.22e-05,80.0,150.0,W/m/K,0.00013095,0.81923,-122.33,13993,90.0,2000,W/m/K,1.2079E+08,0.30321,0.62049,-0.9257,0.38682,462.65,786.03,J/kmol
Acrylic acid,609.542,K,5289260.0,Pa,0.210712,m3/kmol,0.23,414.15,K,72.0627,0.068927,m3/kmol,0.556093,-337100000.0,J/kmol,-286100000.0,J/kmol,-1280220000.0,J/kmol,0.11535,0.078693,654.15,0.16945,285.15,597.69,kmol/m3,55.8665,-7062.89,-4.56415,1.24e-06,2.0,276.65,615.0,Pa,46085,-1304.5,21.195,-0.015382,3.31e-05,83.8,135,J/kmol/K,20786,0.0,0.0,0.0,0.0,50.0,1500,J/kmol/K,-99.903,1347.5,17.615,-0.00032893,2,84.1,150.0,Pa.s,-0.30397,-0.82999,-0.71462,-0.00039294,-1.22e-05,80.0,150.0,W/m/K,0.00013095,0.81923,-122.33,13993,90.0,2000,W/m/K,6.9258E+07,1.9796,2.7587,-12.283,8.2823,286.15,615,J/kmol
Methacrylic acid,643.0,K,4700000.0,Pa,0.27,m3/kmol,0.244,433.65,K,86.0892,0.0852843,m3/kmol,0.331817,-368000000.0,J/kmol,-288000000.0,J/kmol,-1930000000.0,J/kmol,2.1083,0.37321,643.0,0.47743,288.15,642.32,kmol/m3,9.84311,-6238.16,2.96558,-1.06e-05,2.0,288.15,662.0,Pa,46085,-1304.5,21.195,-0.015382,3.31e-05,83.8,135,J/kmol/K,20786,0.0,0.0,0.0,0.0,50.0,1500,J/kmol/K,-99.903,1347.5,17.615,-0.00032893,2,84.1,150.0,Pa.s,-0.30397,-0.82999,-0.71462,-0.00039294,-1.22e-05,80.0,150.0,W/m/K,0.00013095,0.81923,-122.33,13993,90.0,2000,W/m/K,7.0095E+06,-12.334,36.335,-42.263,18.248,288.15,642.32,J/kmol
Benzoic acid,751.0,K,4470000.0,Pa,0.344,m3/kmol,0.246,523.15,K,122.121,0.112442,m3/kmol,0.602794,-290200000.0,J/kmol,-214200000.0,J/kmol,-3095100000.0,J/kmol,0.7147,0.24811,751.0,0.28445,394.65,751.0,kmol/m3,444.485,-30166.8,-61.2512,2.97e-05,2.0,373.15,751.0,Pa,46085,-1304.5,21.195,-0.015382,3.31e-05,83.8,135,J/kmol/K,20786,0.0,0.0,0.0,0.0,50.0,1500,J/kmol/K,-99.903,1347.5,17.615,-0.00032893,2,84.1,150.0,Pa.s,-0.30397,-0.82999,-0.71462,-0.00039294,-1.22e-05,80.0,150.0,W/m/K,0.00013095,0.81923,-122.33,13993,90.0,2000,W/m/K,6.7437E+07,0.13946,-2.3071,5.0416,-2.5138,395.45,751,J/kmol
O-toluic acid,751.0,K,3860000.0,Pa,0.397,m3/kmol,0.245,532.0,K,136.148,0.126888,m3/kmol,0.657237,-322796000.0,J/kmol,-213346000.0,J/kmol,-3699020000.0,J/kmol,0.61816,0.24687,751.0,0.2856,376.85,751.0,kmol/m3,133.199,-13740.4,-15.5105,5.25e-06,2.0,370.0,751.0,Pa,46085,-1304.5,21.195,-0.015382,3.31e-05,83.8,135,J/kmol/K,20786,0.0,0.0,0.0,0.0,50.0,1500,J/kmol/K,-99.903,1347.5,17.615,-0.00032893,2,84.1,150.0,Pa.s,-0.30397,-0.82999,-0.71462,-0.00039294,-1.22e-05,80.0,150.0,W/m/K,0.00013095,0.81923,-122.33,13993,90.0,2000,W/m/K,9.9956E+07,0.80217,-0.93427,0.8805,-0.3406,376.85,751,J/kmol
P-toluic acid,773.0,K,3860000.0,Pa,0.397,m3/kmol,0.238,548.15,K,136.148,0.129817,m3/kmol,0.661017,-322796000.0,J/kmol,-213346000.0,J/kmol,-3692220000.0,J/kmol,0.60059,0.238,773.0,0.28571,452.75,773.0,kmol/m3,180.79,-16901.0,-22.327,7.9e-06,2.0,450.0,773.0,Pa,46085,-1304.5,21.195,-0.015382,3.31e-05,83.8,135,J/kmol/K,20786,0.0,0.0,0.0,0.0,50.0,1500,J/kmol/K,-99.903,1347.5,17.615,-0.00032893,2,84.1,150.0,Pa.s,-0.30397,-0.82999,-0.71462,-0.00039294,-1.22e-05,80.0,150.0,W/m/K,0.00013095,0.81923,-122.33,13993,90.0,2000,W/m/K,1.0299E+08,0.94653,-1.474,1.5504,-0.62044,452.75,756.15,J/kmol
Salicylic acid,739.0,K,5180000.0,Pa,0.364,m3/kmol,0.275,529.0,K,138.121,0.119591,m3/kmol,0.851182,-494800000.0,J/kmol,-395400000.0,J/kmol,-2890100000.0,J/kmol,0.8432,0.27522,739.0,0.28574,426.15,722.53,kmol/m3,252.542,-21148.9,-32.6393,1.31e-05,2.0,429.95,739.0,Pa,46085,-1304.5,21.195,-0.015382,3.31e-05,83.8,135,J/kmol/K,20786,0.0,0.0,0.0,0.0,50.0,1500,J/kmol/K,-99.903,1347.5,17.615,-0.00032893,2,84.1,150.0,Pa.s,-0.30397,-0.82999,-0.71462,-0.00039294,-1.22e-05,80.0,150.0,W/m/K,0.00013095,0.81923,-122.33,13993,90.0,2000,W/m/K,1.3325E+08,-0.11849,3.6062,-5.1635,2.13,431.75,722.83,J/kmol
Adipic acid,809.0,K,3530000.0,Pa,0.4,m3/kmol,0.21,611.0,K,146.141,0.133942,m3/kmol,1.05065,-865000000.0,J/kmol,-682000000.0,J/kmol,-2580000000.0,J/kmol,0.64797,0.25918,809.0,0.28198,425.5,809.0,kmol/m3,255.224,-23233.9,-32.8308,1.34e-05,2.0,425.5,809.0,Pa,46085,-1304.5,21.195,-0.015382,3.31e-05,83.8,135,J/kmol/K,20786,0.0,0.0,0.0,0.0,50.0,1500,J/kmol/K,-99.903,1347.5,17.615,-0.00032893,2,84.1,150.0,Pa.s,-0.30397,-0.82999,-0.71462,-0.00039294,-1.22e-05,80.0,150.0,W/m/K,0.00013095,0.81923,-122.33,13993,90.0,2000,W/m/K,1.94926E+08,0.823008,2.51816,-5.64633,2.78456,425.5,809,J/kmol
Phthalic acid,943.065,K,4492230.0,Pa,0.4235,m3/kmol,0.242627,651.424,K,166.131,0.115821,m3/kmol,1.16031,-663000000.0,J/kmol,-542000000.0,J/kmol,-3091500000.0,J/kmol,0.59385,0.252,800.0,0.28571,464.15,800.0,kmol/m3,214.619,-21678.7,-26.5414,7.94e-06,2.0,464.15,800.0,Pa,46085,-1304.5,21.195,-0.015382,3.31e-05,83.8,135,J/kmol/K,20786,0.0,0.0,0.0,0.0,50.0,1500,J/kmol/K,-99.903,1347.5,17.615,-0.00032893,2,84.1,150.0,Pa.s,-0.30397,-0.82999,-0.71462,-0.00039294,-1.22e-05,80.0,150.0,W/m/K,0.00013095,0.81923,-122.33,13993,90.0,2000,W/m/K,1.16446E+08,0.325842,-0.000233021,0.00216992,0.484323,464.15,800,J/kmol
Maleic acid,773.0,K,4990000.0,Pa,0.297,m3/kmol,0.231,411.0,K,116.072,0.090835,m3/kmol,0.997587,-679400000.0,J/kmol,-596000000.0,J/kmol,-1268400000.0,J/kmol,0.77641,0.231,773.0,0.28571,403.8,773.0,kmol/m3,187.46,-19104.4,-22.7811,6.97e-06,2.0,403.8,773.0,Pa,46085,-1304.5,21.195,-0.015382,3.31e-05,83.8,135,J/kmol/K,20786,0.0,0.0,0.0,0.0,50.0,1500,J/kmol/K,-99.903,1347.5,17.615,-0.00032893,2,84.1,150.0,Pa.s,-0.30397,-0.82999,-0.71462,-0.00039294,-1.22e-05,80.0,150.0,W/m/K,0.00013095,0.81923,-122.33,13993,90.0,2000,W/m/K,1.16446E+08,0.325842,-0.000233021,0.00216992,0.484323,403.8,773,J/kmol
Terephthalic acid,943.065,K,4492230.0,Pa,0.4235,m3/kmol,0.242627,665.55,K,166.131,0.115821,m3/kmol,1.16031,-717900000.0,J/kmol,-599000000.0,J/kmol,-3057600000.0,J/kmol,0.42685,0.181,1113.0,0.28571,700.15,1113.0,kmol/m3,215.857,-29586.6,-25.5003,3.86e-06,2.0,700.15,1113.0,Pa,46085,-1304.5,21.195,-0.015382,3.31e-05,83.8,135,J/kmol/K,20786,0.0,0.0,0.0,0.0,50.0,1500,J/kmol/K,-99.903,1347.5,17.615,-0.00032893,2,84.1,150.0,Pa.s,-0.30397,-0.82999,-0.71462,-0.00039294,-1.22e-05,80.0,150.0,W/m/K,0.00013095,0.81923,-122.33,13993,90.0,2000,W/m/K,8.9802E+07,0.189,-0.50305,-1.1074,4.311,298.15,307.65,J/kmol
Acetic anhydride,606.0,K,4000000.0,Pa,0.29,m3/kmol,0.23,413.15,K,102.089,0.0949602,m3/kmol,0.448941,-573500000.0,J/kmol,-476700000.0,J/kmol,-1675000000.0,J/kmol,1.3543,0.3062,584.65,0.43334,200.15,584.64,kmol/m3,94.795,-8627.12,-10.4985,5.14e-06,2.0,200.15,606.0,Pa,46085,-1304.5,21.195,-0.015382,3.31e-05,83.8,135,J/kmol/K,20786,0.0,0.0,0.0,0.0,50.0,1500,J/kmol/K,-99.903,1347.5,17.615,-0.00032893,2,84.1,150.0,Pa.s,-0.30397,-0.82999,-0.71462,-0.00039294,-1.22e-05,80.0,150.0,W/m/K,0.00013095,0.81923,-122.33,13993,90.0,2000,W/m/K,4.78756E+07,-0.639261,1.65135,-0.778133,-0.0411955,200.15,563.28,J/kmol
Maleic anhydride,719.0,K,5990660.0,Pa,0.223,m3/kmol,0.223468,473.15,K,98.0569,0.0741215,m3/kmol,0.501811,-416700000.0,J/kmol,-355000000.0,J/kmol,-1380000000.0,J/kmol,1.1934,0.26153,721.0,0.35499,325.65,721.0,kmol/m3,181.742,-13070.3,-23.8316,1.83e-05,2.0,323.15,721.0,Pa,46085,-1304.5,21.195,-0.015382,3.31e-05,83.8,135,J/kmol/K,20786,0.0,0.0,0.0,0.0,50.0,1500,J/kmol/K,-99.903,1347.5,17.615,-0.00032893,2,84.1,150.0,Pa.s,-0.30397,-0.82999,-0.71462,-0.00039294,-1.22e-05,80.0,150.0,W/m/K,0.00013095,0.81923,-122.33,13993,90.0,2000,W/m/K,5.7421E+07,0.064434,0.35394,-0.39596,0.19018,325.72,721,J/kmol
Ketene,370.0,K,5810000.0,Pa,0.144,m3/kmol,0.272,217.15,K,42.0367,0.06374,m3/kmol,0.125656,-61100000.0,J/kmol,-60291400.0,J/kmol,-967759000.0,J/kmol,1.8886,0.272,370.0,0.28571,122.0,370.0,kmol/m3,58.628,-3467.0,-5.9337,1.02e-05,2.0,122.0,370.0,Pa,46085,-1304.5,21.195,-0.015382,3.31e-05,83.8,135,J/kmol/K,20786,0.0,0.0,0.0,0.0,50.0,1500,J/kmol/K,-99.903,1347.5,17.615,-0.00032893,2,84.1,150.0,Pa.s,-0.30397,-0.82999,-0.71462,-0.00039294,-1.22e-05,80.0,150.0,W/m/K,0.00013095,0.81923,-122.33,13993,90.0,2000,W/m/K,4.6158E+07,4.5264,-12.408,14.257,-5.881,122,356.95,J/kmol
Methyl methacrylate,563.15,K,3670000.0,Pa,0.324,m3/kmol,0.253,374.15,K,100.116,0.106736,m3/kmol,0.280233,-360000000.0,J/kmol,-254000000.0,J/kmol,-2540000000.0,J/kmol,0.91648,0.27205,563.15,0.3201,224.95,548.05,kmol/m3,129.501,-8907.82,-16.175,1.21e-05,2.0,224.95,566.0,Pa,46085,-1304.5,21.195,-0.015382,3.31e-05,83.8,135,J/kmol/K,20786,0.0,0.0,0.0,0.0,50.0,1500,J/kmol/K,-99.903,1347.5,17.615,-0.00032893,2,84.1,150.0,Pa.s,-0.30397,-0.82999,-0.71462,-0.00039294,-1.22e-05,80.0,150.0,W/m/K,0.00013095,0.81923,-122.33,13993,90.0,2000,W/m/K,5.39728E+07,-0.0862845,1.85779,-2.1277,0.775243,224.95,548.05,J/kmol
Dimethyl terephthalate,790.779,K,2780000.0,Pa,0.529,m3/kmol,0.229,555.15,K,194.184,0.180564,m3/kmol,0.532038,-637000000.0,J/kmol,-474000000.0,J/kmol,-4411500000.0,J/kmol,0.50864,0.26895,772.0,0.26133,413.8,753.15,kmol/m3,87.352,-11061.8,-8.88269,1.57e-07,2.0,413.8,772.0,Pa,46085,-1304.5,21.195,-0.015382,3.31e-05,83.8,135,J/kmol/K,20786,0.0,0.0,0.0,0.0,50.0,1500,J/kmol/K,-99.903,1347.5,17.615,-0.00032893,2,84.1,150.0,Pa.s,-0.30397,-0.82999,-0.71462,-0.00039294,-1.22e-05,80.0,150.0,W/m/K,0.00013095,0.81923,-122.33,13993,90.0,2000,W/m/K,4.92727E+07,-0.826644,0.840569,0.547723,-0.373819,413.8,753.15,J/kmol
"1,2-propylene oxide",482.25,K,4920000.0,Pa,0.186,m3/kmol,0.228,307.05,K,58.078,0.0705481,m3/kmol,0.268304,-93720000.0,J/kmol,-25800000.0,J/kmol,-1790000000.0,J/kmol,1.5769,0.28598,482.25,0.29139,161.22,482.25,kmol/m3,83.693,-5715.8,-9.522,1.03e-05,2.0,161.22,482.25,Pa,46085,-1304.5,21.195,-0.015382,3.31e-05,83.8,135,J/kmol/K,20786,0.0,0.0,0.0,0.0,50.0,1500,J/kmol/K,-99.903,1347.5,17.615,-0.00032893,2,84.1,150.0,Pa.s,-0.30397,-0.82999,-0.71462,-0.00039294,-1.22e-05,80.0,150.0,W/m/K,0.00013095,0.81923,-122.33,13993,90.0,2000,W/m/K,5.2413E+07,1.33999,-1.4961,0.72766,-0.151947,161.22,482.25,J/kmol
Cumene hydroperoxide,605.0,K,3340000.0,Pa,0.463,m3/kmol,0.278,442.7,K,152.19,0.145892,m3/kmol,0.995,-78400000.0,J/kmol,96000000.0,J/kmol,-4844400000.0,J/kmol,0.6643,0.27801,605.0,0.28637,264.26,605.0,kmol/m3,156.523,-16668.6,-17.9822,1.13e-05,2.0,264.26,605.0,Pa,46085,-1304.5,21.195,-0.015382,3.31e-05,83.8,135,J/kmol/K,20786,0.0,0.0,0.0,0.0,50.0,1500,J/kmol/K,-99.903,1347.5,17.615,-0.00032893,2,84.1,150.0,Pa.s,-0.30397,-0.82999,-0.71462,-0.00039294,-1.22e-05,80.0,150.0,W/m/K,0.00013095,0.81923,-122.33,13993,90.0,2000,W/m/K,7.2836E+07,0.18056,-0.22381,-0.21673,0.35898,298.15,307.65,J/kmol
Propionitrile,564.4,K,4180000.0,Pa,0.229,m3/kmol,0.204,370.5,K,55.0785,0.0708565,m3/kmol,0.324267,51500000.0,J/kmol,97494900.0,J/kmol,-1800700000.0,J/kmol,0.90359,0.2211,564.4,0.26246,180.26,564.4,kmol/m3,81.601,-6646.8,-8.9882,7.44e-06,2.0,180.26,564.4,Pa,46085,-1304.5,21.195,-0.015382,3.31e-05,83.8,135,J/kmol/K,20786,0.0,0.0,0.0,0.0,50.0,1500,J/kmol/K,-99.903,1347.5,17.615,-0.00032893,2,84.1,150.0,Pa.s,-0.30397,-0.82999,-0.71462,-0.00039294,-1.22e-05,80.0,150.0,W/m/K,0.00013095,0.81923,-122.33,13993,90.0,2000,W/m/K,3.63326E+07,-2.10722,8.01313,-9.74751,4.11425,180.26,564.4,J/kmol
Dimethyl carbonate,557.0,K,4800000.0,Pa,0.25163,m3/kmol,0.261,363.24,K,90.0779,0.084825,m3/kmol,0.337,-570100000.0,J/kmol,-452400000.0,J/kmol,-1295000000.0,J/kmol,0.0073625,0.022214,557.0,0.083013,273.15,548.0,kmol/m3,127.298,-8353.98,-16.1451,1.82e-05,2.0,273.15,548.0,Pa,46085,-1304.5,21.195,-0.015382,3.31e-05,83.8,135,J/kmol/K,20786,0.0,0.0,0.0,0.0,50.0,1500,J/kmol/K,-99.903,1347.5,17.615,-0.00032893,2,84.1,150.0,Pa.s,-0.30397,-0.82999,-0.71462,-0.00039294,-1.22e-05,80.0,150.0,W/m/K,0.00013095,0.81923,-122.33,13993,90.0,2000,W/m/K,5.29176E+07,1.14692,-2.48937,2.89832,-1.18273,273.15,548,J/kmol
DiEthyl Carbonate,577.0,K,3420000.0,Pa,0.35725,m3/kmol,0.254676,399.95,K,118.131,0.12721,m3/kmol,0.3544,-639100000.0,J/kmol,-464651000.0,J/kmol,-2495400000.0,J/kmol,0.668,0.25,577.0,0.29,263.15,577.0,kmol/m3,,,,,,,,,46085,-1304.5,21.195,-0.015382,3.31e-05,83.8,135,J/kmol/K,20786,0.0,0.0,0.0,0.0,50.0,1500,J/kmol/K,-99.903,1347.5,17.615,-0.00032893,2,84.1,150.0,Pa.s,-0.30397,-0.82999,-0.71462,-0.00039294,-1.22e-05,80.0,150.0,W/m/K,0.00013095,0.81923,-122.33,13993,90.0,2000,W/m/K,5.93957E+07,0.38,0,0,0,279.965,577,J/kmol
Methyl Ethyl Carbonate,566.0,K,3828650.0,Pa,0.30149,m3/kmol,0.24531,380.15,K,104.104,0.1108,m3/kmol,0.370218,-602250000.0,J/kmol,-457620000.0,J/kmol,-2099950000.0,J/kmol,0.71,0.24,566.0,0.25,258.65,566.0,kmol/m3,,,,,,,,,46085,-1304.5,21.195,-0.015382,3.31e-05,83.8,135,J/kmol/K,20786,0.0,0.0,0.0,0.0,50.0,1500,J/kmol/K,-99.903,1347.5,17.615,-0.00032893,2,84.1,150.0,Pa.s,-0.30397,-0.82999,-0.71462,-0.00039294,-1.22e-05,80.0,150.0,W/m/K,0.00013095,0.81923,-122.33,13993,90.0,2000,W/m/K,5.6359E+07,0.38,0,0,0,269.976,565.93,J/kmol
Methyl Phenyl Carbonate,704.871,K,3441140.0,Pa,0.42129,m3/kmol,0.244961,491.76,K,152.147,0.1385,m3/kmol,0.472398,-448280000.0,J/kmol,-311530000.0,J/kmol,-3829040000.0,J/kmol,0.52,0.24,705.0,0.25,288.15,704.871,kmol/m3,,,,,,,,,46085,-1304.5,21.195,-0.015382,3.31e-05,83.8,135,J/kmol/K,20786,0.0,0.0,0.0,0.0,50.0,1500,J/kmol/K,-99.903,1347.5,17.615,-0.00032893,2,84.1,150.0,Pa.s,-0.30397,-0.82999,-0.71462,-0.00039294,-1.22e-05,80.0,150.0,W/m/K,0.00013095,0.81923,-122.33,13993,90.0,2000,W/m/K,7.23828E+07,0.38,0,0,0,344.232,704.871,J/kmol
Ethyl Phenyl Carbonate,710.1,K,3049000.0,Pa,0.491,m3/kmol,0.253562,499.15,K,166.174,0.1517,m3/kmol,0.500453,-478600000.0,J/kmol,-317600000.0,J/kmol,-4208000000.0,J/kmol,0.51642,0.25353,710.1,0.28571,258.7,710.1,kmol/m3,80.745,-9868.1,-7.9666,3.01e-18,6.0,258.7,710.1,Pa,46085,-1304.5,21.195,-0.015382,3.31e-05,83.8,135,J/kmol/K,20786,0.0,0.0,0.0,0.0,50.0,1500,J/kmol/K,-99.903,1347.5,17.615,-0.00032893,2,84.1,150.0,Pa.s,-0.30397,-0.82999,-0.71462,-0.00039294,-1.22e-05,80.0,150.0,W/m/K,0.00013095,0.81923,-122.33,13993,90.0,2000,W/m/K,7.78213E+07,0.38,0,0,0,365.869,710.1,J/kmol
DiPhenyl Carbonate,795.103,K,2796490.0,Pa,0.59685,m3/kmol,0.251145,572.99,K,214.217,0.18261,m3/kmol,0.607458,-314950000.0,J/kmol,-157020000.0,J/kmol,-6173270000.0,J/kmol,0.395,0.25,795.103,0.25,358.15,795.103,kmol/m3,,,,,,,,,46085,-1304.5,21.195,-0.015382,3.31e-05,83.8,135,J/kmol/K,20786,0.0,0.0,0.0,0.0,50.0,1500,J/kmol/K,-99.903,1347.5,17.615,-0.00032893,2,84.1,150.0,Pa.s,-0.30397,-0.82999,-0.71462,-0.00039294,-1.22e-05,80.0,150.0,W/m/K,0.00013095,0.81923,-122.33,13993,90.0,2000,W/m/K,8.89736E+07,0.38,0,0,0,401.093,799.32,J/kmol
Ethylene carbonate,806.0,K,6770000.0,Pa,0.193,m3/kmol,0.195,521.15,K,88.0621,0.0664942,m3/kmol,0.442272,-506900000.0,J/kmol,-410000000.0,J/kmol,-1083000000.0,J/kmol,1.5442,0.2959,806.0,0.28857,293.15,779.87,kmol/m3,132.44,-12293.0,-15.875,7.36e-06,2.0,309.55,806.0,Pa,46085,-1304.5,21.195,-0.015382,3.31e-05,83.8,135,J/kmol/K,20786,0.0,0.0,0.0,0.0,50.0,1500,J/kmol/K,-99.903,1347.5,17.615,-0.00032893,2,84.1,150.0,Pa.s,-0.30397,-0.82999,-0.71462,-0.00039294,-1.22e-05,80.0,150.0,W/m/K,0.00013095,0.81923,-122.33,13993,90.0,2000,W/m/K,8.7297E+07,-0.075043,3.7018,-6.1954,2.9631,309.55,779.87,J/kmol
Propylene carbonate,778.0,K,5410000.0,Pa,0.246,m3/kmol,0.206,514.9,K,102.089,0.0852768,m3/kmol,0.449764,-601160000.0,J/kmol,-455500000.0,J/kmol,-1667800000.0,J/kmol,1.122,0.27599,778.0,0.40344,224.85,778.0,kmol/m3,102.32,-10530.0,-11.489,5.29e-06,2.0,224.85,778.0,Pa,46085,-1304.5,21.195,-0.015382,3.31e-05,83.8,135,J/kmol/K,20786,0.0,0.0,0.0,0.0,50.0,1500,J/kmol/K,-99.903,1347.5,17.615,-0.00032893,2,84.1,150.0,Pa.s,-0.30397,-0.82999,-0.71462,-0.00039294,-1.22e-05,80.0,150.0,W/m/K,0.00013095,0.81923,-122.33,13993,90.0,2000,W/m/K,3.1459E+08,9.99821,-26.2884,28.3829,-11.4905,224.85,778,J/kmol
2-methyl-1-heptene,564.0,K,2400000.0,Pa,0.497,m3/kmol,0.25,392.37,K,112.213,0.156655,m3/kmol,0.35513,-96990000.0,J/kmol,93200000.0,J/kmol,-4948000000.0,J/kmol,0.53765,0.25476,567.01,0.28376,185.77,567.0,kmol/m3,108.46,-8257.2,-12.941,9.11e-06,2.0,185.77,567.0,Pa,46085,-1304.5,21.195,-0.015382,3.31e-05,83.8,135,J/kmol/K,20786,0.0,0.0,0.0,0.0,50.0,1500,J/kmol/K,-99.903,1347.5,17.615,-0.00032893,2,84.1,150.0,Pa.s,-0.30397,-0.82999,-0.71462,-0.00039294,-1.22e-05,80.0,150.0,W/m/K,0.00013095,0.81923,-122.33,13993,90.0,2000,W/m/K,5.8021E+07,1.4711,-3.336,3.8018,-1.5579,185.77,546.94,J/kmol
2-Methoxy-2-Methyl-Heptane,618.203,K,2357850.0,Pa,0.53093,m3/kmol,0.24355,446.73,K,144.255,0.18511,m3/kmol,0.433286,-9790570.0,J/kmol,-6.02927,J/kmol,-5954230000.0,J/kmol,,,,,,,,-8.2705,2.1937,-3.6992,-3.7256,2357800.0,312.71,618.2,Pa,46085,-1304.5,21.195,-0.015382,3.31e-05,83.8,135,J/kmol/K,20786,0.0,0.0,0.0,0.0,50.0,1500,J/kmol/K,-99.903,1347.5,17.615,-0.00032893,2,84.1,150.0,Pa.s,-0.30397,-0.82999,-0.71462,-0.00039294,-1.22e-05,80.0,150.0,W/m/K,0.00013095,0.81923,-122.33,13993,90.0,2000,W/m/K,6.6655E+07,0.38,0,0,0,312.71,618.2,J/kmol
2-Methyl-2-Heptanol,636.653,K,2716180.0,Pa,0.48244,m3/kmol,0.247551,467.698,K,130.228,0.15788,m3/kmol,0.723562,-1.23804,J/kmol,-1.23389,J/kmol,-5.20443,J/kmol,,,,,,,,-10.016,3.415,-6.8543,-4.7824,2716200.0,327.39,636.65,Pa,46085,-1304.5,21.195,-0.015382,3.31e-05,83.8,135,J/kmol/K,20786,0.0,0.0,0.0,0.0,50.0,1500,J/kmol/K,-99.903,1347.5,17.615,-0.00032893,2,84.1,150.0,Pa.s,-0.30397,-0.82999,-0.71462,-0.00039294,-1.22e-05,80.0,150.0,W/m/K,0.00013095,0.81923,-122.33,13993,90.0,2000,W/m/K,7.9114E+07,0.38,0,0,0,327.39,636.65,J/kmol
Methylal,480.6,K,3950000.0,Pa,0.213,m3/kmol,0.211,315.0,K,76.0944,0.0891275,m3/kmol,0.285565,-348200000.0,J/kmol,-226300000.0,J/kmol,-1799800000.0,J/kmol,1.4351,0.30572,480.6,0.31739,168.35,480.6,kmol/m3,62.1506,-5217.94,-5.98298,3.49e-06,2.0,168.35,480.6,Pa,46085,-1304.5,21.195,-0.015382,3.31e-05,83.8,135,J/kmol/K,20786,0.0,0.0,0.0,0.0,50.0,1500,J/kmol/K,-99.903,1347.5,17.615,-0.00032893,2,84.1,150.0,Pa.s,-0.30397,-0.82999,-0.71462,-0.00039294,-1.22e-05,80.0,150.0,W/m/K,0.00013095,0.81923,-122.33,13993,90.0,2000,W/m/K,4.95624E+07,0.517705,0.708214,-1.53026,0.744705,168.35,480.6,J/kmol
Methyl DiEthanolAmine,741.9,K,4160000.0,Pa,0.365,m3/kmol,0.246154,520.15,K,119.162,0.115302,m3/kmol,1.1649,-380000000.0,J/kmol,-169000000.0,J/kmol,-3060000000.0,J/kmol,0.69135,0.25418,675.0,0.2857,252.15,675.0,kmol/m3,-0.352098,-4812.65,3.12105,6.61e-06,2.0,252.15,678.0,Pa,46085,-1304.5,21.195,-0.015382,3.31e-05,83.8,135,J/kmol/K,20786,0.0,0.0,0.0,0.0,50.0,1500,J/kmol/K,-99.903,1347.5,17.615,-0.00032893,2,84.1,150.0,Pa.s,-0.30397,-0.82999,-0.71462,-0.00039294,-1.22e-05,80.0,150.0,W/m/K,0.00013095,0.81923,-122.33,13993,90.0,2000,W/m/K,1.40201E+08,0.632751,0.350924,-0.633597,0.0584955,252.15,675,J/kmol
Diethylethanolamine,616.0,K,2650000.0,Pa,0.4231,m3/kmol,0.218914,434.15,K,117.189,0.132864,m3/kmol,0.512863,-257500000.0,J/kmol,-33230000.0,J/kmol,-4033380000.0,J/kmol,0.63795,0.25988,592.0,0.27186,253.0,592.0,kmol/m3,442.312,-22650.0,-64.3523,6.41e-05,2.0,253.0,592.0,Pa,46085,-1304.5,21.195,-0.015382,3.31e-05,83.8,135,J/kmol/K,20786,0.0,0.0,0.0,0.0,50.0,1500,J/kmol/K,-99.903,1347.5,17.615,-0.00032893,2,84.1,150.0,Pa.s,-0.30397,-0.82999,-0.71462,-0.00039294,-1.22e-05,80.0,150.0,W/m/K,0.00013095,0.81923,-122.33,13993,90.0,2000,W/m/K,6.44252E+07,-0.590881,4.02833,-5.58606,2.38869,253,592,J/kmol
Diisopropanolamine,672.0,K,3600000.0,Pa,0.454,m3/kmol,0.293,521.9,K,133.189,0.134763,m3/kmol,1.38914,-454000000.0,J/kmol,-215000000.0,J/kmol,-3820000000.0,J/kmol,0.54022,0.24621,672.0,0.22052,293.15,672.0,kmol/m3,339.329,-25911.0,-45.4246,2.23e-05,2.0,318.15,672.0,Pa,46085,-1304.5,21.195,-0.015382,3.31e-05,83.8,135,J/kmol/K,20786,0.0,0.0,0.0,0.0,50.0,1500,J/kmol/K,-99.903,1347.5,17.615,-0.00032893,2,84.1,150.0,Pa.s,-0.30397,-0.82999,-0.71462,-0.00039294,-1.22e-05,80.0,150.0,W/m/K,0.00013095,0.81923,-122.33,13993,90.0,2000,W/m/K,1.4113E+08,0.38119,1.0156,-1.8242,0.83437,318.15,672,J/kmol
Cyclobutane,459.93,K,4980000.0,Pa,0.21,m3/kmol,0.273,285.66,K,56.1063,0.0814243,m3/kmol,0.18474,28500000.0,J/kmol,112200000.0,J/kmol,-2567800000.0,J/kmol,1.40769,0.295395,459.93,0.248729,182.48,459.93,kmol/m3,60.7069,-4389.85,-6.08636,7.39e-06,2.0,182.48,459.93,Pa,46085,-1304.5,21.195,-0.015382,3.31e-05,83.8,135,J/kmol/K,20786,0.0,0.0,0.0,0.0,50.0,1500,J/kmol/K,-99.903,1347.5,17.615,-0.00032893,2,84.1,150.0,Pa.s,-0.30397,-0.82999,-0.71462,-0.00039294,-1.22e-05,80.0,150.0,W/m/K,0.00013095,0.81923,-122.33,13993,90.0,2000,W/m/K,3.34497E+07,0.35995,-0.0547115,0.0583309,-0.0233634,182.48,459.93,J/kmol
Isopropyl mercaptan,517.3,K,4750000.0,Pa,0.254,m3/kmol,0.281,325.75,K,76.1606,0.0941865,m3/kmol,0.21381,-75900000.0,J/kmol,-2180000.0,J/kmol,-2368400000.0,J/kmol,1.093,0.27762,517.0,0.29781,142.61,497.295,kmol/m3,52.494,-5018.81,-4.41415,1.97e-13,2.0,142.61,517.0,Pa,46085,-1304.5,21.195,-0.015382,3.31e-05,83.8,135,J/kmol/K,20786,0.0,0.0,0.0,0.0,50.0,1500,J/kmol/K,-99.903,1347.5,17.615,-0.00032893,2,84.1,150.0,Pa.s,-0.30397,-0.82999,-0.71462,-0.00039294,-1.22e-05,80.0,150.0,W/m/K,0.00013095,0.81923,-122.33,13993,90.0,2000,W/m/K,4.07186E+07,0.189905,0.420769,-0.0231137,-0.258009,142.61,517,J/kmol
Glycerol,850.0,K,6660000.0,Pa,0.264,m3/kmol,0.28,563.15,K,92.0938,0.0732027,m3/kmol,0.498767,-582800000.0,J/kmol,-447100000.0,J/kmol,-1477000000.0,J/kmol,0.933664,0.246209,850.0,0.220672,291.33,850.0,kmol/m3,99.5747,-13673.9,-10.07,1.23e-11,2.0,291.33,850.0,Pa,46085,-1304.5,21.195,-0.015382,3.31e-05,83.8,135,J/kmol/K,20786,0.0,0.0,0.0,0.0,50.0,1500,J/kmol/K,-99.903,1347.5,17.615,-0.00032893,2,84.1,150.0,Pa.s,-0.30397,-0.82999,-0.71462,-0.00039294,-1.22e-05,80.0,150.0,W/m/K,0.00013095,0.81923,-122.33,13993,90.0,2000,W/m/K,1.12324E+08,1.03267,-2.40171,3.40853,-1.53507,291.33,850,J/kmol
N-eicosane,767.0,K,1160000.0,Pa,1.19,m3/kmol,0.213,616.95,K,282.547,0.360385,m3/kmol,0.9065,-455760000.0,J/kmol,115700000.0,J/kmol,-12391900000.0,J/kmol,0.18166,0.23351,768.0,0.28571,309.58,768.0,kmol/m3,164.691,-17503.9,-19.7421,5.4e-06,2.0,309.58,768.0,Pa,46085,-1304.5,21.195,-0.015382,3.31e-05,83.8,135,J/kmol/K,20786,0.0,0.0,0.0,0.0,50.0,1500,J/kmol/K,-99.903,1347.5,17.615,-0.00032893,2,84.1,150.0,Pa.s,-0.30397,-0.82999,-0.71462,-0.00039294,-1.22e-05,80.0,150.0,W/m/K,0.00013095,0.81923,-122.33,13993,90.0,2000,W/m/K,1.286E+08,0.50351,0.32986,-0.42184,0,309.58,768,J/kmol
DiButyl Carbonate,669.1,K,2253350.0,Pa,0.58029,m3/kmol,0.235043,480.6,K,174.237,0.19285,m3/kmol,0.528755,-705450000.0,J/kmol,-415520000.0,J/kmol,-5175650000.0,J/kmol,,,,,,,,,,,,,,,,46085,-1304.5,21.195,-0.015382,3.31e-05,83.8,135,J/kmol/K,20786,0.0,0.0,0.0,0.0,50.0,1500,J/kmol/K,-99.903,1347.5,17.615,-0.00032893,2,84.1,150.0,Pa.s,-0.30397,-0.82999,-0.71462,-0.00039294,-1.22e-05,80.0,150.0,W/m/K,0.00013095,0.81923,-122.33,13993,90.0,2000,W/m/K,6.86616E+07,0.38,0,0,0,336.42,669.1,J/kmol
para-Hydrogen,32.938,K,1285800.0,Pa,0.0643578,m3/kmol,0.302164,20.271,K,2.01588,0.0284616,m3/kmol,-0.219,0.0,J/kmol,0.0,J/kmol,103304000.0,J/kmol,2.9613,0.25981,33.19,0.19104,13.8033,33.18,kmol/m3,,,,,,,,,46085,-1304.5,21.195,-0.015382,3.31e-05,83.8,135,J/kmol/K,20786,0.0,0.0,0.0,0.0,50.0,1500,J/kmol/K,-99.903,1347.5,17.615,-0.00032893,2,84.1,150.0,Pa.s,-0.30397,-0.82999,-0.71462,-0.00039294,-1.22e-05,80.0,150.0,W/m/K,0.00013095,0.81923,-122.33,13993,90.0,2000,W/m/K,,,,,,,,
ortho-Hydrogen,33.22,K,1310650.0,Pa,0.0647443,m3/kmol,0.307223,20.38,K,2.01588,0.0284472,m3/kmol,-0.216044,1046.2,J/kmol,0.0,J/kmol,103407000.0,J/kmol,2.9613,0.25981,33.19,0.19104,14.008,33.18,kmol/m3,,,,,,,,,46085,-1304.5,21.195,-0.015382,3.31e-05,83.8,135,J/kmol/K,20786,0.0,0.0,0.0,0.0,50.0,1500,J/kmol/K,-99.903,1347.5,17.615,-0.00032893,2,84.1,150.0,Pa.s,-0.30397,-0.82999,-0.71462,-0.00039294,-1.22e-05,80.0,150.0,W/m/K,0.00013095,0.81923,-122.33,13993,90.0,2000,W/m/K,,,,,,,,
"1,2-propylene glycol",624.15,K,6090000.0,Pa,0.237,m3/kmol,0.28,460.75,K,76.0944,0.0736939,m3/kmol,1.12724,-422000000.0,J/kmol,-304000000.0,J/kmol,-1440000000.0,J/kmol,1.0923,0.26106,626.0,0.20459,213.15,624.15,kmol/m3,0.0,-13312.7,71.5771,-0.10455,8.01298e-05,213.15,624.15,Pa,417440,-1616.5,5.3948,-0.004348,0.0,206.89,494,J/kmol/K,133732,-592.84,13.3975,4.30271e-05,-2.37e-08,206.9,1500,J/kmol/K,-15.868,1434.8,0.68071,0.0,0,206.89,443.75,Pa.s,0.20237,-0.00024187,0.0,0.0,0.0,206.89,443.75,W/m/K,2.7232e-05,1.257,751.7,0,443.75,1000,W/m/K,8.02E+07,0.33,-0.195,0.12,0.1,213.15,626,J/kmol
1-decene,616.6,K,2220000.0,Pa,0.584,m3/kmol,0.253,443.75,K,140.266,0.19,m3/kmol,0.480456,-122000000.0,J/kmol,123000000.0,J/kmol,-6180000000.0,J/kmol,0.43981,0.25661,616.6,0.29148,206.89,616.6,kmol/m3,68.401,-7776.9,-6.4637,6.38e-18,6.0,206.89,616.6,Pa,417440,-1616.5,5.3948,-0.004348,0.0,206.89,494,J/kmol/K,133732,-592.84,13.3975,4.30271e-05,-2.37e-08,206.9,1500,J/kmol/K,-15.868,1434.8,0.68071,0.0,0,206.89,443.75,Pa.s,0.20237,-0.00024187,0.0,0.0,0.0,206.89,443.75,W/m/K,2.7232e-05,1.257,751.7,0,443.75,1000,W/m/K,6.6985E+07,0.76944,-0.79975,0.42379,0.001,206.89,616.6,J/kmol
1-dodecene,657.1,K,1890000.0,Pa,0.725,m3/kmol,0.251,486.15,K,168.319,0.2228,m3/kmol,0.561971,-165000000.0,J/kmol,136000000.0,J/kmol,-7400000000.0,J/kmol,0.3393,0.246,657.1,0.28571,237.95,657.1,kmol/m3,82.022,-9485.6,-8.2517,4.98e-18,6.0,237.95,657.1,Pa,417440,-1616.5,5.3948,-0.004348,0.0,206.89,494,J/kmol/K,133732,-592.84,13.3975,4.30271e-05,-2.37e-08,206.9,1500,J/kmol/K,-15.868,1434.8,0.68071,0.0,0,206.89,443.75,Pa.s,0.20237,-0.00024187,0.0,0.0,0.0,206.89,443.75,W/m/K,2.7232e-05,1.257,751.7,0,443.75,1000,W/m/K,7.9393E+07,0.67288,-0.44972,0.17322,0.001,237.95,657.1,J/kmol
1-tetradecene,691.0,K,1630000.0,Pa,0.865,m3/kmol,0.245,524.25,K,196.372,0.2555,m3/kmol,0.650303,-207000000.0,J/kmol,155000000.0,J/kmol,-8610000000.0,J/kmol,0.27575,0.23859,691.0,0.28571,260.3,691.0,kmol/m3,94.725,-11178.0,-9.8951,4.13e-18,6.0,260.3,691.0,Pa,417440,-1616.5,5.3948,-0.004348,0.0,206.89,494,J/kmol/K,133732,-592.84,13.3975,4.30271e-05,-2.37e-08,206.9,1500,J/kmol/K,-15.868,1434.8,0.68071,0.0,0,206.89,443.75,Pa.s,0.20237,-0.00024187,0.0,0.0,0.0,206.89,443.75,W/m/K,2.7232e-05,1.257,751.7,0,443.75,1000,W/m/K,9.381E+07,0.69145,-0.34544,0.060946,0.001,260.3,691,J/kmol
1-hexadecene,717.039,K,1340000.0,Pa,1.008,m3/kmol,0.249,558.02,K,224.425,0.2872,m3/kmol,0.7213,-249000000.0,J/kmol,170000000.0,J/kmol,-9830000000.0,J/kmol,0.22922,0.23186,722.0,0.28571,277.51,722.0,kmol/m3,112.17,-13052.0,-12.238,4.7e-18,6.0,277.51,722.0,Pa,417440,-1616.5,5.3948,-0.004348,0.0,206.89,494,J/kmol/K,133732,-592.84,13.3975,4.30271e-05,-2.37e-08,206.9,1500,J/kmol/K,-15.868,1434.8,0.68071,0.0,0,206.89,443.75,Pa.s,0.20237,-0.00024187,0.0,0.0,0.0,206.89,443.75,W/m/K,2.7232e-05,1.257,751.7,0,443.75,1000,W/m/K,9.7029E+07,0.43657,0,0,0.0000001,277.51,722,J/kmol
1-octadecene,739.26,K,1140000.0,Pa,1.153,m3/kmol,0.248,587.97,K,252.478,0.322151,m3/kmol,0.8066,-290000000.0,J/kmol,186000000.0,J/kmol,-11100000000.0,J/kmol,0.19547,0.22718,748.0,0.28571,290.76,748.0,kmol/m3,134.11,-15367.0,-15.155,4.7e-18,6.0,290.76,748.0,Pa,417440,-1616.5,5.3948,-0.004348,0.0,206.89,494,J/kmol/K,133732,-592.84,13.3975,4.30271e-05,-2.37e-08,206.9,1500,J/kmol/K,-15.868,1434.8,0.68071,0.0,0,206.89,443.75,Pa.s,0.20237,-0.00024187,0.0,0.0,0.0,206.89,443.75,W/m/K,2.7232e-05,1.257,751.7,0,443.75,1000,W/m/K,1.0607E+08,0.44084,0,0,0.0000001,290.76,748,J/kmol
1-eicosene,765.4,K,1040000.0,Pa,1.16,m3/kmol,0.247,615.54,K,280.532,0.355564,m3/kmol,0.880365,-331000000.0,J/kmol,203000000.0,J/kmol,-12300000000.0,J/kmol,0.16984,0.22267,771.0,0.28571,301.76,771.0,kmol/m3,217.1,-20197.0,-27.463,9.5353e-06,2.0,301.76,771.0,Pa,417440,-1616.5,5.3948,-0.004348,0.0,206.89,494,J/kmol/K,133732,-592.84,13.3975,4.30271e-05,-2.37e-08,206.9,1500,J/kmol/K,-15.868,1434.8,0.68071,0.0,0,206.89,443.75,Pa.s,0.20237,-0.00024187,0.0,0.0,0.0,206.89,443.75,W/m/K,2.7232e-05,1.257,751.7,0,443.75,1000,W/m/K,1.1647E+08,0.44687,0,0,0.0000001,301.76,771,J/kmol
Bisphenol a,865.966,K,3550000.0,Pa,0.677,m3/kmol,0.281,633.65,K,228.286,0.215366,m3/kmol,0.945495,-246000000.0,J/kmol,44200000.0,J/kmol,-7590000000.0,J/kmol,0.3773,0.25331,849.0,0.2671,430.15,849.0,kmol/m3,200.96,-24713.0,-23.329,1.03e-18,6.0,430.15,849.0,Pa,417440,-1616.5,5.3948,-0.004348,0.0,206.89,494,J/kmol/K,133732,-592.84,13.3975,4.30271e-05,-2.37e-08,206.9,1500,J/kmol/K,-15.868,1434.8,0.68071,0.0,0,206.89,443.75,Pa.s,0.20237,-0.00024187,0.0,0.0,0.0,206.89,443.75,W/m/K,2.7232e-05,1.257,751.7,0,443.75,1000,W/m/K,1.9549E+08,0.6524,0,0,0,430.15,849,J/kmol
P-isopropenyl phenol,742.7,K,3940000.0,Pa,0.369,m3/kmol,0.235,513.7,K,134.175,0.111,m3/kmol,0.523631,-65900000.0,J/kmol,51700000.0,J/kmol,-4610000000.0,J/kmol,0.63735,0.23532,742.7,0.28571,356.65,742.7,kmol/m3,91.101,-11172.0,-9.2721,2.49e-18,6.0,356.65,742.7,Pa,417440,-1616.5,5.3948,-0.004348,0.0,206.89,494,J/kmol/K,133732,-592.84,13.3975,4.30271e-05,-2.37e-08,206.9,1500,J/kmol/K,-15.868,1434.8,0.68071,0.0,0,206.89,443.75,Pa.s,0.20237,-0.00024187,0.0,0.0,0.0,206.89,443.75,W/m/K,2.7232e-05,1.257,751.7,0,443.75,1000,W/m/K,8.0445E+07,0.11055,0.5758,-0.30611,0,356.65,742.7,J/kmol
2-methyl-1-nonene,620.915,K,2100000.0,Pa,0.57212,m3/kmol,0.232747,441.56,K,140.266,0.18982,m3/kmol,0.395287,47500000.0,J/kmol,108000000.0,J/kmol,-6410000000.0,J/kmol,,,,,,,,,,,,,,,,417440,-1616.5,5.3948,-0.004348,0.0,206.89,494,J/kmol/K,133732,-592.84,13.3975,4.30271e-05,-2.37e-08,206.9,1500,J/kmol/K,-15.868,1434.8,0.68071,0.0,0,206.89,443.75,Pa.s,0.20237,-0.00024187,0.0,0.0,0.0,206.89,443.75,W/m/K,2.7232e-05,1.257,751.7,0,443.75,1000,W/m/K,,,,,,,,
2-methyl-1-undecene,657.914,K,1780000.0,Pa,0.68364,m3/kmol,0.222289,484.75,K,168.319,0.22264,m3/kmol,0.512534,6190000.0,J/kmol,125000000.0,J/kmol,-7640000000.0,J/kmol,,,,,,,,,,,,,,,,417440,-1616.5,5.3948,-0.004348,0.0,206.89,494,J/kmol/K,133732,-592.84,13.3975,4.30271e-05,-2.37e-08,206.9,1500,J/kmol/K,-15.868,1434.8,0.68071,0.0,0,206.89,443.75,Pa.s,0.20237,-0.00024187,0.0,0.0,0.0,206.89,443.75,W/m/K,2.7232e-05,1.257,751.7,0,443.75,1000,W/m/K,,,,,,,,
2-methyl-1-tridecene,688.623,K,1530000.0,Pa,0.79516,m3/kmol,0.2125,523.152,K,196.372,0.25546,m3/kmol,0.642577,-35100000.0,J/kmol,142000000.0,J/kmol,-8870000000.0,J/kmol,,,,,,,,,,,,,,,,417440,-1616.5,5.3948,-0.004348,0.0,206.89,494,J/kmol/K,133732,-592.84,13.3975,4.30271e-05,-2.37e-08,206.9,1500,J/kmol/K,-15.868,1434.8,0.68071,0.0,0,206.89,443.75,Pa.s,0.20237,-0.00024187,0.0,0.0,0.0,206.89,443.75,W/m/K,2.7232e-05,1.257,751.7,0,443.75,1000,W/m/K,,,,,,,,
2-methyl-1-pentadecene,714.872,K,1330000.0,Pa,0.90668,m3/kmol,0.203491,557.15,K,224.425,0.28828,m3/kmol,0.725476,-76500000.0,J/kmol,159000000.0,J/kmol,-10100000000.0,J/kmol,,,,,,,,,,,,,,,,417440,-1616.5,5.3948,-0.004348,0.0,206.89,494,J/kmol/K,133732,-592.84,13.3975,4.30271e-05,-2.37e-08,206.9,1500,J/kmol/K,-15.868,1434.8,0.68071,0.0,0,206.89,443.75,Pa.s,0.20237,-0.00024187,0.0,0.0,0.0,206.89,443.75,W/m/K,2.7232e-05,1.257,751.7,0,443.75,1000,W/m/K,,,,,,,,
2-methyl-1-heptadecene,737.794,K,1180000.0,Pa,1.0182,m3/kmol,0.19529,588.15,K,252.478,0.3211,m3/kmol,0.816885,-118000000.0,J/kmol,176000000.0,J/kmol,-11300000000.0,J/kmol,,,,,,,,,,,,,,,,417440,-1616.5,5.3948,-0.004348,0.0,206.89,494,J/kmol/K,133732,-592.84,13.3975,4.30271e-05,-2.37e-08,206.9,1500,J/kmol/K,-15.868,1434.8,0.68071,0.0,0,206.89,443.75,Pa.s,0.20237,-0.00024187,0.0,0.0,0.0,206.89,443.75,W/m/K,2.7232e-05,1.257,751.7,0,443.75,1000,W/m/K,,,,,,,,
2-methyl-1-nonadecene,758.139,K,1050000.0,Pa,1.12972,m3/kmol,0.187871,615.151,K,280.532,0.35392,m3/kmol,0.879882,-159000000.0,J/kmol,194000000.0,J/kmol,-12600000000.0,J/kmol,,,,,,,,,,,,,,,,417440,-1616.5,5.3948,-0.004348,0.0,206.89,494,J/kmol/K,133732,-592.84,13.3975,4.30271e-05,-2.37e-08,206.9,1500,J/kmol/K,-15.868,1434.8,0.68071,0.0,0,206.89,443.75,Pa.s,0.20237,-0.00024187,0.0,0.0,0.0,206.89,443.75,W/m/K,2.7232e-05,1.257,751.7,0,443.75,1000,W/m/K,,,,,,,,
Ethyl benzoate,698.0,K,3180000.0,Pa,0.489,m3/kmol,0.268,485.15,K,150.175,0.14409,m3/kmol,0.477055,-326000000.0,J/kmol,-191000000.0,J/kmol,-4410000000.0,J/kmol,0.48864,0.23894,698.0,0.28421,238.45,698.0,kmol/m3,52.923,-7531.7,-4.2347,1.1835e-06,2.0,238.45,698.0,Pa,417440,-1616.5,5.3948,-0.004348,0.0,206.89,494,J/kmol/K,133732,-592.84,13.3975,4.30271e-05,-2.37e-08,206.9,1500,J/kmol/K,-15.868,1434.8,0.68071,0.0,0,206.89,443.75,Pa.s,0.20237,-0.00024187,0.0,0.0,0.0,206.89,443.75,W/m/K,2.7232e-05,1.257,751.7,0,443.75,1000,W/m/K,6.7093E+07,0.33273,0,0,0,238.45,698,J/kmol
Methyl salicylate,709.0,K,2500000.0,Pa,0.41,m3/kmol,0.284,496.35,K,152.147,0.129335,m3/kmol,0.367548,-467000000.0,J/kmol,-339000000.0,J/kmol,-3580000000.0,J/kmol,0.64048,0.26242,709.0,0.27235,265.15,709.0,kmol/m3,668.85,-32079.0,-103.42,0.099367,1.0,265.15,709.0,Pa,417440,-1616.5,5.3948,-0.004348,0.0,206.89,494,J/kmol/K,133732,-592.84,13.3975,4.30271e-05,-2.37e-08,206.9,1500,J/kmol/K,-15.868,1434.8,0.68071,0.0,0,206.89,443.75,Pa.s,0.20237,-0.00024187,0.0,0.0,0.0,206.89,443.75,W/m/K,2.7232e-05,1.257,751.7,0,443.75,1000,W/m/K,7.514E+07,0.38075,0,0,0,265.15,709,J/kmol
Phenyl acetate,687.1,K,3590000.0,Pa,0.406,m3/kmol,0.255,468.85,K,136.148,0.127,m3/kmol,0.416026,-280000000.0,J/kmol,-177000000.0,J/kmol,-3760000000.0,J/kmol,0.62788,0.255,687.1,0.28571,251.3,687.1,kmol/m3,91.296,-10074.0,-9.4831,3.87e-18,6.0,251.3,687.1,Pa,417440,-1616.5,5.3948,-0.004348,0.0,206.89,494,J/kmol/K,133732,-592.84,13.3975,4.30271e-05,-2.37e-08,206.9,1500,J/kmol/K,-15.868,1434.8,0.68071,0.0,0,206.89,443.75,Pa.s,0.20237,-0.00024187,0.0,0.0,0.0,206.89,443.75,W/m/K,2.7232e-05,1.257,751.7,0,443.75,1000,W/m/K,7.7198E+07,0.31109,0.39189,-0.26506,0,251.3,687.1,J/kmol
Isopropylamine,471.85,K,4540000.0,Pa,0.221,m3/kmol,0.256,305.55,K,59.1103,0.0864293,m3/kmol,0.275913,-83800000.0,J/kmol,31900000.0,J/kmol,-2160000000.0,J/kmol,1.2801,0.2828,471.85,0.2972,177.95,471.85,kmol/m3,136.66,-7201.5,-18.934,0.022255,1.0,177.95,471.85,Pa,417440,-1616.5,5.3948,-0.004348,0.0,206.89,494,J/kmol/K,133732,-592.84,13.3975,4.30271e-05,-2.37e-08,206.9,1500,J/kmol/K,-15.868,1434.8,0.68071,0.0,0,206.89,443.75,Pa.s,0.20237,-0.00024187,0.0,0.0,0.0,206.89,443.75,W/m/K,2.7232e-05,1.257,751.7,0,443.75,1000,W/m/K,4.4041E+07,0.43325,0,0,0,177.95,471.85,J/kmol
Phenetole,647.15,K,3420000.0,Pa,0.39,m3/kmol,0.248,443.15,K,122.164,0.127193,m3/kmol,0.417851,-102000000.0,J/kmol,17500000.0,J/kmol,-4200000000.0,J/kmol,0.66871,0.26079,647.15,0.2947,243.63,647.15,kmol/m3,78.171,-8431.4,-7.8226,7.39e-18,6.0,243.63,647.15,Pa,417440,-1616.5,5.3948,-0.004348,0.0,206.89,494,J/kmol/K,133732,-592.84,13.3975,4.30271e-05,-2.37e-08,206.9,1500,J/kmol/K,-15.868,1434.8,0.68071,0.0,0,206.89,443.75,Pa.s,0.20237,-0.00024187,0.0,0.0,0.0,206.89,443.75,W/m/K,2.7232e-05,1.257,751.7,0,443.75,1000,W/m/K,6.4337E+07,0.38935,0,0,0,243.63,647.15,J/kmol
Methane-diol,730.0,K,8500000.0,Pa,0.14,m3/kmol,0.19606,407.716,K,48.0413,0.055908,m3/kmol,0.06,-392000000.0,J/kmol,-302000000.0,J/kmol,-1050000000.0,J/kmol,1.3106,0.25084,720.0,0.21838,260.15,695.8,kmol/m3,,,,,,,,,417440,-1616.5,5.3948,-0.004348,0.0,206.89,494,J/kmol/K,133732,-592.84,13.3975,4.30271e-05,-2.37e-08,206.9,1500,J/kmol/K,-15.868,1434.8,0.68071,0.0,0,206.89,443.75,Pa.s,0.20237,-0.00024187,0.0,0.0,0.0,206.89,443.75,W/m/K,2.7232e-05,1.257,751.7,0,443.75,1000,W/m/K,7.414E+07,0.16807,-0.19694,1.0417,-0.61488,260.15,695.8,J/kmol
"Ethane-1,1-diol",719.0,K,8200000.0,Pa,0.191,m3/kmol,0.262,419.15,K,62.0678,0.055908,m3/kmol,0.120878,-392000000.0,J/kmol,-302000000.0,J/kmol,-1050000000.0,J/kmol,1.3106,0.25084,720.0,0.21838,260.15,695.8,kmol/m3,,,,,,,,,417440,-1616.5,5.3948,-0.004348,0.0,206.89,494,J/kmol/K,133732,-592.84,13.3975,4.30271e-05,-2.37e-08,206.9,1500,J/kmol/K,-15.868,1434.8,0.68071,0.0,0,206.89,443.75,Pa.s,0.20237,-0.00024187,0.0,0.0,0.0,206.89,443.75,W/m/K,2.7232e-05,1.257,751.7,0,443.75,1000,W/m/K,7.414E+07,0.16807,-0.19694,1.0417,-0.61488,260.15,695.8,J/kmol
2-ethoxyethanol,585.0,K,4240000.0,Pa,0.294,m3/kmol,0.264,408.75,K,90.121,0.0973089,m3/kmol,0.607757,-400000000.0,J/kmol,-256000000.0,J/kmol,-2340000000.0,J/kmol,0.92023,0.27054,569.0,0.22571,214.15,569.0,kmol/m3,220.72,-13517.0,-30.062,2.7835e-05,2.0,214.15,569.0,Pa,417440,-1616.5,5.3948,-0.004348,0.0,206.89,494,J/kmol/K,133732,-592.84,13.3975,4.30271e-05,-2.37e-08,206.9,1500,J/kmol/K,-15.868,1434.8,0.68071,0.0,0,206.89,443.75,Pa.s,0.20237,-0.00024187,0.0,0.0,0.0,206.89,443.75,W/m/K,2.7232e-05,1.257,751.7,0,443.75,1000,W/m/K,6.3904E+07,0.37937,0,0,0,214.15,569,J/kmol
2-chloroethanol,585.0,K,5920000.0,Pa,0.212,m3/kmol,0.258,401.95,K,80.5135,0.0673112,m3/kmol,0.657799,-258000000.0,J/kmol,-193000000.0,J/kmol,-1080000000.0,J/kmol,1.234,0.2616,585.0,0.21893,205.65,585.0,kmol/m3,38.367,-6060.1,-1.9621,2.19e-18,6.0,205.65,585.0,Pa,417440,-1616.5,5.3948,-0.004348,0.0,206.89,494,J/kmol/K,133732,-592.84,13.3975,4.30271e-05,-2.37e-08,206.9,1500,J/kmol/K,-15.868,1434.8,0.68071,0.0,0,206.89,443.75,Pa.s,0.20237,-0.00024187,0.0,0.0,0.0,206.89,443.75,W/m/K,2.7232e-05,1.257,751.7,0,443.75,1000,W/m/K,5.34E+07,0.2139,0,0,0,205.65,585,J/kmol
Diethylene glycol diethyl ether,624.0,K,2370000.0,Pa,0.528,m3/kmol,0.255,462.15,K,162.227,0.179481,m3/kmol,0.680674,-580000000.0,J/kmol,-299000000.0,J/kmol,-4690000000.0,J/kmol,0.4568,0.25504,624.0,0.2857,228.85,624.0,kmol/m3,76.489,-8582.5,-7.6847,3.6009e-06,2.0,228.85,624.0,Pa,417440,-1616.5,5.3948,-0.004348,0.0,206.89,494,J/kmol/K,133732,-592.84,13.3975,4.30271e-05,-2.37e-08,206.9,1500,J/kmol/K,-15.868,1434.8,0.68071,0.0,0,206.89,443.75,Pa.s,0.20237,-0.00024187,0.0,0.0,0.0,206.89,443.75,W/m/K,2.7232e-05,1.257,751.7,0,443.75,1000,W/m/K,7.4754E+07,0.38001,0,0,0,228.85,624,J/kmol
Mercury,1735.0,K,161000000.0,Pa,0.0563455,m3/kmol,0.39,629.73,K,200.59,0.0148607,m3/kmol,-0.16445,61300000.0,J/kmol,31800000.0,J/kmol,,,11.641,0.40708,1735.0,0.25997,234.29,1735.0,kmol/m3,30.951,-7717.0,-1.1296,2.69e-07,2.0,234.29,1735.0,Pa,417440,-1616.5,5.3948,-0.004348,0.0,206.89,494,J/kmol/K,133732,-592.84,13.3975,4.30271e-05,-2.37e-08,206.9,1500,J/kmol/K,-15.868,1434.8,0.68071,0.0,0,206.89,443.75,Pa.s,0.20237,-0.00024187,0.0,0.0,0.0,206.89,443.75,W/m/K,2.7232e-05,1.257,751.7,0,443.75,1000,W/m/K,7.0266E+07,0.37994,0,0,0,234.29,1735,J/kmol
Diphenyl ether,767.15,K,3120000.0,Pa,0.545,m3/kmol,0.243,531.46,K,170.207,0.159621,m3/kmol,0.43889,42300000.0,J/kmol,175000000.0,J/kmol,-5890000000.0,J/kmol,0.52133,0.26218,766.8,0.31033,300.03,766.8,kmol/m3,59.969,-8585.5,-5.1538,2e-18,6.0,300.03,766.8,Pa,417440,-1616.5,5.3948,-0.004348,0.0,206.89,494,J/kmol/K,133732,-592.84,13.3975,4.30271e-05,-2.37e-08,206.9,1500,J/kmol/K,-15.868,1434.8,0.68071,0.0,0,206.89,443.75,Pa.s,0.20237,-0.00024187,0.0,0.0,0.0,206.89,443.75,W/m/K,2.7232e-05,1.257,751.7,0,443.75,1000,W/m/K,6.8243E+07,0.30877,0,0,0,300.03,766.8,J/kmol
t-Cinnamaldehyde,711.727,K,3520000.0,Pa,0.42801,m3/kmol,0.254333,490.028,K,132.159,0.1293,m3/kmol,0.536999,41900000.0,J/kmol,119000000.0,J/kmol,-4550000000.0,J/kmol,,,,,,,,-8.87565,2.57417,-4.73059,-4.15915,3520000.0,343.019,711.727,Pa,417440,-1616.5,5.3948,-0.004348,0.0,206.89,494,J/kmol/K,133732,-592.84,13.3975,4.30271e-05,-2.37e-08,206.9,1500,J/kmol/K,-15.868,1434.8,0.68071,0.0,0,206.89,443.75,Pa.s,0.20237,-0.00024187,0.0,0.0,0.0,206.89,443.75,W/m/K,2.7232e-05,1.257,751.7,0,443.75,1000,W/m/K,7.27846E+07,0.38,0,0,0,343.019,711.727,J/kmol
t-Cinnamic acid,797.0,K,3540000.0,Pa,0.431,m3/kmol,0.23,573.15,K,148.159,0.138743,m3/kmol,0.712052,-231000000.0,J/kmol,-126000000.0,J/kmol,-4300000000.0,J/kmol,0.58525,0.25224,797.0,0.27352,406.15,797.0,kmol/m3,17.8914,-14237.8,53.7326,-0.0412193,1.89776e-05,406.15,797.0,Pa,417440,-1616.5,5.3948,-0.004348,0.0,206.89,494,J/kmol/K,133732,-592.84,13.3975,4.30271e-05,-2.37e-08,206.9,1500,J/kmol/K,-15.868,1434.8,0.68071,0.0,0,206.89,443.75,Pa.s,0.20237,-0.00024187,0.0,0.0,0.0,206.89,443.75,W/m/K,2.7232e-05,1.257,751.7,0,443.75,1000,W/m/K,-16.9841,-5.76573,18.6817,0.0000314317,-0.0000022202,406.15,797,J/kmol
3-phenyl-1-propanol,694.0,K,3430000.0,Pa,0.44,m3/kmol,0.262,507.15,K,136.191,0.136954,m3/kmol,0.803271,-156000000.0,J/kmol,-9490000.0,J/kmol,-4780000000.0,J/kmol,0.57712,0.25399,694.0,0.28571,255.15,694.0,kmol/m3,60.035,-9386.0,-4.822,7.23e-19,6.0,255.0,694.0,Pa,417440,-1616.5,5.3948,-0.004348,0.0,206.89,494,J/kmol/K,133732,-592.84,13.3975,4.30271e-05,-2.37e-08,206.9,1500,J/kmol/K,-15.868,1434.8,0.68071,0.0,0,206.89,443.75,Pa.s,0.20237,-0.00024187,0.0,0.0,0.0,206.89,443.75,W/m/K,2.7232e-05,1.257,751.7,0,443.75,1000,W/m/K,7.8917E+07,0.28536,0,0,0,255.15,694,J/kmol
Benzaldehyde,695.0,K,4650000.0,Pa,0.324,m3/kmol,0.261,452.05,K,106.122,0.101894,m3/kmol,0.312737,-37000000.0,J/kmol,22400000.0,J/kmol,-3390000000.0,J/kmol,0.79368,0.25711,695.0,0.28673,216.02,695.0,kmol/m3,116.28,-9331.2,-14.639,0.011932,1.0,216.02,695.0,Pa,417440,-1616.5,5.3948,-0.004348,0.0,206.89,494,J/kmol/K,133732,-592.84,13.3975,4.30271e-05,-2.37e-08,206.9,1500,J/kmol/K,-15.868,1434.8,0.68071,0.0,0,206.89,443.75,Pa.s,0.20237,-0.00024187,0.0,0.0,0.0,206.89,443.75,W/m/K,2.7232e-05,1.257,751.7,0,443.75,1000,W/m/K,6.1943E+07,0.38194,0,0,0,216.02,695,J/kmol
Benzyl alcohol,720.15,K,4370000.0,Pa,0.382,m3/kmol,0.279,478.6,K,108.138,0.1039,m3/kmol,0.363116,-90300000.0,J/kmol,-2540000.0,J/kmol,-3560000000.0,J/kmol,0.59867,0.22849,720.15,0.23567,257.85,720.15,kmol/m3,100.68,-11059.0,-10.709,3.06e-18,6.0,257.85,720.15,Pa,417440,-1616.5,5.3948,-0.004348,0.0,206.89,494,J/kmol/K,133732,-592.84,13.3975,4.30271e-05,-2.37e-08,206.9,1500,J/kmol/K,-15.868,1434.8,0.68071,0.0,0,206.89,443.75,Pa.s,0.20237,-0.00024187,0.0,0.0,0.0,206.89,443.75,W/m/K,2.7232e-05,1.257,751.7,0,443.75,1000,W/m/K,8.4762E+07,0.35251,0.43853,-0.3026,0,257.85,720.15,J/kmol
Benzoic acid,751.0,K,4470000.0,Pa,0.344,m3/kmol,0.246,523.15,K,122.121,0.112442,m3/kmol,0.602794,-290000000.0,J/kmol,-214000000.0,J/kmol,-3100000000.0,J/kmol,0.71587,0.24812,751.0,0.2857,395.45,751.0,kmol/m3,88.513,-11829.0,-8.6826,2.32e-19,6.0,395.45,751.0,Pa,417440,-1616.5,5.3948,-0.004348,0.0,206.89,494,J/kmol/K,133732,-592.84,13.3975,4.30271e-05,-2.37e-08,206.9,1500,J/kmol/K,-15.868,1434.8,0.68071,0.0,0,206.89,443.75,Pa.s,0.20237,-0.00024187,0.0,0.0,0.0,206.89,443.75,W/m/K,2.7232e-05,1.257,751.7,0,443.75,1000,W/m/K,1.019E+08,0.478,0,0,0,395.45,751,J/kmol
Benzoyl peroxide,884.0,K,2570000.0,Pa,0.643,m3/kmol,0.251,669.0,K,242.227,0.22075,m3/kmol,0.913587,-296000000.0,J/kmol,-109000000.0,J/kmol,-6350000000.0,J/kmol,0.34966,0.25092,884.0,0.28571,378.0,884.0,kmol/m3,120.31,-17463.0,-12.726,1.14e-18,6.0,378.0,884.0,Pa,417440,-1616.5,5.3948,-0.004348,0.0,206.89,494,J/kmol/K,133732,-592.84,13.3975,4.30271e-05,-2.37e-08,206.9,1500,J/kmol/K,-15.868,1434.8,0.68071,0.0,0,206.89,443.75,Pa.s,0.20237,-0.00024187,0.0,0.0,0.0,206.89,443.75,W/m/K,2.7232e-05,1.257,751.7,0,443.75,1000,W/m/K,1.2863E+08,0.3884,0,0,0,378,884,J/kmol
1-Naphthalenemethanol,783.151,K,3420000.0,Pa,0.51036,m3/kmol,0.267745,553.165,K,158.197,0.13777,m3/kmol,0.762701,-27600000.0,J/kmol,95300000.0,J/kmol,-5510000000.0,J/kmol,,,,,,,,-10.2646,3.61693,-7.34356,-4.88764,3420000.0,387.215,783.151,Pa,417440,-1616.5,5.3948,-0.004348,0.0,206.89,494,J/kmol/K,133732,-592.84,13.3975,4.30271e-05,-2.37e-08,206.9,1500,J/kmol/K,-15.868,1434.8,0.68071,0.0,0,206.89,443.75,Pa.s,0.20237,-0.00024187,0.0,0.0,0.0,206.89,443.75,W/m/K,2.7232e-05,1.257,751.7,0,443.75,1000,W/m/K,8.96835E+07,0.38,0,0,0,387.215,783.151,J/kmol
"2,3-xylenol",722.85,K,4860000.0,Pa,0.47,m3/kmol,0.293,491.15,K,122.164,0.129686,m3/kmol,0.515728,-157000000.0,J/kmol,-33600000.0,J/kmol,-4120000000.0,J/kmol,0.81519,0.293,722.95,0.28571,345.71,722.95,kmol/m3,126.69,-11755.0,-14.992,7.0404e-06,2.0,345.71,722.95,Pa,417440,-1616.5,5.3948,-0.004348,0.0,206.89,494,J/kmol/K,133732,-592.84,13.3975,4.30271e-05,-2.37e-08,206.9,1500,J/kmol/K,-15.868,1434.8,0.68071,0.0,0,206.89,443.75,Pa.s,0.20237,-0.00024187,0.0,0.0,0.0,206.89,443.75,W/m/K,2.7232e-05,1.257,751.7,0,443.75,1000,W/m/K,7.2027E+07,0.34194,0,0,0,345.71,722.95,J/kmol
"2,4-xylenol",707.55,K,4360000.0,Pa,0.51,m3/kmol,0.292,484.08,K,122.164,0.120404,m3/kmol,0.513603,-163000000.0,J/kmol,-42600000.0,J/kmol,-4130000000.0,J/kmol,0.66896,0.26089,707.65,0.24477,297.68,707.65,kmol/m3,144.36,-12558.0,-17.611,8.4952e-06,2.0,297.68,707.65,Pa,417440,-1616.5,5.3948,-0.004348,0.0,206.89,494,J/kmol/K,133732,-592.84,13.3975,4.30271e-05,-2.37e-08,206.9,1500,J/kmol/K,-15.868,1434.8,0.68071,0.0,0,206.89,443.75,Pa.s,0.20237,-0.00024187,0.0,0.0,0.0,206.89,443.75,W/m/K,2.7232e-05,1.257,751.7,0,443.75,1000,W/m/K,8.0833E+07,0.44936,0,0,0,297.68,707.65,J/kmol
"2,5-xylenol",723.05,K,4860000.0,Pa,0.47,m3/kmol,0.292,484.28,K,122.164,0.126283,m3/kmol,0.563781,-162000000.0,J/kmol,-39700000.0,J/kmol,-4110000000.0,J/kmol,0.84077,0.29425,707.05,0.26921,347.99,707.05,kmol/m3,62.262,-8580.0,-5.3452,2.82e-18,6.0,347.99,707.05,Pa,417440,-1616.5,5.3948,-0.004348,0.0,206.89,494,J/kmol/K,133732,-592.84,13.3975,4.30271e-05,-2.37e-08,206.9,1500,J/kmol/K,-15.868,1434.8,0.68071,0.0,0,206.89,443.75,Pa.s,0.20237,-0.00024187,0.0,0.0,0.0,206.89,443.75,W/m/K,2.7232e-05,1.257,751.7,0,443.75,1000,W/m/K,6.9307E+07,0.30748,0,0,0,347.99,707.05,J/kmol
"2,6-xylenol",700.95,K,4260000.0,Pa,0.52,m3/kmol,0.288,474.18,K,122.164,0.137056,m3/kmol,0.455406,-162000000.0,J/kmol,-39000000.0,J/kmol,-4120000000.0,J/kmol,0.73771,0.288,701.05,0.28571,318.76,701.05,kmol/m3,129.33,-11290.0,-15.546,7.9759e-06,2.0,318.76,701.05,Pa,417440,-1616.5,5.3948,-0.004348,0.0,206.89,494,J/kmol/K,133732,-592.84,13.3975,4.30271e-05,-2.37e-08,206.9,1500,J/kmol/K,-15.868,1434.8,0.68071,0.0,0,206.89,443.75,Pa.s,0.20237,-0.00024187,0.0,0.0,0.0,206.89,443.75,W/m/K,2.7232e-05,1.257,751.7,0,443.75,1000,W/m/K,6.7822E+07,0.35526,0,0,0,318.76,701.05,J/kmol
"3,4-xylenol",729.85,K,4960000.0,Pa,0.46,m3/kmol,0.288,500.1,K,122.164,0.123166,m3/kmol,0.576317,-157000000.0,J/kmol,-34300000.0,J/kmol,-4110000000.0,J/kmol,0.83592,0.29255,729.95,0.26174,338.25,729.95,kmol/m3,139.88,-12871.0,-16.82,7.6585e-06,2.0,338.25,729.95,Pa,417440,-1616.5,5.3948,-0.004348,0.0,206.89,494,J/kmol/K,133732,-592.84,13.3975,4.30271e-05,-2.37e-08,206.9,1500,J/kmol/K,-15.868,1434.8,0.68071,0.0,0,206.89,443.75,Pa.s,0.20237,-0.00024187,0.0,0.0,0.0,206.89,443.75,W/m/K,2.7232e-05,1.257,751.7,0,443.75,1000,W/m/K,7.7875E+07,0.35219,0,0,0,338.25,729.95,J/kmol
"3,5-xylenol",715.55,K,3600000.0,Pa,0.61,m3/kmol,0.29,494.84,K,122.164,0.12472,m3/kmol,0.48521,-162000000.0,J/kmol,-39400000.0,J/kmol,-4110000000.0,J/kmol,0.4452,0.21369,715.65,0.2132,336.59,715.65,kmol/m3,108.68,-11822.0,-11.82,4.73e-18,6.0,336.59,715.65,Pa,417440,-1616.5,5.3948,-0.004348,0.0,206.89,494,J/kmol/K,133732,-592.84,13.3975,4.30271e-05,-2.37e-08,206.9,1500,J/kmol/K,-15.868,1434.8,0.68071,0.0,0,206.89,443.75,Pa.s,0.20237,-0.00024187,0.0,0.0,0.0,206.89,443.75,W/m/K,2.7232e-05,1.257,751.7,0,443.75,1000,W/m/K,8.8437E+07,0.4886,0,0,0,336.59,715.65,J/kmol
Mesitol,735.525,K,3770000.0,Pa,0.42249,m3/kmol,0.260357,493.2,K,136.191,,,0.359154,0.0,J/kmol,,,,,,,,,,,,,,,,,,,,417440,-1616.5,5.3948,-0.004348,0.0,206.89,494,J/kmol/K,133732,-592.84,13.3975,4.30271e-05,-2.37e-08,206.9,1500,J/kmol/K,-15.868,1434.8,0.68071,0.0,0,206.89,443.75,Pa.s,0.20237,-0.00024187,0.0,0.0,0.0,206.89,443.75,W/m/K,2.7232e-05,1.257,751.7,0,443.75,1000,W/m/K,,,,,,,,
P-cumylphenol,834.0,K,2680000.0,Pa,0.659,m3/kmol,0.29,608.15,K,212.287,0.202977,m3/kmol,0.688847,-64500000.0,J/kmol,146000000.0,J/kmol,-7670000000.0,J/kmol,0.33711,0.23698,834.0,0.27507,346.3,834.0,kmol/m3,139.55,-15563.0,-16.255,4.7617e-06,2.0,346.3,834.0,Pa,417440,-1616.5,5.3948,-0.004348,0.0,206.89,494,J/kmol/K,133732,-592.84,13.3975,4.30271e-05,-2.37e-08,206.9,1500,J/kmol/K,-15.868,1434.8,0.68071,0.0,0,206.89,443.75,Pa.s,0.20237,-0.00024187,0.0,0.0,0.0,206.89,443.75,W/m/K,2.7232e-05,1.257,751.7,0,443.75,1000,W/m/K,1.0203E+08,0.37931,0,0,0,346.3,834,J/kmol
"O,p-bisphenol a",849.1,K,2930000.0,Pa,0.676,m3/kmol,0.28,633.7,K,228.286,0.2314,m3/kmol,0.93202,-144000000.0,J/kmol,121000000.0,J/kmol,-7530000000.0,J/kmol,0.41435,0.28,849.1,0.28571,384.15,849.1,kmol/m3,242.77,-27771.0,-29.074,2.42e-18,6.0,384.15,849.1,Pa,417440,-1616.5,5.3948,-0.004348,0.0,206.89,494,J/kmol/K,133732,-592.84,13.3975,4.30271e-05,-2.37e-08,206.9,1500,J/kmol/K,-15.868,1434.8,0.68071,0.0,0,206.89,443.75,Pa.s,0.20237,-0.00024187,0.0,0.0,0.0,206.89,443.75,W/m/K,2.7232e-05,1.257,751.7,0,443.75,1000,W/m/K,1.9497E+08,0.14348,1.3583,-0.89398,0,384.15,849.1,J/kmol
Hydrogen peroxide,730.15,K,21700000.0,Pa,0.0777,m3/kmol,0.278,423.35,K,34.0147,0.0235765,m3/kmol,0.358233,-136000000.0,J/kmol,-106000000.0,J/kmol,-53700000.0,J/kmol,3.2151,0.24982,730.15,0.2877,272.74,730.15,kmol/m3,112.63,-9455.5,-13.826,0.01147,1.0,272.74,730.15,Pa,417440,-1616.5,5.3948,-0.004348,0.0,206.89,494,J/kmol/K,133732,-592.84,13.3975,4.30271e-05,-2.37e-08,206.9,1500,J/kmol/K,-15.868,1434.8,0.68071,0.0,0,206.89,443.75,Pa.s,0.20237,-0.00024187,0.0,0.0,0.0,206.89,443.75,W/m/K,2.7232e-05,1.257,751.7,0,443.75,1000,W/m/K,6.1522E+07,0.3201,0,0,0,272.74,730.15,J/kmol
Cumene hydroperoxide,652.394,K,3340000.0,Pa,0.463,m3/kmol,0.278,442.7,K,152.19,0.145892,m3/kmol,0.872696,-78400000.0,J/kmol,96000000.0,J/kmol,-4840000000.0,J/kmol,0.664,0.278,605.0,0.286,264.26,605.0,kmol/m3,,,,,,,,,417440,-1616.5,5.3948,-0.004348,0.0,206.89,494,J/kmol/K,133732,-592.84,13.3975,4.30271e-05,-2.37e-08,206.9,1500,J/kmol/K,-15.868,1434.8,0.68071,0.0,0,206.89,443.75,Pa.s,0.20237,-0.00024187,0.0,0.0,0.0,206.89,443.75,W/m/K,2.7232e-05,1.257,751.7,0,443.75,1000,W/m/K,6.99E+07,0,0,0,0,298.15,298.15,J/kmol
Dicumyl peroxide,845.0,K,2180000.0,Pa,0.873,m3/kmol,0.259,568.705,K,270.366,0.264723,m3/kmol,0.178464,-79400000.0,J/kmol,242000000.0,J/kmol,-9630000000.0,J/kmol,0.2966,0.25899,884.0,0.28571,311.15,884.0,kmol/m3,,,,,,,,,417440,-1616.5,5.3948,-0.004348,0.0,206.89,494,J/kmol/K,133732,-592.84,13.3975,4.30271e-05,-2.37e-08,206.9,1500,J/kmol/K,-15.868,1434.8,0.68071,0.0,0,206.89,443.75,Pa.s,0.20237,-0.00024187,0.0,0.0,0.0,206.89,443.75,W/m/K,2.7232e-05,1.257,751.7,0,443.75,1000,W/m/K,9.409E+07,0.4295,0,0,0,311.15,884,J/kmol
P-diisopropylbenzene hydroperoxide,810.0,K,2490000.0,Pa,0.619,m3/kmol,0.247,572.0,K,194.27,0.197636,m3/kmol,0.927925,-186000000.0,J/kmol,79200000.0,J/kmol,-6610000000.0,J/kmol,0.36973,0.24721,810.0,0.28571,293.15,810.0,kmol/m3,120.96,-16204.0,-12.958,1.97e-18,6.0,308.25,810.0,Pa,417440,-1616.5,5.3948,-0.004348,0.0,206.89,494,J/kmol/K,133732,-592.84,13.3975,4.30271e-05,-2.37e-08,206.9,1500,J/kmol/K,-15.868,1434.8,0.68071,0.0,0,206.89,443.75,Pa.s,0.20237,-0.00024187,0.0,0.0,0.0,206.89,443.75,W/m/K,2.7232e-05,1.257,751.7,0,443.75,1000,W/m/K,1.2076E+08,0.40019,0,0,0,308.25,810,J/kmol
Ethylbenzene hydroperoxide,737.0,K,3790000.0,Pa,0.407,m3/kmol,0.257,536.0,K,138.164,0.129016,m3/kmol,0.812977,-67100000.0,J/kmol,72100000.0,J/kmol,-4210000000.0,J/kmol,0.6185,0.25728,737.0,0.28571,290.0,737.0,kmol/m3,108.52,-13407.0,-11.467,3.33e-18,6.0,290.0,737.0,Pa,417440,-1616.5,5.3948,-0.004348,0.0,206.89,494,J/kmol/K,133732,-592.84,13.3975,4.30271e-05,-2.37e-08,206.9,1500,J/kmol/K,-15.868,1434.8,0.68071,0.0,0,206.89,443.75,Pa.s,0.20237,-0.00024187,0.0,0.0,0.0,206.89,443.75,W/m/K,2.7232e-05,1.257,751.7,0,443.75,1000,W/m/K,1.006E+08,0.3928,0,0,0,290,737,J/kmol
"1,2-dimethoxyethane",536.15,K,3870000.0,Pa,0.270636,m3/kmol,0.235,358.0,K,90.121,0.104889,m3/kmol,0.347486,-346000000.0,J/kmol,-198000000.0,J/kmol,-2400000000.0,J/kmol,1.1,0.29769,536.15,0.3024,215.15,536.15,kmol/m3,61.814,-6102.9,-5.6547,1.18e-17,6.0,215.15,536.15,Pa,417440,-1616.5,5.3948,-0.004348,0.0,206.89,494,J/kmol/K,133732,-592.84,13.3975,4.30271e-05,-2.37e-08,206.9,1500,J/kmol/K,-15.868,1434.8,0.68071,0.0,0,206.89,443.75,Pa.s,0.20237,-0.00024187,0.0,0.0,0.0,206.89,443.75,W/m/K,2.7232e-05,1.257,751.7,0,443.75,1000,W/m/K,4.9846E+07,0.38374,0,0,0,215.15,536.15,J/kmol
Diethylene glycol dimethyl ether,608.0,K,2860000.0,Pa,0.422,m3/kmol,0.239,432.91,K,134.174,0.14289,m3/kmol,0.577497,-511000000.0,J/kmol,-286000000.0,J/kmol,-3490000000.0,J/kmol,0.61713,0.26042,608.0,0.32206,209.11,608.0,kmol/m3,177.17,-11630.0,-24.507,0.022893,1.0,209.11,608.0,Pa,417440,-1616.5,5.3948,-0.004348,0.0,206.89,494,J/kmol/K,133732,-592.84,13.3975,4.30271e-05,-2.37e-08,206.9,1500,J/kmol/K,-15.868,1434.8,0.68071,0.0,0,206.89,443.75,Pa.s,0.20237,-0.00024187,0.0,0.0,0.0,206.89,443.75,W/m/K,2.7232e-05,1.257,751.7,0,443.75,1000,W/m/K,6.6956E+07,0.36652,0,0,0,209.11,608,J/kmol
Triethylene glycol dimethyl ether,651.0,K,2310000.0,Pa,0.548,m3/kmol,0.234,489.15,K,178.226,0.181957,m3/kmol,0.791532,-676000000.0,J/kmol,-375000000.0,J/kmol,-4580000000.0,J/kmol,0.4493,0.24622,651.0,0.3918,229.35,651.0,kmol/m3,103.75,-11633.0,-11.067,6.22e-18,6.0,229.35,651.0,Pa,417440,-1616.5,5.3948,-0.004348,0.0,206.89,494,J/kmol/K,133732,-592.84,13.3975,4.30271e-05,-2.37e-08,206.9,1500,J/kmol/K,-15.868,1434.8,0.68071,0.0,0,206.89,443.75,Pa.s,0.20237,-0.00024187,0.0,0.0,0.0,206.89,443.75,W/m/K,2.7232e-05,1.257,751.7,0,443.75,1000,W/m/K,8.85E+07,0.3974,0,0,0,229.35,651,J/kmol
Tetraethylene glycol dimethyl ether,705.0,K,1940000.0,Pa,0.674,m3/kmol,0.223,548.95,K,222.279,0.221053,m3/kmol,0.9652,-884000000.0,J/kmol,-503000000.0,J/kmol,-5640000000.0,J/kmol,0.38334,0.25837,705.0,0.3527,243.45,705.0,kmol/m3,68.054,-10648.0,-5.8933,1.6e-18,6.0,243.45,705.0,Pa,417440,-1616.5,5.3948,-0.004348,0.0,206.89,494,J/kmol/K,133732,-592.84,13.3975,4.30271e-05,-2.37e-08,206.9,1500,J/kmol/K,-15.868,1434.8,0.68071,0.0,0,206.89,443.75,Pa.s,0.20237,-0.00024187,0.0,0.0,0.0,206.89,443.75,W/m/K,2.7232e-05,1.257,751.7,0,443.75,1000,W/m/K,8.638E+07,0.2658,0,0,0,243.45,705,J/kmol
Pentaethylene glycol dimethyl ether,769.8,K,1670000.0,Pa,0.821,m3/kmol,0.214,615.1,K,266.331,0.2599,m3/kmol,1.13878,-1010000000.0,J/kmol,-552000000.0,J/kmol,-6750000000.0,J/kmol,0.31133,0.25559,769.8,0.34857,261.6,769.8,kmol/m3,140.13,-17794.0,-15.547,3.09e-18,6.0,261.6,769.8,Pa,417440,-1616.5,5.3948,-0.004348,0.0,206.89,494,J/kmol/K,133732,-592.84,13.3975,4.30271e-05,-2.37e-08,206.9,1500,J/kmol/K,-15.868,1434.8,0.68071,0.0,0,206.89,443.75,Pa.s,0.20237,-0.00024187,0.0,0.0,0.0,206.89,443.75,W/m/K,2.7232e-05,1.257,751.7,0,443.75,1000,W/m/K,1.5572E+08,0.9235,-0.52618,0.0091786,0,261.6,769.8,J/kmol
Propylene glycol monomethyl ether,579.8,K,4110000.0,Pa,0.284,m3/kmol,0.242,393.25,K,90.121,0.09825,m3/kmol,0.442703,-398000000.0,J/kmol,-247000000.0,J/kmol,-2350000000.0,J/kmol,0.953,0.271,579.8,0.286,176.48,579.8,kmol/m3,58.814,-6812.0,-5.017,2.26e-18,6.0,176.48,579.8,Pa,417440,-1616.5,5.3948,-0.004348,0.0,206.89,494,J/kmol/K,133732,-592.84,13.3975,4.30271e-05,-2.37e-08,206.9,1500,J/kmol/K,-15.868,1434.8,0.68071,0.0,0,206.89,443.75,Pa.s,0.20237,-0.00024187,0.0,0.0,0.0,206.89,443.75,W/m/K,2.7232e-05,1.257,751.7,0,443.75,1000,W/m/K,6.048E+07,0.901,-1.39,0.933,0,176.48,579.8,J/kmol
Propylene glycol monomethyl ether acetate,597.6,K,3010000.0,Pa,0.409,m3/kmol,0.255,418.65,K,132.158,0.137028,m3/kmol,0.480735,-615000000.0,J/kmol,-425000000.0,J/kmol,-3150000000.0,J/kmol,0.60529,0.25482,597.9,0.28571,205.0,597.9,kmol/m3,88.727,-8409.6,-9.5943,4.5223e-06,2.0,205.0,597.9,Pa,417440,-1616.5,5.3948,-0.004348,0.0,206.89,494,J/kmol/K,133732,-592.84,13.3975,4.30271e-05,-2.37e-08,206.9,1500,J/kmol/K,-15.868,1434.8,0.68071,0.0,0,206.89,443.75,Pa.s,0.20237,-0.00024187,0.0,0.0,0.0,206.89,443.75,W/m/K,2.7232e-05,1.257,751.7,0,443.75,1000,W/m/K,6.3229E+07,0.38609,0,0,0,205,597.9,J/kmol
Acrolein,527.15,K,5070000.0,Pa,0.197,m3/kmol,0.234,325.84,K,56.0633,0.06719,m3/kmol,0.154348,-81000000.0,J/kmol,-56800000.0,J/kmol,-1550000000.0,J/kmol,1.24915,0.262464,517.305,0.189309,185.45,506.0,kmol/m3,138.4,-7122.7,-19.638,0.026447,1.0,185.45,527.15,Pa,417440,-1616.5,5.3948,-0.004348,0.0,206.89,494,J/kmol/K,133732,-592.84,13.3975,4.30271e-05,-2.37e-08,206.9,1500,J/kmol/K,-15.868,1434.8,0.68071,0.0,0,206.89,443.75,Pa.s,0.20237,-0.00024187,0.0,0.0,0.0,206.89,443.75,W/m/K,2.7232e-05,1.257,751.7,0,443.75,1000,W/m/K,4.2E+07,0.38,0,0,0,185.45,527.15,J/kmol
Malonic acid,805.0,K,5640000.0,Pa,0.258,m3/kmol,0.217,413.15,K,104.061,0.0738918,m3/kmol,0.941804,-812000000.0,J/kmol,-670000000.0,J/kmol,-773000000.0,J/kmol,0.84266,0.217,805.0,0.28571,407.95,805.0,kmol/m3,122.92,-16258.0,-13.113,2.06e-18,6.0,407.95,805.0,Pa,417440,-1616.5,5.3948,-0.004348,0.0,206.89,494,J/kmol/K,133732,-592.84,13.3975,4.30271e-05,-2.37e-08,206.9,1500,J/kmol/K,-15.868,1434.8,0.68071,0.0,0,206.89,443.75,Pa.s,0.20237,-0.00024187,0.0,0.0,0.0,206.89,443.75,W/m/K,2.7232e-05,1.257,751.7,0,443.75,1000,W/m/K,1.1767E+08,0.37877,0,0,0,407.95,805,J/kmol
Dimethylmalonate,622.4,K,4070000.0,Pa,0.325,m3/kmol,0.256,452.5,K,132.115,0.1144,m3/kmol,0.828946,-727000000.0,J/kmol,-580000000.0,J/kmol,-2150000000.0,J/kmol,0.88143,0.28644,622.4,0.28571,211.15,622.4,kmol/m3,85.355,-9567.2,-8.6361,1.37e-17,6.0,211.15,622.4,Pa,417440,-1616.5,5.3948,-0.004348,0.0,206.89,494,J/kmol/K,133732,-592.84,13.3975,4.30271e-05,-2.37e-08,206.9,1500,J/kmol/K,-15.868,1434.8,0.68071,0.0,0,206.89,443.75,Pa.s,0.20237,-0.00024187,0.0,0.0,0.0,206.89,443.75,W/m/K,2.7232e-05,1.257,751.7,0,443.75,1000,W/m/K,8.2105E+07,0.70642,-0.31811,-0.121,0,211.15,622.4,J/kmol
Cyrene,657.86,K,3570000.0,Pa,0.39637,m3/kmol,0.258445,499.0,K,128.126,0.102439,m3/kmol,0.4596,-443000000.0,J/kmol,-183000000.0,J/kmol,-3640000000.0,J/kmol,,,,,,,,-8.831,1.59352,-3.68856,-5.59895,1360000.0,273.15,500.0,Pa,417440,-1616.5,5.3948,-0.004348,0.0,206.89,494,J/kmol/K,133732,-592.84,13.3975,4.30271e-05,-2.37e-08,206.9,1500,J/kmol/K,-15.868,1434.8,0.68071,0.0,0,206.89,443.75,Pa.s,0.20237,-0.00024187,0.0,0.0,0.0,206.89,443.75,W/m/K,2.7232e-05,1.257,751.7,0,443.75,1000,W/m/K,7.45269E+07,0.38,0,0,0,323.471,657.86,J/kmol
PentaEthylene Glycol,751.0,K,2140000.0,Pa,0.69949,m3/kmol,0.239428,591.274,K,238.278,0.20605,m3/kmol,0.37985,-327000000.0,J/kmol,-102000000.0,J/kmol,-6270000000.0,J/kmol,,,,,,,,,,,,,,,,417440,-1616.5,5.3948,-0.004348,0.0,206.89,494,J/kmol/K,133732,-592.84,13.3975,4.30271e-05,-2.37e-08,206.9,1500,J/kmol/K,-15.868,1434.8,0.68071,0.0,0,206.89,443.75,Pa.s,0.20237,-0.00024187,0.0,0.0,0.0,206.89,443.75,W/m/K,2.7232e-05,1.257,751.7,0,443.75,1000,W/m/K,,,,,,,,
HexaEthylene Glycol,773.641,K,1750000.0,Pa,0.82811,m3/kmol,0.224811,618.249,K,282.331,0.24557,m3/kmol,0.554173,-469000000.0,J/kmol,-161000000.0,J/kmol,-7400000000.0,J/kmol,,,,,,,,,,,,,,,,417440,-1616.5,5.3948,-0.004348,0.0,206.89,494,J/kmol/K,133732,-592.84,13.3975,4.30271e-05,-2.37e-08,206.9,1500,J/kmol/K,-15.868,1434.8,0.68071,0.0,0,206.89,443.75,Pa.s,0.20237,-0.00024187,0.0,0.0,0.0,206.89,443.75,W/m/K,2.7232e-05,1.257,751.7,0,443.75,1000,W/m/K,,,,,,,,
DiPropylene Glycol,700.0,K,3580000.0,Pa,0.415,m3/kmol,0.273224,504.95,K,134.174,0.131845,m3/kmol,0.728203,-628000000.0,J/kmol,-406000000.0,J/kmol,-3340000000.0,J/kmol,,,,,,,,,,,,,,,,417440,-1616.5,5.3948,-0.004348,0.0,206.89,494,J/kmol/K,133732,-592.84,13.3975,4.30271e-05,-2.37e-08,206.9,1500,J/kmol/K,-15.868,1434.8,0.68071,0.0,0,206.89,443.75,Pa.s,0.20237,-0.00024187,0.0,0.0,0.0,206.89,443.75,W/m/K,2.7232e-05,1.257,751.7,0,443.75,1000,W/m/K,,,,,,,,
TriPropylene Glycol,750.0,K,2540000.0,Pa,0.596,m3/kmol,0.268941,554.008,K,192.253,0.188729,m3/kmol,0.622485,-830000000.0,J/kmol,-504000000.0,J/kmol,-6110000000.0,J/kmol,,,,,,,,,,,,,,,,417440,-1616.5,5.3948,-0.004348,0.0,206.89,494,J/kmol/K,133732,-592.84,13.3975,4.30271e-05,-2.37e-08,206.9,1500,J/kmol/K,-15.868,1434.8,0.68071,0.0,0,206.89,443.75,Pa.s,0.20237,-0.00024187,0.0,0.0,0.0,206.89,443.75,W/m/K,2.7232e-05,1.257,751.7,0,443.75,1000,W/m/K,,,,,,,,
TetraPropylene Glycol,736.0,K,1700000.0,Pa,0.875,m3/kmol,0.242362,582.2,K,250.332,0.2453,m3/kmol,1.0125,-1030000000.0,J/kmol,-593000000.0,J/kmol,-6740000000.0,J/kmol,,,,,,,,,,,,,,,,417440,-1616.5,5.3948,-0.004348,0.0,206.89,494,J/kmol/K,133732,-592.84,13.3975,4.30271e-05,-2.37e-08,206.9,1500,J/kmol/K,-15.868,1434.8,0.68071,0.0,0,206.89,443.75,Pa.s,0.20237,-0.00024187,0.0,0.0,0.0,206.89,443.75,W/m/K,2.7232e-05,1.257,751.7,0,443.75,1000,W/m/K,,,,,,,,
PentaPropylene Glycol,755.0,K,1310000.0,Pa,1.155,m3/kmol,0.241214,617.8,K,308.411,0.3026,m3/kmol,1.17056,-1240000000.0,J/kmol,-688000000.0,J/kmol,-8440000000.0,J/kmol,,,,,,,,,,,,,,,,417440,-1616.5,5.3948,-0.004348,0.0,206.89,494,J/kmol/K,133732,-592.84,13.3975,4.30271e-05,-2.37e-08,206.9,1500,J/kmol/K,-15.868,1434.8,0.68071,0.0,0,206.89,443.75,Pa.s,0.20237,-0.00024187,0.0,0.0,0.0,206.89,443.75,W/m/K,2.7232e-05,1.257,751.7,0,443.75,1000,W/m/K,,,,,,,,
HexaPropylene Glycol,770.0,K,1400000.0,Pa,0.84635,m3/kmol,0.204023,652.812,K,366.49,0.28313,m3/kmol,1.2,-151000000.0,J/kmol,-171000000.0,J/kmol,-11500000000.0,J/kmol,,,,,,,,,,,,,,,,417440,-1616.5,5.3948,-0.004348,0.0,206.89,494,J/kmol/K,133732,-592.84,13.3975,4.30271e-05,-2.37e-08,206.9,1500,J/kmol/K,-15.868,1434.8,0.68071,0.0,0,206.89,443.75,Pa.s,0.20237,-0.00024187,0.0,0.0,0.0,206.89,443.75,W/m/K,2.7232e-05,1.257,751.7,0,443.75,1000,W/m/K,,,,,,,,
Diacetone alcohol,606.0,K,3500000.0,Pa,0.387,m3/kmol,0.277,437.594,K,116.158,0.124336,m3/kmol,0.768352,-543000000.0,J/kmol,-289000000.0,J/kmol,-3280000000.0,J/kmol,0.67266,0.26031,606.0,0.2511,229.15,606.0,kmol/m3,162.02,-10531.0,-22.671,0.025918,1.0,229.15,606.0,Pa,417440,-1616.5,5.3948,-0.004348,0.0,206.89,494,J/kmol/K,133732,-592.84,13.3975,4.30271e-05,-2.37e-08,206.9,1500,J/kmol/K,-15.868,1434.8,0.68071,0.0,0,206.89,443.75,Pa.s,0.20237,-0.00024187,0.0,0.0,0.0,206.89,443.75,W/m/K,2.7232e-05,1.257,751.7,0,443.75,1000,W/m/K,5.6552E+07,0.18523,0,0,0,229.15,606,J/kmol
Mesityl oxide,600.0,K,3410000.0,Pa,0.355,m3/kmol,0.243,402.95,K,98.143,0.115173,m3/kmol,0.325354,-196000000.0,J/kmol,-78800000.0,J/kmol,-3330000000.0,J/kmol,0.7166,0.25438,600.0,0.28484,220.15,600.0,kmol/m3,62.679,-6815.0,-5.7103,5.35e-18,6.0,220.15,600.0,Pa,417440,-1616.5,5.3948,-0.004348,0.0,206.89,494,J/kmol/K,133732,-592.84,13.3975,4.30271e-05,-2.37e-08,206.9,1500,J/kmol/K,-15.868,1434.8,0.68071,0.0,0,206.89,443.75,Pa.s,0.20237,-0.00024187,0.0,0.0,0.0,206.89,443.75,W/m/K,2.7232e-05,1.257,751.7,0,443.75,1000,W/m/K,5.5814E+07,0.39524,0,0,0,220.15,600,J/kmol
Formic acid,588.0,K,5810000.0,Pa,0.125,m3/kmol,0.149,373.71,K,46.0257,0.03792,m3/kmol,0.312521,-394000000.0,J/kmol,-366000000.0,J/kmol,-212000000.0,J/kmol,1.938,0.24225,588.0,0.24435,281.45,588.0,kmol/m3,43.807,-5131.0,-3.1878,2.3782e-06,2.0,281.45,588.0,Pa,417440,-1616.5,5.3948,-0.004348,0.0,206.89,494,J/kmol/K,133732,-592.84,13.3975,4.30271e-05,-2.37e-08,206.9,1500,J/kmol/K,-15.868,1434.8,0.68071,0.0,0,206.89,443.75,Pa.s,0.20237,-0.00024187,0.0,0.0,0.0,206.89,443.75,W/m/K,2.7232e-05,1.257,751.7,0,443.75,1000,W/m/K,2.3195E+07,1.9091,-5.0003,3.2641,0,250,588,J/kmol
Caproic acid,660.2,K,3310000.0,Pa,0.408,m3/kmol,0.246,478.85,K,116.158,0.1264,m3/kmol,0.733019,-512000000.0,J/kmol,-338000000.0,J/kmol,-3230000000.0,J/kmol,0.62833,0.25598,660.2,0.25304,269.25,660.2,kmol/m3,98.377,-11394.0,-10.224,3.29e-18,6.0,269.25,660.2,Pa,417440,-1616.5,5.3948,-0.004348,0.0,206.89,494,J/kmol/K,133732,-592.84,13.3975,4.30271e-05,-2.37e-08,206.9,1500,J/kmol/K,-15.868,1434.8,0.68071,0.0,0,206.89,443.75,Pa.s,0.20237,-0.00024187,0.0,0.0,0.0,206.89,443.75,W/m/K,2.7232e-05,1.257,751.7,0,443.75,1000,W/m/K,9.0746E+07,0.8926,-0.75172,0.34378,0,269.25,660.2,J/kmol
Caprylic acid,694.26,K,2780000.0,Pa,0.523,m3/kmol,0.252,512.85,K,144.211,0.1595,m3/kmol,0.773427,-556000000.0,J/kmol,-325000000.0,J/kmol,-4450000000.0,J/kmol,0.48251,0.25196,694.26,0.26842,289.65,694.26,kmol/m3,116.48,-13300.0,-12.675,3.98e-18,6.0,289.65,694.26,Pa,417440,-1616.5,5.3948,-0.004348,0.0,206.89,494,J/kmol/K,133732,-592.84,13.3975,4.30271e-05,-2.37e-08,206.9,1500,J/kmol/K,-15.868,1434.8,0.68071,0.0,0,206.89,443.75,Pa.s,0.20237,-0.00024187,0.0,0.0,0.0,206.89,443.75,W/m/K,2.7232e-05,1.257,751.7,0,443.75,1000,W/m/K,1.2626E+08,1.1753,-0.835,0.1489,0,289.65,694.26,J/kmol
Capric acid,722.1,K,2280000.0,Pa,0.639,m3/kmol,0.243,543.15,K,172.265,0.193,m3/kmol,0.813724,-594000000.0,J/kmol,-305000000.0,J/kmol,-5720000000.0,J/kmol,0.39348,0.2492,722.1,0.28571,304.55,722.1,kmol/m3,126.41,-14865.0,-13.907,2.51e-18,6.0,304.55,722.1,Pa,417440,-1616.5,5.3948,-0.004348,0.0,206.89,494,J/kmol/K,133732,-592.84,13.3975,4.30271e-05,-2.37e-08,206.9,1500,J/kmol/K,-15.868,1434.8,0.68071,0.0,0,206.89,443.75,Pa.s,0.20237,-0.00024187,0.0,0.0,0.0,206.89,443.75,W/m/K,2.7232e-05,1.257,751.7,0,443.75,1000,W/m/K,1.2531E+08,0.76281,-0.32459,0.054808,0,304.55,722.1,J/kmol
Lauric acid,743.0,K,1930000.0,Pa,0.767,m3/kmol,0.24,571.85,K,200.318,0.2292,m3/kmol,0.89828,-640000000.0,J/kmol,-293000000.0,J/kmol,-6850000000.0,J/kmol,0.31654,0.24276,743.0,0.28571,316.98,743.0,kmol/m3,143.88,-16742.0,-16.254,3.44e-18,6.0,316.98,743.0,Pa,417440,-1616.5,5.3948,-0.004348,0.0,206.89,494,J/kmol/K,133732,-592.84,13.3975,4.30271e-05,-2.37e-08,206.9,1500,J/kmol/K,-15.868,1434.8,0.68071,0.0,0,206.89,443.75,Pa.s,0.20237,-0.00024187,0.0,0.0,0.0,206.89,443.75,W/m/K,2.7232e-05,1.257,751.7,0,443.75,1000,W/m/K,1.3454E+08,0.61125,0.078172,-0.23276,0,316.98,743,J/kmol
Myristic acid,770.0,K,2150000.0,Pa,0.89,m3/kmol,0.23,599.35,K,228.371,0.2648,m3/kmol,0.953534,-681000000.0,J/kmol,-278000000.0,J/kmol,-8060000000.0,J/kmol,0.27024,0.24051,763.0,0.28571,327.37,763.0,kmol/m3,178.06,-19649.0,-20.951,5.37e-18,6.0,327.37,763.0,Pa,417440,-1616.5,5.3948,-0.004348,0.0,206.89,494,J/kmol/K,133732,-592.84,13.3975,4.30271e-05,-2.37e-08,206.9,1500,J/kmol/K,-15.868,1434.8,0.68071,0.0,0,206.89,443.75,Pa.s,0.20237,-0.00024187,0.0,0.0,0.0,206.89,443.75,W/m/K,2.7232e-05,1.257,751.7,0,443.75,1000,W/m/K,1.3107E+08,-0.27189,2.1663,-1.5307,0,327.37,763,J/kmol
Palmitic acid,785.0,K,1490000.0,Pa,1.015,m3/kmol,0.232,624.15,K,256.424,0.3004,m3/kmol,0.991904,-723000000.0,J/kmol,-260000000.0,J/kmol,-9280000000.0,J/kmol,0.23234,0.23765,785.0,0.28571,335.66,785.0,kmol/m3,185.2,-20925.0,-21.813,4.57e-18,6.0,335.66,785.0,Pa,417440,-1616.5,5.3948,-0.004348,0.0,206.89,494,J/kmol/K,133732,-592.84,13.3975,4.30271e-05,-2.37e-08,206.9,1500,J/kmol/K,-15.868,1434.8,0.68071,0.0,0,206.89,443.75,Pa.s,0.20237,-0.00024187,0.0,0.0,0.0,206.89,443.75,W/m/K,2.7232e-05,1.257,751.7,0,443.75,1000,W/m/K,1.414E+08,-0.21125,2.0707,-1.4835,0,335.66,785,J/kmol
Stearic acid,803.0,K,1330000.0,Pa,1.14,m3/kmol,0.227,648.35,K,284.477,0.3362,m3/kmol,1.03936,-764000000.0,J/kmol,-244000000.0,J/kmol,-10500000000.0,J/kmol,0.20964,0.23899,803.0,0.28571,342.75,803.0,kmol/m3,214.73,-23660.0,-25.807,5.38e-18,6.0,342.75,803.0,Pa,417440,-1616.5,5.3948,-0.004348,0.0,206.89,494,J/kmol/K,133732,-592.84,13.3975,4.30271e-05,-2.37e-08,206.9,1500,J/kmol/K,-15.868,1434.8,0.68071,0.0,0,206.89,443.75,Pa.s,0.20237,-0.00024187,0.0,0.0,0.0,206.89,443.75,W/m/K,2.7232e-05,1.257,751.7,0,443.75,1000,W/m/K,1.3891E+08,-0.88933,3.6367,-2.4356,0,342.75,803,J/kmol
Oleic acid,781.0,K,1390000.0,Pa,1.0,m3/kmol,0.214,633.0,K,282.461,0.319676,m3/kmol,1.18222,-650000000.0,J/kmol,-228000000.0,J/kmol,-10500000000.0,J/kmol,0.26668,0.26667,781.0,0.30687,286.53,781.0,kmol/m3,162.45,-19053.0,-18.997,4.2699e-06,2.0,286.53,781.0,Pa,417440,-1616.5,5.3948,-0.004348,0.0,206.89,494,J/kmol/K,133732,-592.84,13.3975,4.30271e-05,-2.37e-08,206.9,1500,J/kmol/K,-15.868,1434.8,0.68071,0.0,0,206.89,443.75,Pa.s,0.20237,-0.00024187,0.0,0.0,0.0,206.89,443.75,W/m/K,2.7232e-05,1.257,751.7,0,443.75,1000,W/m/K,1.3388E+08,0.39553,0,0,0,286.53,781,J/kmol
Linoleic acid,775.0,K,1410000.0,Pa,0.99,m3/kmol,0.217,634.0,K,280.445,0.31187,m3/kmol,1.1801,-540000000.0,J/kmol,-117000000.0,J/kmol,-10300000000.0,J/kmol,0.26959,0.2669,775.0,0.27607,268.15,775.0,kmol/m3,,,,,,,,,417440,-1616.5,5.3948,-0.004348,0.0,206.89,494,J/kmol/K,133732,-592.84,13.3975,4.30271e-05,-2.37e-08,206.9,1500,J/kmol/K,-15.868,1434.8,0.68071,0.0,0,206.89,443.75,Pa.s,0.20237,-0.00024187,0.0,0.0,0.0,206.89,443.75,W/m/K,2.7232e-05,1.257,751.7,0,443.75,1000,W/m/K,1.3522E+08,0.40785,0,0,0,268.15,775,J/kmol
Linolenic acid,812.15,K,1440000.0,Pa,0.982,m3/kmol,0.238,632.0,K,278.43,0.305149,m3/kmol,1.18697,-414000000.0,J/kmol,-4930000.0,J/kmol,-10200000000.0,J/kmol,0.22204,0.23731,780.0,0.2857,262.05,780.0,kmol/m3,148.2,-18821.0,-16.607,3.12e-18,6.0,262.05,780.0,Pa,417440,-1616.5,5.3948,-0.004348,0.0,206.89,494,J/kmol/K,133732,-592.84,13.3975,4.30271e-05,-2.37e-08,206.9,1500,J/kmol/K,-15.868,1434.8,0.68071,0.0,0,206.89,443.75,Pa.s,0.20237,-0.00024187,0.0,0.0,0.0,206.89,443.75,W/m/K,2.7232e-05,1.257,751.7,0,443.75,1000,W/m/K,1.368E+08,0.4054,0,0,0,262.05,780,J/kmol
Methyl caproate,605.118,K,2870000.0,Pa,0.45263,m3/kmol,0.257966,423.0,K,130.185,0.14889,m3/kmol,0.444808,-505000000.0,J/kmol,-357000000.0,J/kmol,-4120000000.0,J/kmol,,,,,,,,,,,,,,,,417440,-1616.5,5.3948,-0.004348,0.0,206.89,494,J/kmol/K,133732,-592.84,13.3975,4.30271e-05,-2.37e-08,206.9,1500,J/kmol/K,-15.868,1434.8,0.68071,0.0,0,206.89,443.75,Pa.s,0.20237,-0.00024187,0.0,0.0,0.0,206.89,443.75,W/m/K,2.7232e-05,1.257,751.7,0,443.75,1000,W/m/K,,,,,,,,
Methyl caprylate,645.142,K,2350000.0,Pa,0.56415,m3/kmol,0.247341,467.7,K,158.238,0.18171,m3/kmol,0.554059,-546000000.0,J/kmol,-340000000.0,J/kmol,-5350000000.0,J/kmol,,,,,,,,,,,,,,,,417440,-1616.5,5.3948,-0.004348,0.0,206.89,494,J/kmol/K,133732,-592.84,13.3975,4.30271e-05,-2.37e-08,206.9,1500,J/kmol/K,-15.868,1434.8,0.68071,0.0,0,206.89,443.75,Pa.s,0.20237,-0.00024187,0.0,0.0,0.0,206.89,443.75,W/m/K,2.7232e-05,1.257,751.7,0,443.75,1000,W/m/K,,,,,,,,
Methyl caprate,681.0,K,1890000.0,Pa,0.714,m3/kmol,0.243,505.0,K,186.291,0.2146,m3/kmol,0.549138,-574000000.0,J/kmol,-256000000.0,J/kmol,-6350000000.0,J/kmol,0.34003,0.24292,686.9,0.28571,255.15,686.9,kmol/m3,92.891,-10794.0,-9.6454,2.94e-18,6.0,255.15,686.9,Pa,417440,-1616.5,5.3948,-0.004348,0.0,206.89,494,J/kmol/K,133732,-592.84,13.3975,4.30271e-05,-2.37e-08,206.9,1500,J/kmol/K,-15.868,1434.8,0.68071,0.0,0,206.89,443.75,Pa.s,0.20237,-0.00024187,0.0,0.0,0.0,206.89,443.75,W/m/K,2.7232e-05,1.257,751.7,0,443.75,1000,W/m/K,8.7833E+07,0.59285,-0.27001,0.13177,0,255.15,686.9,J/kmol
Methyl laurate,712.0,K,1650000.0,Pa,0.85,m3/kmol,0.237,540.0,K,214.344,0.2477,m3/kmol,0.664389,-617000000.0,J/kmol,-245000000.0,J/kmol,-7570000000.0,J/kmol,0.27872,0.23697,712.0,0.28571,278.15,712.0,kmol/m3,103.92,-12285.0,-11.082,3.4e-18,6.0,278.15,712.0,Pa,417440,-1616.5,5.3948,-0.004348,0.0,206.89,494,J/kmol/K,133732,-592.84,13.3975,4.30271e-05,-2.37e-08,206.9,1500,J/kmol/K,-15.868,1434.8,0.68071,0.0,0,206.89,443.75,Pa.s,0.20237,-0.00024187,0.0,0.0,0.0,206.89,443.75,W/m/K,2.7232e-05,1.257,751.7,0,443.75,1000,W/m/K,1.1092E+08,0.95959,-0.6651,0.16154,0,278.15,712,J/kmol
Methyl myristate,741.2,K,1420000.0,Pa,0.993,m3/kmol,0.229,596.15,K,242.398,0.2808,m3/kmol,0.697887,-655000000.0,J/kmol,-220000000.0,J/kmol,-8810000000.0,J/kmol,0.23058,0.22874,741.2,0.30337,291.85,741.2,kmol/m3,104.0,-13179.0,-10.935,1.29e-18,6.0,291.85,741.2,Pa,417440,-1616.5,5.3948,-0.004348,0.0,206.89,494,J/kmol/K,133732,-592.84,13.3975,4.30271e-05,-2.37e-08,206.9,1500,J/kmol/K,-15.868,1434.8,0.68071,0.0,0,206.89,443.75,Pa.s,0.20237,-0.00024187,0.0,0.0,0.0,206.89,443.75,W/m/K,2.7232e-05,1.257,751.7,0,443.75,1000,W/m/K,1.1512E+08,0.983,-1.058,0.578,0,291.85,741.2,J/kmol
Methyl palmitate,762.2,K,1240000.0,Pa,1.15,m3/kmol,0.224,469.15,K,270.451,0.3154,m3/kmol,0.776457,-701000000.0,J/kmol,-254000000.0,J/kmol,-9960000000.0,J/kmol,0.19488,0.22321,762.2,0.2975,303.05,762.2,kmol/m3,110.99,-14440.0,-11.785,1.01e-18,6.0,303.05,762.2,Pa,417440,-1616.5,5.3948,-0.004348,0.0,206.89,494,J/kmol/K,133732,-592.84,13.3975,4.30271e-05,-2.37e-08,206.9,1500,J/kmol/K,-15.868,1434.8,0.68071,0.0,0,206.89,443.75,Pa.s,0.20237,-0.00024187,0.0,0.0,0.0,206.89,443.75,W/m/K,2.7232e-05,1.257,751.7,0,443.75,1000,W/m/K,1.3001E+08,1.1283,-1.3017,0.68949,0,303.05,762.2,J/kmol
Methyl stearate,781.1,K,1080000.0,Pa,1.31,m3/kmol,0.219,451.15,K,298.504,0.3511,m3/kmol,0.859477,-742000000.0,J/kmol,-242000000.0,J/kmol,-11200000000.0,J/kmol,0.16691,0.21846,781.1,0.28435,312.15,781.1,kmol/m3,113.12,-15372.0,-11.961,5.67e-19,6.0,312.15,781.1,Pa,417440,-1616.5,5.3948,-0.004348,0.0,206.89,494,J/kmol/K,133732,-592.84,13.3975,4.30271e-05,-2.37e-08,206.9,1500,J/kmol/K,-15.868,1434.8,0.68071,0.0,0,206.89,443.75,Pa.s,0.20237,-0.00024187,0.0,0.0,0.0,206.89,443.75,W/m/K,2.7232e-05,1.257,751.7,0,443.75,1000,W/m/K,1.4568E+08,1.3591,-1.7685,0.94121,0,312.15,781.1,J/kmol
Methyl oleate,764.0,K,1280000.0,Pa,1.06,m3/kmol,0.214,617.0,K,296.488,0.34071,m3/kmol,1.0494,-629000000.0,J/kmol,-117000000.0,J/kmol,-11100000000.0,J/kmol,0.24755,0.2624,764.0,0.33247,293.05,764.0,kmol/m3,187.49,-19153.0,-22.989,7.2769e-06,2.0,293.05,764.0,Pa,417440,-1616.5,5.3948,-0.004348,0.0,206.89,494,J/kmol/K,133732,-592.84,13.3975,4.30271e-05,-2.37e-08,206.9,1500,J/kmol/K,-15.868,1434.8,0.68071,0.0,0,206.89,443.75,Pa.s,0.20237,-0.00024187,0.0,0.0,0.0,206.89,443.75,W/m/K,2.7232e-05,1.257,751.7,0,443.75,1000,W/m/K,1.22E+08,0.395,0,0,0,293.05,764,J/kmol
Methyl linoleate,771.878,K,1170000.0,Pa,1.08953,m3/kmol,0.198148,604.734,K,294.472,0.33401,m3/kmol,1.00843,-518000000.0,J/kmol,-96900000.0,J/kmol,-11200000000.0,J/kmol,,,,,,,,,,,,,,,,417440,-1616.5,5.3948,-0.004348,0.0,206.89,494,J/kmol/K,133732,-592.84,13.3975,4.30271e-05,-2.37e-08,206.9,1500,J/kmol/K,-15.868,1434.8,0.68071,0.0,0,206.89,443.75,Pa.s,0.20237,-0.00024187,0.0,0.0,0.0,206.89,443.75,W/m/K,2.7232e-05,1.257,751.7,0,443.75,1000,W/m/K,,,,,,,,
Methyl linolenate,772.859,K,1190000.0,Pa,1.07342,m3/kmol,0.198619,604.715,K,292.456,0.32811,m3/kmol,0.728468,-401000000.0,J/kmol,-18200000.0,J/kmol,-11100000000.0,J/kmol,,,,,,,,,,,,,,,,417440,-1616.5,5.3948,-0.004348,0.0,206.89,494,J/kmol/K,133732,-592.84,13.3975,4.30271e-05,-2.37e-08,206.9,1500,J/kmol/K,-15.868,1434.8,0.68071,0.0,0,206.89,443.75,Pa.s,0.20237,-0.00024187,0.0,0.0,0.0,206.89,443.75,W/m/K,2.7232e-05,1.257,751.7,0,443.75,1000,W/m/K,,,,,,,,
1-octanol,652.3,K,2780000.0,Pa,0.509,m3/kmol,0.261,467.1,K,130.228,0.1577,m3/kmol,0.569694,-357000000.0,J/kmol,-117000000.0,J/kmol,-4900000000.0,J/kmol,0.48979,0.24931,652.3,0.27824,257.65,652.3,kmol/m3,144.11,-13667.0,-16.826,9.37e-18,6.0,257.65,652.3,Pa,417440,-1616.5,5.3948,-0.004348,0.0,206.89,494,J/kmol/K,133732,-592.84,13.3975,4.30271e-05,-2.37e-08,206.9,1500,J/kmol/K,-15.868,1434.8,0.68071,0.0,0,206.89,443.75,Pa.s,0.20237,-0.00024187,0.0,0.0,0.0,206.89,443.75,W/m/K,2.7232e-05,1.257,751.7,0,443.75,1000,W/m/K,7.2468E+07,-1.2464,3.6797,-2.0665,0,257.65,652.3,J/kmol
1-nonanol,670.9,K,2530000.0,Pa,0.576,m3/kmol,0.261,485.2,K,144.255,0.175,m3/kmol,0.584074,-378000000.0,J/kmol,-109000000.0,J/kmol,-5510000000.0,J/kmol,0.43682,0.25161,670.9,0.2498,268.15,670.9,kmol/m3,162.85,-15205.0,-19.424,1.07e-17,6.0,268.15,670.9,Pa,417440,-1616.5,5.3948,-0.004348,0.0,206.89,494,J/kmol/K,133732,-592.84,13.3975,4.30271e-05,-2.37e-08,206.9,1500,J/kmol/K,-15.868,1434.8,0.68071,0.0,0,206.89,443.75,Pa.s,0.20237,-0.00024187,0.0,0.0,0.0,206.89,443.75,W/m/K,2.7232e-05,1.257,751.7,0,443.75,1000,W/m/K,7.5429E+07,-1.5966,4.6489,-2.7229,0,268.15,670.9,J/kmol
1-decanol,688.0,K,2310000.0,Pa,0.645,m3/kmol,0.26,503.0,K,158.281,0.1928,m3/kmol,0.606986,-399000000.0,J/kmol,-100000000.0,J/kmol,-6120000000.0,J/kmol,0.38208,0.24645,688.0,0.26125,280.05,688.0,kmol/m3,156.24,-15212.0,-18.424,8.5e-18,6.0,280.05,688.0,Pa,417440,-1616.5,5.3948,-0.004348,0.0,206.89,494,J/kmol/K,133732,-592.84,13.3975,4.30271e-05,-2.37e-08,206.9,1500,J/kmol/K,-15.868,1434.8,0.68071,0.0,0,206.89,443.75,Pa.s,0.20237,-0.00024187,0.0,0.0,0.0,206.89,443.75,W/m/K,2.7232e-05,1.257,751.7,0,443.75,1000,W/m/K,7.9041E+07,-1.36,4.0854,-2.3871,0,280.05,688,J/kmol
1-undecanol,703.9,K,2120000.0,Pa,0.715,m3/kmol,0.259,520.3,K,172.308,0.2075,m3/kmol,0.623622,-419000000.0,J/kmol,-91800000.0,J/kmol,-6730000000.0,J/kmol,0.33113,0.23676,703.9,0.2762,288.45,703.9,kmol/m3,182.57,-17112.0,-22.125,1.13e-17,6.0,288.45,703.9,Pa,417440,-1616.5,5.3948,-0.004348,0.0,206.89,494,J/kmol/K,133732,-592.84,13.3975,4.30271e-05,-2.37e-08,206.9,1500,J/kmol/K,-15.868,1434.8,0.68071,0.0,0,206.89,443.75,Pa.s,0.20237,-0.00024187,0.0,0.0,0.0,206.89,443.75,W/m/K,2.7232e-05,1.257,751.7,0,443.75,1000,W/m/K,8.7274E+07,-1.5834,5.0913,-3.2171,0,288.45,703.9,J/kmol
1-dodecanol,718.7,K,1950000.0,Pa,0.787,m3/kmol,0.257,537.1,K,186.334,0.2263,m3/kmol,0.655561,-440000000.0,J/kmol,-83400000.0,J/kmol,-7340000000.0,J/kmol,0.30227,0.23789,718.7,0.264,296.95,718.7,kmol/m3,186.99,-17927.0,-22.64,9.84e-18,6.0,296.95,718.7,Pa,417440,-1616.5,5.3948,-0.004348,0.0,206.89,494,J/kmol/K,133732,-592.84,13.3975,4.30271e-05,-2.37e-08,206.9,1500,J/kmol/K,-15.868,1434.8,0.68071,0.0,0,206.89,443.75,Pa.s,0.20237,-0.00024187,0.0,0.0,0.0,206.89,443.75,W/m/K,2.7232e-05,1.257,751.7,0,443.75,1000,W/m/K,9.007E+07,-1.6249,5.1133,-3.1949,0,296.95,718.7,J/kmol
1-tridecanol,732.4,K,1810000.0,Pa,0.86,m3/kmol,0.256,547.15,K,200.361,0.2418,m3/kmol,0.712,-457000000.0,J/kmol,-75200000.0,J/kmol,-8520000000.0,J/kmol,0.26819,0.23064,732.4,0.27073,303.75,732.4,kmol/m3,177.71,-17736.0,-21.273,8.05e-18,6.0,303.75,732.4,Pa,417440,-1616.5,5.3948,-0.004348,0.0,206.89,494,J/kmol/K,133732,-592.84,13.3975,4.30271e-05,-2.37e-08,206.9,1500,J/kmol/K,-15.868,1434.8,0.68071,0.0,0,206.89,443.75,Pa.s,0.20237,-0.00024187,0.0,0.0,0.0,206.89,443.75,W/m/K,2.7232e-05,1.257,751.7,0,443.75,1000,W/m/K,9.5604E+07,-1.2818,4.3278,-2.7373,0,303.75,732.4,J/kmol
1-tetradecanol,738.7,K,1680000.0,Pa,0.826,m3/kmol,0.253,564.0,K,214.387,0.2606,m3/kmol,0.716811,-481000000.0,J/kmol,-66900000.0,J/kmol,-8510000000.0,J/kmol,0.24302,0.22674,745.3,0.28091,310.65,745.3,kmol/m3,180.85,-18318.0,-21.656,7.56e-18,6.0,310.65,745.3,Pa,417440,-1616.5,5.3948,-0.004348,0.0,206.89,494,J/kmol/K,133732,-592.84,13.3975,4.30271e-05,-2.37e-08,206.9,1500,J/kmol/K,-15.868,1434.8,0.68071,0.0,0,206.89,443.75,Pa.s,0.20237,-0.00024187,0.0,0.0,0.0,206.89,443.75,W/m/K,2.7232e-05,1.257,751.7,0,443.75,1000,W/m/K,1.0167E+08,-1.1665,4.167,-2.6922,0,310.65,745.3,J/kmol
1-pentadecanol,757.3,K,1570000.0,Pa,1.01,m3/kmol,0.251,583.9,K,228.414,0.2774,m3/kmol,0.750675,-501000000.0,J/kmol,-58100000.0,J/kmol,-9110000000.0,J/kmol,0.249,0.237,757.3,0.286,317.05,757.3,kmol/m3,185.11,-19068.0,-22.167,6.89e-18,6.0,317.05,757.3,Pa,417440,-1616.5,5.3948,-0.004348,0.0,206.89,494,J/kmol/K,133732,-592.84,13.3975,4.30271e-05,-2.37e-08,206.9,1500,J/kmol/K,-15.868,1434.8,0.68071,0.0,0,206.89,443.75,Pa.s,0.20237,-0.00024187,0.0,0.0,0.0,206.89,443.75,W/m/K,2.7232e-05,1.257,751.7,0,443.75,1000,W/m/K,1.006E+08,-1.364,4.476,-2.818,0,317.05,757.3,J/kmol
1-hexadecanol,768.6,K,1470000.0,Pa,1.08,m3/kmol,0.248,598.0,K,242.441,0.2972,m3/kmol,0.778775,-522000000.0,J/kmol,-49600000.0,J/kmol,-9720000000.0,J/kmol,0.20634,0.22285,768.6,0.27841,322.35,768.6,kmol/m3,186.19,-19523.0,-22.258,6.31e-18,6.0,322.35,768.6,Pa,417440,-1616.5,5.3948,-0.004348,0.0,206.89,494,J/kmol/K,133732,-592.84,13.3975,4.30271e-05,-2.37e-08,206.9,1500,J/kmol/K,-15.868,1434.8,0.68071,0.0,0,206.89,443.75,Pa.s,0.20237,-0.00024187,0.0,0.0,0.0,206.89,443.75,W/m/K,2.7232e-05,1.257,751.7,0,443.75,1000,W/m/K,1.1064E+08,-1.0625,3.9479,-2.5726,0,322.35,768.6,J/kmol
1-heptadecanol,779.2,K,1380000.0,Pa,1.16,m3/kmol,0.247,611.3,K,256.467,0.313,m3/kmol,0.812318,-542000000.0,J/kmol,-41200000.0,J/kmol,-10300000000.0,J/kmol,0.18367,0.21305,779.2,0.30462,327.05,779.2,kmol/m3,172.69,-19015.0,-20.312,4.87e-18,6.0,327.05,779.2,Pa,417440,-1616.5,5.3948,-0.004348,0.0,206.89,494,J/kmol/K,133732,-592.84,13.3975,4.30271e-05,-2.37e-08,206.9,1500,J/kmol/K,-15.868,1434.8,0.68071,0.0,0,206.89,443.75,Pa.s,0.20237,-0.00024187,0.0,0.0,0.0,206.89,443.75,W/m/K,2.7232e-05,1.257,751.7,0,443.75,1000,W/m/K,1.1579E+08,-0.6974,3.0279,-1.9952,0,327.05,779.2,J/kmol
1-octadecanol,786.0,K,1230000.0,Pa,1.046,m3/kmol,0.201,624.0,K,270.494,0.3331,m3/kmol,0.832224,-564000000.0,J/kmol,-32800000.0,J/kmol,-10900000000.0,J/kmol,0.17587,0.21682,789.3,0.2857,331.05,789.3,kmol/m3,184.64,-20220.0,-21.906,4.94e-18,6.0,331.05,789.3,Pa,417440,-1616.5,5.3948,-0.004348,0.0,206.89,494,J/kmol/K,133732,-592.84,13.3975,4.30271e-05,-2.37e-08,206.9,1500,J/kmol/K,-15.868,1434.8,0.68071,0.0,0,206.89,443.75,Pa.s,0.20237,-0.00024187,0.0,0.0,0.0,206.89,443.75,W/m/K,2.7232e-05,1.257,751.7,0,443.75,1000,W/m/K,1.185E+08,-0.87,3.439,-2.236,0,331.05,789.3,J/kmol
1-nonadecanol,795.0,K,1140000.0,Pa,1.11334,m3/kmol,0.192492,624.0,K,284.52,,,0.86,-588000000.0,J/kmol,-21800000.0,J/kmol,-11700000000.0,J/kmol,,,,,,,,,,,,,,,,417440,-1616.5,5.3948,-0.004348,0.0,206.89,494,J/kmol/K,133732,-592.84,13.3975,4.30271e-05,-2.37e-08,206.9,1500,J/kmol/K,-15.868,1434.8,0.68071,0.0,0,206.89,443.75,Pa.s,0.20237,-0.00024187,0.0,0.0,0.0,206.89,443.75,W/m/K,2.7232e-05,1.257,751.7,0,443.75,1000,W/m/K,,,,,,,,
1-eicosanol,808.23,K,1070000.0,Pa,1.156,m3/kmol,0.238,646.0,K,298.547,0.3682,m3/kmol,0.878895,-605000000.0,J/kmol,-15900000.0,J/kmol,-12100000000.0,J/kmol,0.15382,0.21227,807.7,0.294,338.55,807.7,kmol/m3,186.67,-21260.0,-22.021,3.68e-18,6.0,338.55,807.7,Pa,417440,-1616.5,5.3948,-0.004348,0.0,206.89,494,J/kmol/K,133732,-592.84,13.3975,4.30271e-05,-2.37e-08,206.9,1500,J/kmol/K,-15.868,1434.8,0.68071,0.0,0,206.89,443.75,Pa.s,0.20237,-0.00024187,0.0,0.0,0.0,206.89,443.75,W/m/K,2.7232e-05,1.257,751.7,0,443.75,1000,W/m/K,1.1453E+08,-1.1792,3.7922,-2.2893,0,338.55,807.7,J/kmol
Octanal,621.0,K,2550000.0,Pa,0.474,m3/kmol,0.272,445.93,K,128.212,0.156725,m3/kmol,0.463565,-285000000.0,J/kmol,-78300000.0,J/kmol,-4740000000.0,J/kmol,0.53636,0.26174,638.9,0.26348,246.0,638.9,kmol/m3,83.601,-8865.8,-8.5711,7.94e-18,6.0,246.0,638.9,Pa,417440,-1616.5,5.3948,-0.004348,0.0,206.89,494,J/kmol/K,133732,-592.84,13.3975,4.30271e-05,-2.37e-08,206.9,1500,J/kmol/K,-15.868,1434.8,0.68071,0.0,0,206.89,443.75,Pa.s,0.20237,-0.00024187,0.0,0.0,0.0,206.89,443.75,W/m/K,2.7232e-05,1.257,751.7,0,443.75,1000,W/m/K,6.7735E+07,0.40607,0,0,0,246,638.9,J/kmol
Nonanal,640.0,K,2330000.0,Pa,0.527,m3/kmol,0.263,468.15,K,142.239,0.172881,m3/kmol,0.511744,-305000000.0,J/kmol,-75500000.0,J/kmol,-5350000000.0,J/kmol,0.49587,0.26135,658.0,0.30736,255.15,658.0,kmol/m3,337.71,-18506.0,-50.224,0.047345,1.0,255.15,658.0,Pa,417440,-1616.5,5.3948,-0.004348,0.0,206.89,494,J/kmol/K,133732,-592.84,13.3975,4.30271e-05,-2.37e-08,206.9,1500,J/kmol/K,-15.868,1434.8,0.68071,0.0,0,206.89,443.75,Pa.s,0.20237,-0.00024187,0.0,0.0,0.0,206.89,443.75,W/m/K,2.7232e-05,1.257,751.7,0,443.75,1000,W/m/K,7.3363E+07,0.4,0,0,0,255.15,658,J/kmol
Decanal,657.0,K,2150000.0,Pa,0.58,m3/kmol,0.269,488.15,K,156.265,0.190266,m3/kmol,0.582008,-326000000.0,J/kmol,-67400000.0,J/kmol,-5960000000.0,J/kmol,0.46802,0.27146,674.2,0.26869,267.15,674.2,kmol/m3,201.64,-15133.0,-26.264,1.4625e-05,2.0,267.15,674.2,Pa,417440,-1616.5,5.3948,-0.004348,0.0,206.89,494,J/kmol/K,133732,-592.84,13.3975,4.30271e-05,-2.37e-08,206.9,1500,J/kmol/K,-15.868,1434.8,0.68071,0.0,0,206.89,443.75,Pa.s,0.20237,-0.00024187,0.0,0.0,0.0,206.89,443.75,W/m/K,2.7232e-05,1.257,751.7,0,443.75,1000,W/m/K,7.9073E+07,0.4129,0,0,0,267.15,674.2,J/kmol
Undecanal,672.0,K,2000000.0,Pa,0.632,m3/kmol,0.274,506.15,K,170.292,0.206847,m3/kmol,0.62049,-351000000.0,J/kmol,-59000000.0,J/kmol,-6570000000.0,J/kmol,0.4151,0.26234,692.0,0.32062,273.15,692.0,kmol/m3,279.51,-19557.0,-37.686,2.0752e-05,2.0,273.15,692.0,Pa,417440,-1616.5,5.3948,-0.004348,0.0,206.89,494,J/kmol/K,133732,-592.84,13.3975,4.30271e-05,-2.37e-08,206.9,1500,J/kmol/K,-15.868,1434.8,0.68071,0.0,0,206.89,443.75,Pa.s,0.20237,-0.00024187,0.0,0.0,0.0,206.89,443.75,W/m/K,2.7232e-05,1.257,751.7,0,443.75,1000,W/m/K,8.4818E+07,0.42224,0,0,0,273.15,692,J/kmol
Dodecanal,685.0,K,1860000.0,Pa,0.685,m3/kmol,0.28,523.15,K,184.318,0.223459,m3/kmol,0.674965,-374000000.0,J/kmol,-51100000.0,J/kmol,-7180000000.0,J/kmol,0.38184,0.26156,708.0,0.32925,285.15,708.0,kmol/m3,294.12,-18459.0,-42.609,0.037098,1.0,285.15,708.0,Pa,417440,-1616.5,5.3948,-0.004348,0.0,206.89,494,J/kmol/K,133732,-592.84,13.3975,4.30271e-05,-2.37e-08,206.9,1500,J/kmol/K,-15.868,1434.8,0.68071,0.0,0,206.89,443.75,Pa.s,0.20237,-0.00024187,0.0,0.0,0.0,206.89,443.75,W/m/K,2.7232e-05,1.257,751.7,0,443.75,1000,W/m/K,9.0902E+07,0.42785,0,0,0,285.15,708,J/kmol
Tridecanal,700.0,K,1740000.0,Pa,0.738,m3/kmol,0.288,540.15,K,198.345,0.239988,m3/kmol,0.716147,-392000000.0,J/kmol,-43000000.0,J/kmol,-7790000000.0,J/kmol,0.35265,0.26026,724.0,0.34079,288.15,724.0,kmol/m3,342.48,-21187.0,-50.022,0.042594,1.0,288.15,724.0,Pa,417440,-1616.5,5.3948,-0.004348,0.0,206.89,494,J/kmol/K,133732,-592.84,13.3975,4.30271e-05,-2.37e-08,206.9,1500,J/kmol/K,-15.868,1434.8,0.68071,0.0,0,206.89,443.75,Pa.s,0.20237,-0.00024187,0.0,0.0,0.0,206.89,443.75,W/m/K,2.7232e-05,1.257,751.7,0,443.75,1000,W/m/K,9.6185E+07,0.43102,0,0,0,288.15,724,J/kmol
Tetradecanal,721.78,K,1610000.0,Pa,0.82616,m3/kmol,0.221095,550.837,K,212.372,0.25519,m3/kmol,0.777684,-418000000.0,J/kmol,-28200000.0,J/kmol,-8480000000.0,J/kmol,,,,,,,,,,,,,,,,417440,-1616.5,5.3948,-0.004348,0.0,206.89,494,J/kmol/K,133732,-592.84,13.3975,4.30271e-05,-2.37e-08,206.9,1500,J/kmol/K,-15.868,1434.8,0.68071,0.0,0,206.89,443.75,Pa.s,0.20237,-0.00024187,0.0,0.0,0.0,206.89,443.75,W/m/K,2.7232e-05,1.257,751.7,0,443.75,1000,W/m/K,,,,,,,,
Pentadecanal,733.174,K,1490000.0,Pa,0.88192,m3/kmol,0.216139,559.15,K,226.398,0.2716,m3/kmol,0.82786,-439000000.0,J/kmol,-19700000.0,J/kmol,-9100000000.0,J/kmol,,,,,,,,,,,,,,,,417440,-1616.5,5.3948,-0.004348,0.0,206.89,494,J/kmol/K,133732,-592.84,13.3975,4.30271e-05,-2.37e-08,206.9,1500,J/kmol/K,-15.868,1434.8,0.68071,0.0,0,206.89,443.75,Pa.s,0.20237,-0.00024187,0.0,0.0,0.0,206.89,443.75,W/m/K,2.7232e-05,1.257,751.7,0,443.75,1000,W/m/K,,,,,,,,
Hexadecanal,743.894,K,1390000.0,Pa,0.93768,m3/kmol,0.211379,574.827,K,240.425,0.28801,m3/kmol,0.877588,-459000000.0,J/kmol,-11100000.0,J/kmol,-9710000000.0,J/kmol,,,,,,,,,,,,,,,,417440,-1616.5,5.3948,-0.004348,0.0,206.89,494,J/kmol/K,133732,-592.84,13.3975,4.30271e-05,-2.37e-08,206.9,1500,J/kmol/K,-15.868,1434.8,0.68071,0.0,0,206.89,443.75,Pa.s,0.20237,-0.00024187,0.0,0.0,0.0,206.89,443.75,W/m/K,2.7232e-05,1.257,751.7,0,443.75,1000,W/m/K,,,,,,,,
Heptadecanal,754.015,K,1310000.0,Pa,0.99344,m3/kmol,0.206824,585.843,K,254.451,0.30442,m3/kmol,0.926868,-480000000.0,J/kmol,-2520000.0,J/kmol,-10300000000.0,J/kmol,,,,,,,,,,,,,,,,417440,-1616.5,5.3948,-0.004348,0.0,206.89,494,J/kmol/K,133732,-592.84,13.3975,4.30271e-05,-2.37e-08,206.9,1500,J/kmol/K,-15.868,1434.8,0.68071,0.0,0,206.89,443.75,Pa.s,0.20237,-0.00024187,0.0,0.0,0.0,206.89,443.75,W/m/K,2.7232e-05,1.257,751.7,0,443.75,1000,W/m/K,,,,,,,,
Octadecanal,763.6,K,1230000.0,Pa,1.0492,m3/kmol,0.202479,596.295,K,268.478,0.32083,m3/kmol,0.975702,-500000000.0,J/kmol,6050000.0,J/kmol,-10900000000.0,J/kmol,,,,,,,,,,,,,,,,417440,-1616.5,5.3948,-0.004348,0.0,206.89,494,J/kmol/K,133732,-592.84,13.3975,4.30271e-05,-2.37e-08,206.9,1500,J/kmol/K,-15.868,1434.8,0.68071,0.0,0,206.89,443.75,Pa.s,0.20237,-0.00024187,0.0,0.0,0.0,206.89,443.75,W/m/K,2.7232e-05,1.257,751.7,0,443.75,1000,W/m/K,,,,,,,,
Nonadecanal,772.704,K,1150000.0,Pa,1.10496,m3/kmol,0.198341,606.238,K,282.504,0.33724,m3/kmol,1.02409,-521000000.0,J/kmol,14600000.0,J/kmol,-11600000000.0,J/kmol,,,,,,,,,,,,,,,,417440,-1616.5,5.3948,-0.004348,0.0,206.89,494,J/kmol/K,133732,-592.84,13.3975,4.30271e-05,-2.37e-08,206.9,1500,J/kmol/K,-15.868,1434.8,0.68071,0.0,0,206.89,443.75,Pa.s,0.20237,-0.00024187,0.0,0.0,0.0,206.89,443.75,W/m/K,2.7232e-05,1.257,751.7,0,443.75,1000,W/m/K,,,,,,,,
Tricaprylin,850.7,K,593200.0,Pa,2.21,m3/kmol,0.185346,737.5,K,470.682,0.48362,m3/kmol,1.21743,-1560000000.0,J/kmol,-915000000.0,J/kmol,-15400000000.0,J/kmol,0.083867,0.18563,850.7,0.27299,283.05,850.7,kmol/m3,138.469,-19769.8,-15.2062,1.7e-18,6.0,283.0,850.0,Pa,417440,-1616.5,5.3948,-0.004348,0.0,206.89,494,J/kmol/K,133732,-592.84,13.3975,4.30271e-05,-2.37e-08,206.9,1500,J/kmol/K,-15.868,1434.8,0.68071,0.0,0,206.89,443.75,Pa.s,0.20237,-0.00024187,0.0,0.0,0.0,206.89,443.75,W/m/K,2.7232e-05,1.257,751.7,0,443.75,1000,W/m/K,,,,,,,,
Tricaprin,876.6,K,454600.0,Pa,2.82,m3/kmol,0.175891,782.1,K,554.842,0.6003,m3/kmol,1.39739,-1680000000.0,J/kmol,-863000000.0,J/kmol,-19100000000.0,J/kmol,0.062373,0.17597,876.6,0.27066,300.0,876.6,kmol/m3,153.941,-22490.9,-17.1146,1.57e-18,6.0,305.05,876.6,Pa,417440,-1616.5,5.3948,-0.004348,0.0,206.89,494,J/kmol/K,133732,-592.84,13.3975,4.30271e-05,-2.37e-08,206.9,1500,J/kmol/K,-15.868,1434.8,0.68071,0.0,0,206.89,443.75,Pa.s,0.20237,-0.00024187,0.0,0.0,0.0,206.89,443.75,W/m/K,2.7232e-05,1.257,751.7,0,443.75,1000,W/m/K,,,,,,,,
Trilaurin,896.6,K,357900.0,Pa,3.49,m3/kmol,0.167554,818.9,K,639.001,0.7067,m3/kmol,1.58783,-1810000000.0,J/kmol,-812000000.0,J/kmol,-22800000000.0,J/kmol,0.04801,0.16759,896.6,0.25468,318.65,896.6,kmol/m3,180.74,-26270.0,-20.514,1.57e-18,6.0,318.65,896.6,Pa,417440,-1616.5,5.3948,-0.004348,0.0,206.89,494,J/kmol/K,133732,-592.84,13.3975,4.30271e-05,-2.37e-08,206.9,1500,J/kmol/K,-15.868,1434.8,0.68071,0.0,0,206.89,443.75,Pa.s,0.20237,-0.00024187,0.0,0.0,0.0,206.89,443.75,W/m/K,2.7232e-05,1.257,751.7,0,443.75,1000,W/m/K,,,,,,,,
Trimyristin,912.4,K,288300.0,Pa,4.2,m3/kmol,0.159615,849.8,K,723.161,0.8155,m3/kmol,1.79963,-1930000000.0,J/kmol,-760000000.0,J/kmol,-26500000000.0,J/kmol,0.038004,0.15973,912.4,0.24954,330.15,912.4,kmol/m3,218.958,-31223.3,-25.3982,1.65e-18,6.0,330.15,912.4,Pa,417440,-1616.5,5.3948,-0.004348,0.0,206.89,494,J/kmol/K,133732,-592.84,13.3975,4.30271e-05,-2.37e-08,206.9,1500,J/kmol/K,-15.868,1434.8,0.68071,0.0,0,206.89,443.75,Pa.s,0.20237,-0.00024187,0.0,0.0,0.0,206.89,443.75,W/m/K,2.7232e-05,1.257,751.7,0,443.75,1000,W/m/K,,,,,,,,
Tripalmitin,925.3,K,236800.0,Pa,4.95,m3/kmol,0.15236,876.0,K,807.32,0.9224,m3/kmol,1.97439,-2050000000.0,J/kmol,-709000000.0,J/kmol,-30200000000.0,J/kmol,0.03078,0.15232,925.3,0.24886,338.9,925.3,kmol/m3,236.722,-34092.6,-27.6021,1.63e-18,6.0,338.9,925.3,Pa,417440,-1616.5,5.3948,-0.004348,0.0,206.89,494,J/kmol/K,133732,-592.84,13.3975,4.30271e-05,-2.37e-08,206.9,1500,J/kmol/K,-15.868,1434.8,0.68071,0.0,0,206.89,443.75,Pa.s,0.20237,-0.00024187,0.0,0.0,0.0,206.89,443.75,W/m/K,2.7232e-05,1.257,751.7,0,443.75,1000,W/m/K,,,,,,,,
Tristearin,936.0,K,197700.0,Pa,5.71,m3/kmol,0.145055,898.3,K,891.48,1.027,m3/kmol,2.0894,-2180000000.0,J/kmol,-658000000.0,J/kmol,-33800000000.0,J/kmol,0.025404,0.14493,936.0,0.25816,340.0,936.0,kmol/m3,225.789,-33906.9,-26.0721,1.5e-18,6.0,346.0,936.0,Pa,417440,-1616.5,5.3948,-0.004348,0.0,206.89,494,J/kmol/K,133732,-592.84,13.3975,4.30271e-05,-2.37e-08,206.9,1500,J/kmol/K,-15.868,1434.8,0.68071,0.0,0,206.89,443.75,Pa.s,0.20237,-0.00024187,0.0,0.0,0.0,206.89,443.75,W/m/K,2.7232e-05,1.257,751.7,0,443.75,1000,W/m/K,,,,,,,,
Triolein,935.3,K,200200.0,Pa,5.68,m3/kmol,0.146227,896.8,K,885.432,0.9743,m3/kmol,2.08832,-1830000000.0,J/kmol,-422000000.0,J/kmol,-33500000000.0,J/kmol,0.025744,0.14623,935.3,0.22577,278.15,935.3,kmol/m3,231.048,-34387.2,-26.765,1.53e-18,6.0,278.15,935.3,Pa,417440,-1616.5,5.3948,-0.004348,0.0,206.89,494,J/kmol/K,133732,-592.84,13.3975,4.30271e-05,-2.37e-08,206.9,1500,J/kmol/K,-15.868,1434.8,0.68071,0.0,0,206.89,443.75,Pa.s,0.20237,-0.00024187,0.0,0.0,0.0,206.89,443.75,W/m/K,2.7232e-05,1.257,751.7,0,443.75,1000,W/m/K,,,,,,,,
Trilinolein,934.6,K,202700.0,Pa,5.47,m3/kmol,0.142686,895.0,K,879.384,0.9544,m3/kmol,2.08419,-1470000000.0,J/kmol,-186000000.0,J/kmol,-33100000000.0,J/kmol,0.026085,0.14259,934.6,0.28571,262.15,934.6,kmol/m3,234.708,-34698.7,-27.2499,1.55e-18,6.0,262.15,934.6,Pa,417440,-1616.5,5.3948,-0.004348,0.0,206.89,494,J/kmol/K,133732,-592.84,13.3975,4.30271e-05,-2.37e-08,206.9,1500,J/kmol/K,-15.868,1434.8,0.68071,0.0,0,206.89,443.75,Pa.s,0.20237,-0.00024187,0.0,0.0,0.0,206.89,443.75,W/m/K,2.7232e-05,1.257,751.7,0,443.75,1000,W/m/K,,,,,,,,
Trilenollenin,933.8,K,205300.0,Pa,5.62,m3/kmol,0.148606,893.8,K,873.337,0.9352,m3/kmol,2.08154,-1120000000.0,J/kmol,50200000.0,J/kmol,-32700000000.0,J/kmol,0.025146,0.14132,933.8,0.2267,248.15,933.8,kmol/m3,234.412,-34629.2,-27.2143,1.55e-18,6.0,248.15,933.8,Pa,417440,-1616.5,5.3948,-0.004348,0.0,206.89,494,J/kmol/K,133732,-592.84,13.3975,4.30271e-05,-2.37e-08,206.9,1500,J/kmol/K,-15.868,1434.8,0.68071,0.0,0,206.89,443.75,Pa.s,0.20237,-0.00024187,0.0,0.0,0.0,206.89,443.75,W/m/K,2.7232e-05,1.257,751.7,0,443.75,1000,W/m/K,,,,,,,,
N-methyl-2-pyrrolidone,726.0,K,4780000.0,Pa,0.316,m3/kmol,0.234,475.15,K,99.1311,0.0966054,m3/kmol,0.373245,-211000000.0,J/kmol,-71600000.0,J/kmol,-2790000000.0,J/kmol,0.83172,0.25782,721.6,0.28269,249.15,721.6,kmol/m3,68.476,-8467.9,-6.3622,3.22e-18,6.0,249.15,721.6,Pa,417440,-1616.5,5.3948,-0.004348,0.0,206.89,494,J/kmol/K,133732,-592.84,13.3975,4.30271e-05,-2.37e-08,206.9,1500,J/kmol/K,-15.868,1434.8,0.68071,0.0,0,206.89,443.75,Pa.s,0.20237,-0.00024187,0.0,0.0,0.0,206.89,443.75,W/m/K,2.7232e-05,1.257,751.7,0,443.75,1000,W/m/K,6.5332E+07,0.34736,0,0,0,249.15,721.6,J/kmol
Benzothiophene,754.0,K,4140000.0,Pa,0.349,m3/kmol,0.23,494.15,K,134.198,0.111598,m3/kmol,0.295465,137000000.0,J/kmol,243000000.0,J/kmol,-4340000000.0,J/kmol,0.73945,0.25807,754.0,0.33304,304.5,754.0,kmol/m3,61.893,-8139.0,-5.4653,1.91e-18,6.0,304.5,754.0,Pa,417440,-1616.5,5.3948,-0.004348,0.0,206.89,494,J/kmol/K,133732,-592.84,13.3975,4.30271e-05,-2.37e-08,206.9,1500,J/kmol/K,-15.868,1434.8,0.68071,0.0,0,206.89,443.75,Pa.s,0.20237,-0.00024187,0.0,0.0,0.0,206.89,443.75,W/m/K,2.7232e-05,1.257,751.7,0,443.75,1000,W/m/K,6.5503E+07,0.3747,0,0,0,304.5,754,J/kmol
Phenyl mercaptan,689.0,K,4740000.0,Pa,0.315,m3/kmol,0.261,441.15,K,110.177,0.102698,m3/kmol,0.262789,112000000.0,J/kmol,148000000.0,J/kmol,-3450000000.0,J/kmol,0.83573,0.26326,689.0,0.30798,258.27,689.0,kmol/m3,77.765,-8455.1,-7.7404,4.31e-18,6.0,258.27,689.0,Pa,417440,-1616.5,5.3948,-0.004348,0.0,206.89,494,J/kmol/K,133732,-592.84,13.3975,4.30271e-05,-2.37e-08,206.9,1500,J/kmol/K,-15.868,1434.8,0.68071,0.0,0,206.89,443.75,Pa.s,0.20237,-0.00024187,0.0,0.0,0.0,206.89,443.75,W/m/K,2.7232e-05,1.257,751.7,0,443.75,1000,W/m/K,6.225E+07,0.4412,0,0,0,258.27,689,J/kmol
"1,1,1,2-tetrafluoroethane",374.1,K,4060000.0,Pa,0.1988,m3/kmol,0.259421,246.6,K,102.031,0.0846377,m3/kmol,0.333226,-896000000.0,J/kmol,-826000000.0,J/kmol,-133000000.0,J/kmol,1.31,0.26206,374.18,0.27779,169.85,374.18,kmol/m3,81.808,-4676.6,-9.4881,1.5122e-05,2.0,169.85,374.18,Pa,417440,-1616.5,5.3948,-0.004348,0.0,206.89,494,J/kmol/K,133732,-592.84,13.3975,4.30271e-05,-2.37e-08,206.9,1500,J/kmol/K,-15.868,1434.8,0.68071,0.0,0,206.89,443.75,Pa.s,0.20237,-0.00024187,0.0,0.0,0.0,206.89,443.75,W/m/K,2.7232e-05,1.257,751.7,0,443.75,1000,W/m/K,3.337E+07,0.37563,0,0,0,169.85,374.18,J/kmol
2-methyl-2-pentenal,605.0,K,3260000.0,Pa,0.355,m3/kmol,0.23,410.65,K,98.143,0.114867,m3/kmol,0.349385,-159000000.0,J/kmol,-45300000.0,J/kmol,-3370000000.0,J/kmol,0.71046,0.25221,605.0,0.29391,238.0,605.0,kmol/m3,61.405,-6817.6,-5.5302,5.74e-18,6.0,238.0,605.0,Pa,417440,-1616.5,5.3948,-0.004348,0.0,206.89,494,J/kmol/K,133732,-592.84,13.3975,4.30271e-05,-2.37e-08,206.9,1500,J/kmol/K,-15.868,1434.8,0.68071,0.0,0,206.89,443.75,Pa.s,0.20237,-0.00024187,0.0,0.0,0.0,206.89,443.75,W/m/K,2.7232e-05,1.257,751.7,0,443.75,1000,W/m/K,,,,,,,,
Propanal,493.15,K,4650000.0,Pa,0.223,m3/kmol,0.239,321.15,K,58.0791,0.0734076,m3/kmol,0.255909,-187000000.0,J/kmol,-124000000.0,J/kmol,-1690000000.0,J/kmol,1.296,0.26439,504.4,0.29471,170.0,504.4,kmol/m3,80.581,-5896.1,-8.9301,8.2236e-06,2.0,170.0,504.4,Pa,417440,-1616.5,5.3948,-0.004348,0.0,206.89,494,J/kmol/K,133732,-592.84,13.3975,4.30271e-05,-2.37e-08,206.9,1500,J/kmol/K,-15.868,1434.8,0.68071,0.0,0,206.89,443.75,Pa.s,0.20237,-0.00024187,0.0,0.0,0.0,206.89,443.75,W/m/K,2.7232e-05,1.257,751.7,0,443.75,1000,W/m/K,4.3E+07,0.38,0,0,0,170,504.4,J/kmol
Nonanal,640.0,K,2330000.0,Pa,0.527,m3/kmol,0.263,468.15,K,142.239,0.172881,m3/kmol,0.511744,-305000000.0,J/kmol,-75500000.0,J/kmol,-5350000000.0,J/kmol,0.49587,0.26135,658.0,0.30736,255.15,658.0,kmol/m3,337.71,-18506.0,-50.224,0.047345,1.0,255.15,658.0,Pa,417440,-1616.5,5.3948,-0.004348,0.0,206.89,494,J/kmol/K,133732,-592.84,13.3975,4.30271e-05,-2.37e-08,206.9,1500,J/kmol/K,-15.868,1434.8,0.68071,0.0,0,206.89,443.75,Pa.s,0.20237,-0.00024187,0.0,0.0,0.0,206.89,443.75,W/m/K,2.7232e-05,1.257,751.7,0,443.75,1000,W/m/K,7.5E+07,0.41,0,0,0,255.15,658,J/kmol
Undecanal,672.0,K,2000000.0,Pa,0.632,m3/kmol,0.274,506.15,K,170.292,0.206847,m3/kmol,0.62049,-351000000.0,J/kmol,-59000000.0,J/kmol,-6570000000.0,J/kmol,0.4151,0.26234,692.0,0.32062,273.15,692.0,kmol/m3,279.51,-19557.0,-37.686,2.0752e-05,2.0,273.15,692.0,Pa,417440,-1616.5,5.3948,-0.004348,0.0,206.89,494,J/kmol/K,133732,-592.84,13.3975,4.30271e-05,-2.37e-08,206.9,1500,J/kmol/K,-15.868,1434.8,0.68071,0.0,0,206.89,443.75,Pa.s,0.20237,-0.00024187,0.0,0.0,0.0,206.89,443.75,W/m/K,2.7232e-05,1.257,751.7,0,443.75,1000,W/m/K,8.5E+07,0.38,0,0,0,273.15,692,J/kmol
Tridecanal,700.0,K,1740000.0,Pa,0.738,m3/kmol,0.288,540.15,K,198.345,0.239988,m3/kmol,0.716147,-392000000.0,J/kmol,-43000000.0,J/kmol,-7790000000.0,J/kmol,0.35265,0.26026,724.0,0.34079,288.15,724.0,kmol/m3,342.48,-21187.0,-50.022,0.042594,1.0,288.15,724.0,Pa,417440,-1616.5,5.3948,-0.004348,0.0,206.89,494,J/kmol/K,133732,-592.84,13.3975,4.30271e-05,-2.37e-08,206.9,1500,J/kmol/K,-15.868,1434.8,0.68071,0.0,0,206.89,443.75,Pa.s,0.20237,-0.00024187,0.0,0.0,0.0,206.89,443.75,W/m/K,2.7232e-05,1.257,751.7,0,443.75,1000,W/m/K,9.2E+07,0.35,0,0,0,288.15,724,J/kmol
4-formylmorpholine,779.3,K,5080000.0,Pa,0.328,m3/kmol,0.257157,513.15,K,115.13,0.120773,m3/kmol,0.402833,-303000000.0,J/kmol,-133000000.0,J/kmol,-2690000000.0,J/kmol,0.78401,0.25715,779.3,0.28571,293.65,779.3,kmol/m3,85.1793,-10241.0,-8.61428,3.39e-18,6.0,293.65,779.3,Pa,417440,-1616.5,5.3948,-0.004348,0.0,206.89,494,J/kmol/K,133732,-592.84,13.3975,4.30271e-05,-2.37e-08,206.9,1500,J/kmol/K,-15.868,1434.8,0.68071,0.0,0,206.89,443.75,Pa.s,0.20237,-0.00024187,0.0,0.0,0.0,206.89,443.75,W/m/K,2.7232e-05,1.257,751.7,0,443.75,1000,W/m/K,7.1016E+07,-0.26791,1.7629,-1.2372,0,293.65,779.3,J/kmol
Arachidic acid,839.0,K,1260000.0,Pa,1.27,m3/kmol,0.224,668.53,K,312.53,0.3714,m3/kmol,1.08228,-806000000.0,J/kmol,-228000000.0,J/kmol,-11700000000.0,J/kmol,0.18684,0.23729,820.0,0.28571,348.23,820.0,kmol/m3,228.09,-25369.0,-27.528,5.05e-18,6.0,348.23,820.0,Pa,417440,-1616.5,5.3948,-0.004348,0.0,206.89,494,J/kmol/K,133732,-592.84,13.3975,4.30271e-05,-2.37e-08,206.9,1500,J/kmol/K,-15.868,1434.8,0.68071,0.0,0,206.89,443.75,Pa.s,0.20237,-0.00024187,0.0,0.0,0.0,206.89,443.75,W/m/K,2.7232e-05,1.257,751.7,0,443.75,1000,W/m/K,1.4552E+08,-1.0038,3.9211,-2.6101,0,348.23,820,J/kmol
Pimaric acid,807.1,K,1650000.0,Pa,0.998,m3/kmol,0.245,623.1,K,302.451,0.3404,m3/kmol,0.791651,-472000000.0,J/kmol,21700000.0,J/kmol,-10900000000.0,J/kmol,0.24558,0.245,807.1,0.28571,491.65,807.1,kmol/m3,107.09,-14503.0,-11.25,1.81e-18,6.0,491.65,807.1,Pa,417440,-1616.5,5.3948,-0.004348,0.0,206.89,494,J/kmol/K,133732,-592.84,13.3975,4.30271e-05,-2.37e-08,206.9,1500,J/kmol/K,-15.868,1434.8,0.68071,0.0,0,206.89,443.75,Pa.s,0.20237,-0.00024187,0.0,0.0,0.0,206.89,443.75,W/m/K,2.7232e-05,1.257,751.7,0,443.75,1000,W/m/K,9.859E+07,0.04316,0.58109,-0.2835,0,491.65,807.1,J/kmol
Palustric acid,789.0,K,1720000.0,Pa,0.993,m3/kmol,0.26,616.0,K,302.451,0.341647,m3/kmol,0.917368,-507000000.0,J/kmol,-104000000.0,J/kmol,-10700000000.0,J/kmol,0.26219,0.26,789.0,0.28571,441.65,789.0,kmol/m3,118.67,-15602.0,-12.756,2.28e-18,6.0,441.65,789.0,Pa,417440,-1616.5,5.3948,-0.004348,0.0,206.89,494,J/kmol/K,133732,-592.84,13.3975,4.30271e-05,-2.37e-08,206.9,1500,J/kmol/K,-15.868,1434.8,0.68071,0.0,0,206.89,443.75,Pa.s,0.20237,-0.00024187,0.0,0.0,0.0,206.89,443.75,W/m/K,2.7232e-05,1.257,751.7,0,443.75,1000,W/m/K,1.2199E+08,0.54174,-0.10011,-0.059356,0,441.65,789,J/kmol
Isopimaric acid,807.1,K,1650000.0,Pa,0.998,m3/kmol,0.245,623.1,K,302.451,0.3233,m3/kmol,0.790828,-473000000.0,J/kmol,21800000.0,J/kmol,-10800000000.0,J/kmol,0.24558,0.245,807.1,0.28571,435.65,807.1,kmol/m3,107.1,-14504.0,-11.251,1.81e-18,6.0,435.65,807.1,Pa,417440,-1616.5,5.3948,-0.004348,0.0,206.89,494,J/kmol/K,133732,-592.84,13.3975,4.30271e-05,-2.37e-08,206.9,1500,J/kmol/K,-15.868,1434.8,0.68071,0.0,0,206.89,443.75,Pa.s,0.20237,-0.00024187,0.0,0.0,0.0,206.89,443.75,W/m/K,2.7232e-05,1.257,751.7,0,443.75,1000,W/m/K,1.1073E+08,0.41999,0.047608,-0.092815,0,435.65,807.1,J/kmol
Abietic acid,832.0,K,1680000.0,Pa,0.998,m3/kmol,0.242,649.7,K,302.451,0.31909,m3/kmol,1.12877,-537000000.0,J/kmol,-50900000.0,J/kmol,-10900000000.0,J/kmol,0.24286,0.242,832.0,0.28571,446.65,832.0,kmol/m3,88.409,-14612.0,-8.7539,5.4553e-06,2.0,446.65,649.7,Pa,417440,-1616.5,5.3948,-0.004348,0.0,206.89,494,J/kmol/K,133732,-592.84,13.3975,4.30271e-05,-2.37e-08,206.9,1500,J/kmol/K,-15.868,1434.8,0.68071,0.0,0,206.89,443.75,Pa.s,0.20237,-0.00024187,0.0,0.0,0.0,206.89,443.75,W/m/K,2.7232e-05,1.257,751.7,0,443.75,1000,W/m/K,1.4483E+08,0.456,0,0,0,446.65,832,J/kmol
Dehydroabietic acid,828.0,K,1750000.0,Pa,0.98,m3/kmol,0.249,645.0,K,300.435,0.321241,m3/kmol,0.91535,-550000000.0,J/kmol,-80700000.0,J/kmol,-11300000000.0,J/kmol,0.2542,0.249,828.0,0.28571,445.65,828.0,kmol/m3,119.34,-16370.0,-12.762,1.71e-18,6.0,445.65,828.0,Pa,417440,-1616.5,5.3948,-0.004348,0.0,206.89,494,J/kmol/K,133732,-592.84,13.3975,4.30271e-05,-2.37e-08,206.9,1500,J/kmol/K,-15.868,1434.8,0.68071,0.0,0,206.89,443.75,Pa.s,0.20237,-0.00024187,0.0,0.0,0.0,206.89,443.75,W/m/K,2.7232e-05,1.257,751.7,0,443.75,1000,W/m/K,1.1883E+08,0.3802,0,0,0,445.65,828,J/kmol
Neoabietic acid,812.0,K,1670000.0,Pa,0.998,m3/kmol,0.247,631.0,K,302.451,0.327998,m3/kmol,0.859767,,,,,,,0.24736,0.247,812.0,0.28571,446.4,812.0,kmol/m3,113.73,-15396.0,-12.086,1.84e-18,6.0,446.4,812.0,Pa,417440,-1616.5,5.3948,-0.004348,0.0,206.89,494,J/kmol/K,133732,-592.84,13.3975,4.30271e-05,-2.37e-08,206.9,1500,J/kmol/K,-15.868,1434.8,0.68071,0.0,0,206.89,443.75,Pa.s,0.20237,-0.00024187,0.0,0.0,0.0,206.89,443.75,W/m/K,2.7232e-05,1.257,751.7,0,443.75,1000,W/m/K,1.126E+08,0.38076,0,0,0,446.4,812,J/kmol
Sitosterol,953.0,K,1120000.0,Pa,1.46,m3/kmol,0.206,778.0,K,414.707,0.38043,m3/kmol,1.05429,,,,,,,0.14135,0.206,953.0,0.28571,413.15,953.0,kmol/m3,134.8,-20847.0,-14.52,8.12e-19,6.0,413.15,953.0,Pa,417440,-1616.5,5.3948,-0.004348,0.0,206.89,494,J/kmol/K,133732,-592.84,13.3975,4.30271e-05,-2.37e-08,206.9,1500,J/kmol/K,-15.868,1434.8,0.68071,0.0,0,206.89,443.75,Pa.s,0.20237,-0.00024187,0.0,0.0,0.0,206.89,443.75,W/m/K,2.7232e-05,1.257,751.7,0,443.75,1000,W/m/K,1.5127E+08,0.38869,0,0,0,413.15,953,J/kmol
Alpha-terpineol,675.0,K,2950000.0,Pa,0.507,m3/kmol,0.266,492.95,K,154.249,0.166571,m3/kmol,0.69921,-239000000.0,J/kmol,18900000.0,J/kmol,-5790000000.0,J/kmol,0.52563,0.266,675.0,0.28571,309.65,675.0,kmol/m3,79.319,-9967.8,-7.678,3.87e-18,6.0,309.65,675.0,Pa,417440,-1616.5,5.3948,-0.004348,0.0,206.89,494,J/kmol/K,133732,-592.84,13.3975,4.30271e-05,-2.37e-08,206.9,1500,J/kmol/K,-15.868,1434.8,0.68071,0.0,0,206.89,443.75,Pa.s,0.20237,-0.00024187,0.0,0.0,0.0,206.89,443.75,W/m/K,2.7232e-05,1.257,751.7,0,443.75,1000,W/m/K,8.3922E+07,0.71987,-0.72793,0.37637,0,309.65,675,J/kmol
Alpha-terpinene,649.0,K,2800000.0,Pa,0.489,m3/kmol,0.254,450.15,K,136.234,0.162557,m3/kmol,0.372078,-20600000.0,J/kmol,178000000.0,J/kmol,-5800000000.0,J/kmol,0.55613,0.27195,649.0,0.27229,220.0,649.0,kmol/m3,91.496,-8620.5,-10.11,4.9702e-06,2.0,220.0,649.0,Pa,417440,-1616.5,5.3948,-0.004348,0.0,206.89,494,J/kmol/K,133732,-592.84,13.3975,4.30271e-05,-2.37e-08,206.9,1500,J/kmol/K,-15.868,1434.8,0.68071,0.0,0,206.89,443.75,Pa.s,0.20237,-0.00024187,0.0,0.0,0.0,206.89,443.75,W/m/K,2.7232e-05,1.257,751.7,0,443.75,1000,W/m/K,6.2485E+07,0.39448,0,0,0,220,649,J/kmol
Alpha-pinene,632.0,K,2760000.0,Pa,0.504,m3/kmol,0.234,428.15,K,136.234,0.158957,m3/kmol,0.220949,28300000.0,J/kmol,216000000.0,J/kmol,-5850000000.0,J/kmol,0.62321,0.28293,644.0,0.29739,209.15,644.0,kmol/m3,97.752,-8491.6,-11.124,5.33e-06,2.0,209.15,644.0,Pa,417440,-1616.5,5.3948,-0.004348,0.0,206.89,494,J/kmol/K,133732,-592.84,13.3975,4.30271e-05,-2.37e-08,206.9,1500,J/kmol/K,-15.868,1434.8,0.68071,0.0,0,206.89,443.75,Pa.s,0.20237,-0.00024187,0.0,0.0,0.0,206.89,443.75,W/m/K,2.7232e-05,1.257,751.7,0,443.75,1000,W/m/K,5.6472E+07,0.38027,0,0,0,209.15,644,J/kmol
Paraldehyde,579.0,K,3500000.0,Pa,0.365,m3/kmol,0.265,397.02,K,132.158,0.134142,m3/kmol,0.436798,-645000000.0,J/kmol,-397000000.0,J/kmol,-3130000000.0,J/kmol,0.78044,0.28486,579.0,0.31341,285.75,579.0,kmol/m3,74.878,-7566.5,-7.4103,1.06e-17,6.0,285.75,579.0,Pa,417440,-1616.5,5.3948,-0.004348,0.0,206.89,494,J/kmol/K,133732,-592.84,13.3975,4.30271e-05,-2.37e-08,206.9,1500,J/kmol/K,-15.868,1434.8,0.68071,0.0,0,206.89,443.75,Pa.s,0.20237,-0.00024187,0.0,0.0,0.0,206.89,443.75,W/m/K,2.7232e-05,1.257,751.7,0,443.75,1000,W/m/K,5.9633E+07,0.40029,0,0,0,285.75,579,J/kmol
2-methylpyridine,621.0,K,4380000.0,Pa,0.32,m3/kmol,0.298,402.45,K,93.1265,0.0990828,m3/kmol,0.299004,101000000.0,J/kmol,177000000.0,J/kmol,-3260000000.0,J/kmol,0.70358,0.2357,621.0,0.26124,206.44,621.0,kmol/m3,91.273,-7841.2,-10.216,6.2148e-06,2.0,206.44,621.0,Pa,417440,-1616.5,5.3948,-0.004348,0.0,206.89,494,J/kmol/K,133732,-592.84,13.3975,4.30271e-05,-2.37e-08,206.9,1500,J/kmol/K,-15.868,1434.8,0.68071,0.0,0,206.89,443.75,Pa.s,0.20237,-0.00024187,0.0,0.0,0.0,206.89,443.75,W/m/K,2.7232e-05,1.257,751.7,0,443.75,1000,W/m/K,5.4387E+07,0.38178,0,0,0,206.44,621,J/kmol
3-methylpyridine,645.0,K,4380000.0,Pa,0.32,m3/kmol,0.278,417.29,K,93.1265,0.0977954,m3/kmol,0.29778,106000000.0,J/kmol,184000000.0,J/kmol,-3270000000.0,J/kmol,0.77194,0.24702,645.0,0.26619,255.01,645.0,kmol/m3,93.075,-8172.2,-10.444,6.0393e-06,2.0,255.01,645.0,Pa,417440,-1616.5,5.3948,-0.004348,0.0,206.89,494,J/kmol/K,133732,-592.84,13.3975,4.30271e-05,-2.37e-08,206.9,1500,J/kmol/K,-15.868,1434.8,0.68071,0.0,0,206.89,443.75,Pa.s,0.20237,-0.00024187,0.0,0.0,0.0,206.89,443.75,W/m/K,2.7232e-05,1.257,751.7,0,443.75,1000,W/m/K,5.5826E+07,0.37518,0,0,0,255.01,645,J/kmol
4-methylpyridine,646.15,K,4660000.0,Pa,0.326,m3/kmol,0.283,418.05,K,93.1265,0.098027,m3/kmol,0.301,104000000.0,J/kmol,182000000.0,J/kmol,-3270000000.0,J/kmol,0.74276,0.24214,646.15,0.26779,276.82,646.15,kmol/m3,90.839,-8103.6,-10.096,5.7026e-06,2.0,276.82,646.15,Pa,417440,-1616.5,5.3948,-0.004348,0.0,206.89,494,J/kmol/K,133732,-592.84,13.3975,4.30271e-05,-2.37e-08,206.9,1500,J/kmol/K,-15.868,1434.8,0.68071,0.0,0,206.89,443.75,Pa.s,0.20237,-0.00024187,0.0,0.0,0.0,206.89,443.75,W/m/K,2.7232e-05,1.257,751.7,0,443.75,1000,W/m/K,5.6066E+07,0.37806,0,0,0,276.82,646.15,J/kmol
"2,6-dimethylpyridine",623.8,K,3780000.0,Pa,0.373,m3/kmol,0.27,417.15,K,107.153,0.116747,m3/kmol,0.345329,58700000.0,J/kmol,168000000.0,J/kmol,-3860000000.0,J/kmol,0.67813,0.25294,623.75,0.25905,267.0,623.75,kmol/m3,78.801,-7637.8,-8.2293,3.9754e-06,2.0,267.0,623.75,Pa,417440,-1616.5,5.3948,-0.004348,0.0,206.89,494,J/kmol/K,133732,-592.84,13.3975,4.30271e-05,-2.37e-08,206.9,1500,J/kmol/K,-15.868,1434.8,0.68071,0.0,0,206.89,443.75,Pa.s,0.20237,-0.00024187,0.0,0.0,0.0,206.89,443.75,W/m/K,2.7232e-05,1.257,751.7,0,443.75,1000,W/m/K,5.7854E+07,0.38366,0,0,0,267,623.75,J/kmol
"2,5-dimethylpyridine",644.2,K,3780000.0,Pa,0.373,m3/kmol,0.27,417.15,K,107.153,0.116747,m3/kmol,0.345329,58700000.0,J/kmol,168000000.0,J/kmol,-3860000000.0,J/kmol,0.67813,0.25294,623.75,0.25905,267.0,623.75,kmol/m3,78.801,-7637.8,-8.2293,3.9754e-06,2.0,267.0,623.75,Pa,417440,-1616.5,5.3948,-0.004348,0.0,206.89,494,J/kmol/K,133732,-592.84,13.3975,4.30271e-05,-2.37e-08,206.9,1500,J/kmol/K,-15.868,1434.8,0.68071,0.0,0,206.89,443.75,Pa.s,0.20237,-0.00024187,0.0,0.0,0.0,206.89,443.75,W/m/K,2.7232e-05,1.257,751.7,0,443.75,1000,W/m/K,5.7854E+07,0.38366,0,0,0,267,623.75,J/kmol
Dichloromethane,510.0,K,6080000.0,Pa,0.185,m3/kmol,0.265,312.9,K,84.9326,0.0644283,m3/kmol,0.199,-95500000.0,J/kmol,-69000000.0,J/kmol,-514000000.0,J/kmol,1.3897,0.25678,510.0,0.2902,178.01,510.0,kmol/m3,101.6,-6541.6,-12.247,1.2311e-05,2.0,178.01,510.0,Pa,417440,-1616.5,5.3948,-0.004348,0.0,206.89,494,J/kmol/K,133732,-592.84,13.3975,4.30271e-05,-2.37e-08,206.9,1500,J/kmol/K,-15.868,1434.8,0.68071,0.0,0,206.89,443.75,Pa.s,0.20237,-0.00024187,0.0,0.0,0.0,206.89,443.75,W/m/K,2.7232e-05,1.257,751.7,0,443.75,1000,W/m/K,4.186E+07,0.4092,0,0,0,178.01,510,J/kmol
"1,2,4-trichlorobenzene",726.4,K,4520000.0,Pa,0.405925,m3/kmol,0.244,486.15,K,181.447,0.12525,m3/kmol,0.358106,-11800000.0,J/kmol,43100000.0,J/kmol,-2660000000.0,J/kmol,0.61713,0.2524,725.0,0.2857,290.15,725.0,kmol/m3,40.801,-6659.1,-2.5549,0.00046936,1.0,290.15,725.0,Pa,417440,-1616.5,5.3948,-0.004348,0.0,206.89,494,J/kmol/K,133732,-592.84,13.3975,4.30271e-05,-2.37e-08,206.9,1500,J/kmol/K,-15.868,1434.8,0.68071,0.0,0,206.89,443.75,Pa.s,0.20237,-0.00024187,0.0,0.0,0.0,206.89,443.75,W/m/K,2.7232e-05,1.257,751.7,0,443.75,1000,W/m/K,6.897E+07,0.4026,0,0,0,290.15,725,J/kmol
"1,2,3-trichlorobenzene",734.0,K,4510000.0,Pa,0.395,m3/kmol,0.292,491.75,K,181.447,0.125,m3/kmol,0.426279,9000000.0,J/kmol,67200000.0,J/kmol,-2790000000.0,J/kmol,0.6469,0.25553,734.0,0.305,325.65,734.0,kmol/m3,45.399,-7304.7,-3.0695,8.15e-19,6.0,325.65,734.0,Pa,417440,-1616.5,5.3948,-0.004348,0.0,206.89,494,J/kmol/K,133732,-592.84,13.3975,4.30271e-05,-2.37e-08,206.9,1500,J/kmol/K,-15.868,1434.8,0.68071,0.0,0,206.89,443.75,Pa.s,0.20237,-0.00024187,0.0,0.0,0.0,206.89,443.75,W/m/K,2.7232e-05,1.257,751.7,0,443.75,1000,W/m/K,6.3996E+07,0.29564,0,0,0,325.65,734,J/kmol
"1,3,5-trichlorobenzene",718.0,K,3720000.0,Pa,0.425,m3/kmol,0.265,481.15,K,181.447,0.130907,m3/kmol,0.359565,-6900000.0,J/kmol,53300000.0,J/kmol,-2670000000.0,J/kmol,0.57608,0.24484,718.0,0.28142,336.65,718.0,kmol/m3,41.406,-6644.2,-2.6176,3.694e-07,2.0,336.65,718.0,Pa,417440,-1616.5,5.3948,-0.004348,0.0,206.89,494,J/kmol/K,133732,-592.84,13.3975,4.30271e-05,-2.37e-08,206.9,1500,J/kmol/K,-15.868,1434.8,0.68071,0.0,0,206.89,443.75,Pa.s,0.20237,-0.00024187,0.0,0.0,0.0,206.89,443.75,W/m/K,2.7232e-05,1.257,751.7,0,443.75,1000,W/m/K,5.6862E+07,0.24794,0,0,0,336.65,718,J/kmol
2-methylanisole,646.356,K,3510000.0,Pa,0.3935,m3/kmol,0.257281,444.2,K,122.164,0.13081,m3/kmol,0.445804,-116000000.0,J/kmol,14300000.0,J/kmol,,,,,,,,,,,,,,,,,,417440,-1616.5,5.3948,-0.004348,0.0,206.89,494,J/kmol/K,133732,-592.84,13.3975,4.30271e-05,-2.37e-08,206.9,1500,J/kmol/K,-15.868,1434.8,0.68071,0.0,0,206.89,443.75,Pa.s,0.20237,-0.00024187,0.0,0.0,0.0,206.89,443.75,W/m/K,2.7232e-05,1.257,751.7,0,443.75,1000,W/m/K,,,,,,,,
"2,6-dimethylanisole",672.877,K,3090000.0,Pa,0.4495,m3/kmol,0.248531,455.7,K,136.191,0.14652,m3/kmol,0.331362,-148000000.0,J/kmol,13100000.0,J/kmol,,,,,,,,,,,,,,,,,,417440,-1616.5,5.3948,-0.004348,0.0,206.89,494,J/kmol/K,133732,-592.84,13.3975,4.30271e-05,-2.37e-08,206.9,1500,J/kmol/K,-15.868,1434.8,0.68071,0.0,0,206.89,443.75,Pa.s,0.20237,-0.00024187,0.0,0.0,0.0,206.89,443.75,W/m/K,2.7232e-05,1.257,751.7,0,443.75,1000,W/m/K,,,,,,,,
"2,4,6-trimethylanisole",699.094,K,2740000.0,Pa,0.5055,m3/kmol,0.238638,478.7,K,150.218,0.16223,m3/kmol,0.331359,-180000000.0,J/kmol,11800000.0,J/kmol,,,,,,,,,,,,,,,,,,417440,-1616.5,5.3948,-0.004348,0.0,206.89,494,J/kmol/K,133732,-592.84,13.3975,4.30271e-05,-2.37e-08,206.9,1500,J/kmol/K,-15.868,1434.8,0.68071,0.0,0,206.89,443.75,Pa.s,0.20237,-0.00024187,0.0,0.0,0.0,206.89,443.75,W/m/K,2.7232e-05,1.257,751.7,0,443.75,1000,W/m/K,,,,,,,,
o-ethylphenol,715.746,K,4410000.0,Pa,0.3415,m3/kmol,0.253015,469.2,K,122.164,0.12142,m3/kmol,0.329126,-149000000.0,J/kmol,-25700000.0,J/kmol,,,,,,,,,,,,,,,,,,417440,-1616.5,5.3948,-0.004348,0.0,206.89,494,J/kmol/K,133732,-592.84,13.3975,4.30271e-05,-2.37e-08,206.9,1500,J/kmol/K,-15.868,1434.8,0.68071,0.0,0,206.89,443.75,Pa.s,0.20237,-0.00024187,0.0,0.0,0.0,206.89,443.75,W/m/K,2.7232e-05,1.257,751.7,0,443.75,1000,W/m/K,,,,,,,,
"2,3-dihydrobenzofuran",637.553,K,3910000.0,Pa,0.3755,m3/kmol,0.277053,461.7,K,120.149,0.11311,m3/kmol,0.806123,-3990000.0,J/kmol,119000000.0,J/kmol,,,,,,,,,,,,,,,,,,417440,-1616.5,5.3948,-0.004348,0.0,206.89,494,J/kmol/K,133732,-592.84,13.3975,4.30271e-05,-2.37e-08,206.9,1500,J/kmol/K,-15.868,1434.8,0.68071,0.0,0,206.89,443.75,Pa.s,0.20237,-0.00024187,0.0,0.0,0.0,206.89,443.75,W/m/K,2.7232e-05,1.257,751.7,0,443.75,1000,W/m/K,,,,,,,,
Propargyl alcohol,588.8,K,6190000.0,Pa,0.19,m3/kmol,0.24,386.65,K,56.0633,0.05933,m3/kmol,0.456664,97200000.0,J/kmol,128000000.0,J/kmol,-1720000000.0,J/kmol,1.2644,0.24046,588.8,0.28571,221.35,588.8,kmol/m3,56.451,-6540.4,-4.7056,7.41e-18,6.0,221.35,588.8,Pa,417440,-1616.5,5.3948,-0.004348,0.0,206.89,494,J/kmol/K,133732,-592.84,13.3975,4.30271e-05,-2.37e-08,206.9,1500,J/kmol/K,-15.868,1434.8,0.68071,0.0,0,206.89,443.75,Pa.s,0.20237,-0.00024187,0.0,0.0,0.0,206.89,443.75,W/m/K,2.7232e-05,1.257,751.7,0,443.75,1000,W/m/K,5.4904E+07,0.57116,-0.62721,0.3888,0,221.35,588.8,J/kmol
"2-butyne-1,4-diol",695.0,K,5860000.0,Pa,0.256,m3/kmol,0.26,511.15,K,86.0892,0.0766001,m3/kmol,1.12976,-118000000.0,J/kmol,-40000000.0,J/kmol,-2070000000.0,J/kmol,0.9149,0.23422,695.0,0.28571,331.0,695.0,kmol/m3,143.6,-16190.0,-16.119,6.81e-18,6.0,331.0,695.0,Pa,417440,-1616.5,5.3948,-0.004348,0.0,206.89,494,J/kmol/K,133732,-592.84,13.3975,4.30271e-05,-2.37e-08,206.9,1500,J/kmol/K,-15.868,1434.8,0.68071,0.0,0,206.89,443.75,Pa.s,0.20237,-0.00024187,0.0,0.0,0.0,206.89,443.75,W/m/K,2.7232e-05,1.257,751.7,0,443.75,1000,W/m/K,1.1366E+08,0.38096,0,0,0,331,695,J/kmol
